dhlabid,title,year,city
200564486,foerstemai,1910,Stavanger
203612271,lofotposten,1910,
201556889,socialdemokraten,1910,Oslo
203303113,buskerudsamtstidendedrammen,1910,
200928340,lillesandsposten,1910,Lillesand
202222996,folketidendetrondheimattennittien,1910,Trondheim
202041006,bergensannoncetidende,1910,
201975087,akershuspostenlillestroemnitten,1910,Lørenskog
204293386,vestoplaendingen,1910,
200044478,agderposten,1910,Arendal
201471461,romsdalsamtstidende,1910,Kristiansund
202601722,nordretrondhjemsamtstidende,1910,
202944495,aftenposten,1910,Oslo
201477484,romsdalsbudstikke,1910,Molde
202059959,breviksposten,1910,Porsgrunn
201035541,morgenbladet,1910,Oslo
202944392,aftenposten,1910,Oslo
202181467,farsundsavis,1910,Farsund
200601737,fredriksstadtilskuer,1910,Fredrikstad
200623930,fremtiden,1910,Drammen
200455135,faedrelandsvennen,1910,Kristiansand
201276457,norgessjoefartstidende,1910,Oslo
200217515,bergenstidende,1910,Bergen
201217546,nordlys,1910,Tromsø
200217541,bergenstidende,1910,Bergen
202410625,hordalandfolkeblad,1910,Kvam
202479257,landmandsposten,1910,
202790759,soendmoerefolkeblad,1910,
201471533,romsdalsamtstidende,1910,Kristiansund
202452036,jarlsbergoglarviksamtstidende,1910,Larvik
201974984,akershuspostenlillestroemnitten,1910,Lørenskog
202023375,bergensaftenbladbergenattenattini,1910,Bergen
200623909,fremtiden,1910,Drammen
203303083,buskerudsamtstidendedrammen,1910,
203621392,buskerudsblad,1910,
203302842,buskerudsamtstidendedrammen,1910,
202944853,aftenposten,1910,Oslo
202424252,indlandsposten,1910,
201979088,akersposten,1910,Oslo
201975025,akershuspostenlillestroemnitten,1910,Lørenskog
202621836,norskkundgjoerelsestidende,1910,Oslo
201309873,oeieren,1910,
202239794,fredrikshaldsavis,1910,
200911609,lillehammertilskuer,1910,Lillehammer
203573568,helgeland,1910,
200602385,fremover,1910,Narvik
203455716,vestfoldsandefjordatten,1910,
203433358,tvedestrandogomegnsavis,1910,
202944223,aftenposten,1910,Oslo
201833915,valdres,1910,Nord-Aurdal
203396245,skotfosavisnittennullen,1910,
200602348,fremover,1910,Narvik
202621992,norskkundgjoerelsestidende,1910,Oslo
202495517,lindesnes,1910,Mandal
200436765,dunderlandsdoelen,1910,Rana
202452178,jarlsbergoglarviksamtstidende,1910,Larvik
200642793,gjengangeren,1910,Horten
203455732,vestfoldsandefjordatten,1910,
203020065,askerogbaerumsbudstikke,1910,Bærum
203358777,oevresmaalenene,1910,Indre Østfold
204679602,Samhold (Gjøvik: 1885-1920) ,1910,Gjøvik
200928407,lillesandsposten,1910,Lillesand
200667846,glommendalen,1910,Kongsvinger
202050561,bodotidende,1910,Bodø
201471443,romsdalsamtstidende,1910,Kristiansund
202944570,aftenposten,1910,Oslo
202040975,bergensannoncetidende,1910,
202479143,landmandsposten,1910,
204241546,gudbrandsdalensfolkebladgjoevik,1910,
200866096,kongsbergdagblad,1910,Kongsberg
202452135,jarlsbergoglarviksamtstidende,1910,Larvik
202522295,more,1910,Volda
201629257,stjordalensblad,1910,Stjørdal
200601579,fredriksstadtilskuer,1910,Fredrikstad
201109478,mosstilskuer,1910,Moss
201950793,agderposten,1910,Arendal
201833911,valdres,1910,Nord-Aurdal
200752873,harstadtidende,1910,Harstad
201979099,akersposten,1910,Oslo
204319081,gjoviksbladattenattifire,1910,
202500324,listerfarsundatten,1910,
202222833,folketidendetrondheimattennittien,1910,Trondheim
202554111,namdalensblad,1910,
201941538,vortlandosloattennitti,1910,Oslo
203656620,oerebladet,1910,
203168003,nordrebergenhusfolkeblad,1910,Kinn
201163463,nordisktidende,1910,
202479148,landmandsposten,1910,
202541223,mossavis,1910,Moss
200217600,bergenstidende,1910,Bergen
200790887,hedemarkensamtstidende,1910,Hamar
203904440,aftenpostenukensnytt,1910,
202222838,folketidendetrondheimattennittien,1910,Trondheim
200027782,agder,1910,
201781562,tromsoestiftstidende,1910,Tromsø
200253715,bratsbergdemokraten,1910,Skien
201194369,nordlandsposten,1910,Bodø
200811234,helgelandsblad,1910,
202944733,aftenposten,1910,Oslo
201276339,norgessjoefartstidende,1910,Oslo
201276403,norgessjoefartstidende,1910,Oslo
203153716,nordenfjeldsktidende,1910,Levanger
200601695,fredriksstadtilskuer,1910,Fredrikstad
201950802,agderposten,1910,Arendal
202642166,oplandenesavis,1910,Hamar
202023513,bergensaftenbladbergenattenattini,1910,Bergen
202500365,listerfarsundatten,1910,
202023306,bergensaftenbladbergenattenattini,1910,Bergen
204318989,gjoviksbladattenattifire,1910,
200886124,kysten,1910,Oslo
202483299,langesundsposten,1910,
201781548,tromsoestiftstidende,1910,Tromsø
203386764,sarpen,1910,
203455722,vestfoldsandefjordatten,1910,
202424304,indlandsposten,1910,
202536136,mossaftenblad,1910,
204319041,gjoviksbladattenattifire,1910,
201775762,tromsoeposten,1910,Tromsø
200602322,fremover,1910,Narvik
203125238,indtrondelagen,1910,
203168046,nordrebergenhusfolkeblad,1910,Kinn
202609842,nordtroenderen,1910,
200623937,fremtiden,1910,Drammen
202242384,fredrikshaldstilskuer,1910,Halden
201573000,sogningen,1910,Sogndal
201152898,nedenaesamtstidende,1910,Risør
202621824,norskkundgjoerelsestidende,1910,Oslo
201993021,arbeidet,1910,Bergen
201950706,agderposten,1910,Arendal
203153715,nordenfjeldsktidende,1910,Levanger
202601753,nordretrondhjemsamtstidende,1910,
202585515,nordlandsposten,1910,Bodø
200358128,dagensnytt,1910,
200623869,fremtiden,1910,Drammen
201035788,morgenbladet,1910,Oslo
201775765,tromsoeposten,1910,Tromsø
201573002,sogningen,1910,Sogndal
203303108,buskerudsamtstidendedrammen,1910,
201556772,socialdemokraten,1910,Oslo
203386763,sarpen,1910,
202556351,namdalensfolkeblad,1910,
201817087,tvedestrandsposten,1910,Tvedestrand
204489707,Samhold (Gjøvik: 1885-1920) ,1910,Gjøvik
202944269,aftenposten,1910,Oslo
200455035,faedrelandsvennen,1910,Kristiansand
202621727,norskkundgjoerelsestidende,1910,Oslo
200311122,dagbladet,1910,Oslo
200790827,hedemarkensamtstidende,1910,Hamar
200564588,foerstemai,1910,Stavanger
203798789,lofotposten,1910,
203455774,vestfoldsandefjordatten,1910,
202585466,nordlandsposten,1910,Bodø
201993046,arbeidet,1910,Bergen
202222805,folketidendetrondheimattennittien,1910,Trondheim
204692596,Bergensposten Fram (Bergen 1892-1893) ,1910,Bergen
200911494,lillehammertilskuer,1910,Lillehammer
202944286,aftenposten,1910,Oslo
201974983,akershuspostenlillestroemnitten,1910,Lørenskog
203463130,vossavis,1910,
203386810,sarpen,1910,
203545203,oerebladet,1910,
202239765,fredrikshaldsavis,1910,
202187147,finmarken,1910,Vardø
200866145,kongsbergdagblad,1910,Kongsberg
203199035,stavangeraftenblad,1910,Stavanger
201316182,ofotenstidende,1910,Narvik
201309803,oeieren,1910,
203483267,oerebladet,1910,
202040771,bergensannoncetidende,1910,
202556298,namdalensfolkeblad,1910,
202568304,nordfjord,1910,
201798077,trondhjemsadresseavis,1910,Trondheim
200866284,kongsbergdagblad,1910,Kongsberg
203125236,indtrondelagen,1910,
204740160,Laagendalsposten ,1910,Kongsberg
202424299,indlandsposten,1910,
203411674,soloerposten,1910,
201035504,morgenbladet,1910,Oslo
200676348,grimstadadressetiden,1910,Grimstad
203303084,buskerudsamtstidendedrammen,1910,
202621954,norskkundgjoerelsestidende,1910,Oslo
203165864,nordrebergenhusamtstidende,1910,Kinn
202452206,jarlsbergoglarviksamtstidende,1910,Larvik
200358253,dagensnytt,1910,
203185180,ranenstidende,1910,Hemnes
200831124,indresmaalenenesavis,1910,Indre Østfold
202187138,finmarken,1910,Vardø
200886207,kysten,1910,Oslo
203117119,indheredsposten,1910,
203117029,indheredsposten,1910,
200885971,kysten,1910,Oslo
201276563,norgessjoefartstidende,1910,Oslo
203430401,tunsbergeren,1910,
201309874,oeieren,1910,
201594645,sognstidend,1910,Sogndal
200911550,lillehammertilskuer,1910,Lillehammer
202239764,fredrikshaldsavis,1910,
201967707,akershus,1910,Lillestrøm
202040974,bergensannoncetidende,1910,
204293362,vestoplaendingen,1910,
201833925,valdres,1910,Nord-Aurdal
202023285,bergensaftenbladbergenattenattini,1910,Bergen
201276398,norgessjoefartstidende,1910,Oslo
203302970,buskerudsamtstidendedrammen,1910,
201477542,romsdalsbudstikke,1910,Molde
200310965,dagbladet,1910,Oslo
201556972,socialdemokraten,1910,Oslo
202474831,kristiansundspostenatten,1910,
202541155,mossavis,1910,Moss
200831038,indresmaalenenesavis,1910,Indre Østfold
202495481,lindesnes,1910,Mandal
203411620,soloerposten,1910,
203433326,tvedestrandogomegnsavis,1910,
200866319,kongsbergdagblad,1910,Kongsberg
200811156,helgelandsblad,1910,
203302948,buskerudsamtstidendedrammen,1910,
202474863,kristiansundspostenatten,1910,
202579981,nordlandsfolkeblad,1910,
202944544,aftenposten,1910,Oslo
200601472,fredriksstadtilskuer,1910,Fredrikstad
202495596,lindesnes,1910,Mandal
202158963,egersundsposten,1910,Eigersund
202479165,landmandsposten,1910,
202756579,romsdalstidende,1910,
201109493,mosstilskuer,1910,Moss
200752856,harstadtidende,1910,Harstad
202944519,aftenposten,1910,Oslo
202500337,listerfarsundatten,1910,
200564524,foerstemai,1910,Stavanger
201035313,morgenbladet,1910,Oslo
203632938,helgeland,1910,
203411632,soloerposten,1910,
200253819,bratsbergdemokraten,1910,Skien
202159006,egersundsposten,1910,Eigersund
201781532,tromsoestiftstidende,1910,Tromsø
202621853,norskkundgjoerelsestidende,1910,Oslo
203971351,aftenpostenukensnytt,1910,
202944893,aftenposten,1910,Oslo
203198776,stavangeraftenblad,1910,Stavanger
202050581,bodotidende,1910,Bodø
201194349,nordlandsposten,1910,Bodø
203386833,sarpen,1910,
203198784,stavangeraftenblad,1910,Stavanger
200642840,gjengangeren,1910,Horten
202040714,bergensannoncetidende,1910,
201163503,nordisktidende,1910,
203165890,nordrebergenhusamtstidende,1910,Kinn
203455605,vestfoldsandefjordatten,1910,
200310886,dagbladet,1910,Oslo
202944867,aftenposten,1910,Oslo
200667761,glommendalen,1910,Kongsvinger
202541152,mossavis,1910,Moss
204318996,gjoviksbladattenattifire,1910,
201276530,norgessjoefartstidende,1910,Oslo
203654288,oerebladet,1910,
202023342,bergensaftenbladbergenattenattini,1910,Bergen
203756439,nordland,1910,
202222798,folketidendetrondheimattennittien,1910,Trondheim
201817103,tvedestrandsposten,1910,Tvedestrand
201967615,akershus,1910,Lillestrøm
201797667,trondhjemsadresseavis,1910,Trondheim
202585490,nordlandsposten,1910,Bodø
203463172,vossavis,1910,
204241609,gudbrandsdalensfolkebladgjoevik,1910,
201035820,morgenbladet,1910,Oslo
200831042,indresmaalenenesavis,1910,Indre Østfold
200311196,dagbladet,1910,Oslo
201170449,nordkapp,1910,
202944868,aftenposten,1910,Oslo
202944810,aftenposten,1910,Oslo
200831013,indresmaalenenesavis,1910,Indre Østfold
203728170,fjellposten,1910,
202944440,aftenposten,1910,Oslo
200564469,foerstemai,1910,Stavanger
201594618,sognstidend,1910,Sogndal
201477503,romsdalsbudstikke,1910,Molde
201833867,valdres,1910,Nord-Aurdal
202495549,lindesnes,1910,Mandal
201594582,sognstidend,1910,Sogndal
202944638,aftenposten,1910,Oslo
202023329,bergensaftenbladbergenattenattini,1910,Bergen
202621715,norskkundgjoerelsestidende,1910,Oslo
202187122,finmarken,1910,Vardø
203396254,skotfosavisnittennullen,1910,
201217563,nordlys,1910,Tromsø
203508876,buskerudsblad,1910,
202474933,kristiansundspostenatten,1910,
200811151,helgelandsblad,1910,
202181459,farsundsavis,1910,Farsund
201505845,sandefjordsblad,1910,Sandefjord
200790933,hedemarkensamtstidende,1910,Hamar
200885982,kysten,1910,Oslo
203117032,indheredsposten,1910,
200217523,bergenstidende,1910,Bergen
200831040,indresmaalenenesavis,1910,Indre Østfold
201505939,sandefjordsblad,1910,Sandefjord
200253717,bratsbergdemokraten,1910,Skien
202944939,aftenposten,1910,Oslo
202495576,lindesnes,1910,Mandal
201950758,agderposten,1910,Arendal
201967723,akershus,1910,Lillestrøm
202040930,bergensannoncetidende,1910,
201452084,romerikesblad,1910,Lillestrøm
202187099,finmarken,1910,Vardø
201600254,solungen,1910,Kongsvinger
201471471,romsdalsamtstidende,1910,Kristiansund
201505970,sandefjordsblad,1910,Sandefjord
200601669,fredriksstadtilskuer,1910,Fredrikstad
202452204,jarlsbergoglarviksamtstidende,1910,Larvik
203455734,vestfoldsandefjordatten,1910,
203689997,buskerudsblad,1910,
204319101,gjoviksbladattenattifire,1910,
200602384,fremover,1910,Narvik
200694063,gudbrandsdoelen,1910,Lillehammer
201781530,tromsoestiftstidende,1910,Tromsø
200310993,dagbladet,1910,Oslo
200886139,kysten,1910,Oslo
202040698,bergensannoncetidende,1910,
201276406,norgessjoefartstidende,1910,Oslo
203455755,vestfoldsandefjordatten,1910,
200866254,kongsbergdagblad,1910,Kongsberg
200027867,agder,1910,
201217541,nordlys,1910,Tromsø
200866243,kongsbergdagblad,1910,Kongsberg
202302512,grimstadposten,1910,
201194372,nordlandsposten,1910,Bodø
201993031,arbeidet,1910,Bergen
201992890,arbeidet,1910,Bergen
202500291,listerfarsundatten,1910,
202642266,oplandenesavis,1910,Hamar
203168007,nordrebergenhusfolkeblad,1910,Kinn
200044459,agderposten,1910,Arendal
203153834,nordenfjeldsktidende,1910,Levanger
202242357,fredrikshaldstilskuer,1910,Halden
201505880,sandefjordsblad,1910,Sandefjord
202568293,nordfjord,1910,
200525821,finnmarksposten,1910,Nordkapp
200623881,fremtiden,1910,Drammen
201775807,tromsoeposten,1910,Tromsø
204637326,unglyden ,1910,Voss
200562525,flekkefjordsposten,1910,
203303126,buskerudsamtstidendedrammen,1910,
201471524,romsdalsamtstidende,1910,Kristiansund
201452164,romerikesblad,1910,Lillestrøm
200601683,fredriksstadtilskuer,1910,Fredrikstad
202410717,hordalandfolkeblad,1910,Kvam
202944825,aftenposten,1910,Oslo
203455666,vestfoldsandefjordatten,1910,
200885914,kysten,1910,Oslo
202474926,kristiansundspostenatten,1910,
201600229,solungen,1910,Kongsvinger
200694095,gudbrandsdoelen,1910,Lillehammer
203999226,lofotposten,1910,
203646790,lofotposten,1910,
201992878,arbeidet,1910,Bergen
203463212,vossavis,1910,
201560811,soendretrondhjemsamtstidende,1910,Orkdal
202556322,namdalensfolkeblad,1910,
203430369,tunsbergeren,1910,
204531388,unglyden ,1910,Voss
203198921,stavangeraftenblad,1910,Stavanger
203751370,aftenpostenukensnytt,1910,
202012917,baerumogaskersblad,1910,
203153783,nordenfjeldsktidende,1910,Levanger
201035329,morgenbladet,1910,Oslo
200027910,agder,1910,
201629237,stjordalensblad,1910,Stjørdal
200928405,lillesandsposten,1910,Lillesand
201993081,arbeidet,1910,Bergen
202786835,skandinaven,1910,
200562475,flekkefjordsposten,1910,
201035786,morgenbladet,1910,Oslo
201967611,akershus,1910,Lillestrøm
201556829,socialdemokraten,1910,Oslo
200623911,fremtiden,1910,Drammen
202621798,norskkundgjoerelsestidende,1910,Oslo
200831020,indresmaalenenesavis,1910,Indre Østfold
201600228,solungen,1910,Kongsvinger
200831108,indresmaalenenesavis,1910,Indre Østfold
201572927,sogningen,1910,Sogndal
202601718,nordretrondhjemsamtstidende,1910,
201797897,trondhjemsadresseavis,1910,Trondheim
202522294,more,1910,Volda
202944833,aftenposten,1910,Oslo
202642198,oplandenesavis,1910,Hamar
202621799,norskkundgjoerelsestidende,1910,Oslo
203117064,indheredsposten,1910,
202452079,jarlsbergoglarviksamtstidende,1910,Larvik
202040823,bergensannoncetidende,1910,
203396227,skotfosavisnittennullen,1910,
201798014,trondhjemsadresseavis,1910,Trondheim
202944793,aftenposten,1910,Oslo
203302978,buskerudsamtstidendedrammen,1910,
201035578,morgenbladet,1910,Oslo
203848284,buskerudsblad,1910,
204293403,vestoplaendingen,1910,
201594607,sognstidend,1910,Sogndal
202786840,skandinaven,1910,
200885959,kysten,1910,Oslo
202424342,indlandsposten,1910,
200667754,glommendalen,1910,Kongsvinger
204319098,gjoviksbladattenattifire,1910,
202302462,grimstadposten,1910,
202786905,skandinaven,1910,
202495521,lindesnes,1910,Mandal
200752863,harstadtidende,1910,Harstad
201775741,tromsoeposten,1910,Tromsø
202642194,oplandenesavis,1910,Hamar
201452158,romerikesblad,1910,Lillestrøm
200623931,fremtiden,1910,Drammen
202495545,lindesnes,1910,Mandal
203679481,salten,1910,
204526233,Hamar Stiftstidende ,1910,Hamar
200217328,bergenstidende,1910,Bergen
201967733,akershus,1910,Lillestrøm
203167978,nordrebergenhusfolkeblad,1910,Kinn
203386792,sarpen,1910,
203386880,sarpen,1910,
200358206,dagensnytt,1910,
200044497,agderposten,1910,Arendal
200253718,bratsbergdemokraten,1910,Skien
202040814,bergensannoncetidende,1910,
200866110,kongsbergdagblad,1910,Kongsberg
201035531,morgenbladet,1910,Oslo
203358791,oevresmaalenene,1910,Indre Østfold
200601508,fredriksstadtilskuer,1910,Fredrikstad
203589490,buskerudsblad,1910,
203125191,indtrondelagen,1910,
201316134,ofotenstidende,1910,Narvik
202222712,folketidendetrondheimattennittien,1910,Trondheim
200311191,dagbladet,1910,Oslo
201797720,trondhjemsadresseavis,1910,Trondheim
204052087,nordland,1910,
203411570,soloerposten,1910,
201035643,morgenbladet,1910,Oslo
201967677,akershus,1910,Lillestrøm
203303133,buskerudsamtstidendedrammen,1910,
204319062,gjoviksbladattenattifire,1910,
200217644,bergenstidende,1910,Bergen
200310882,dagbladet,1910,Oslo
201629260,stjordalensblad,1910,Stjørdal
202601730,nordretrondhjemsamtstidende,1910,
204466267,Samhold (Gjøvik: 1885-1920) ,1910,Gjøvik
202541091,mossavis,1910,Moss
201975114,akershuspostenlillestroemnitten,1910,Lørenskog
201781516,tromsoestiftstidende,1910,Tromsø
202790719,soendmoerefolkeblad,1910,
203165840,nordrebergenhusamtstidende,1910,Kinn
202159026,egersundsposten,1910,Eigersund
201975044,akershuspostenlillestroemnitten,1910,Lørenskog
201600244,solungen,1910,Kongsvinger
201556793,socialdemokraten,1910,Oslo
202589649,nordlendingen,1910,
200525816,finnmarksposten,1910,Nordkapp
201035772,morgenbladet,1910,Oslo
202786858,skandinaven,1910,
200564539,foerstemai,1910,Stavanger
200790830,hedemarkensamtstidende,1910,Hamar
203198778,stavangeraftenblad,1910,Stavanger
201452139,romerikesblad,1910,Lillestrøm
201035336,morgenbladet,1910,Oslo
202158985,egersundsposten,1910,Eigersund
202505803,listerogmandalsamtstidendeogadresseavis,1910,Lindesnes
201833977,valdres,1910,Nord-Aurdal
201560824,soendretrondhjemsamtstidende,1910,Orkdal
201471502,romsdalsamtstidende,1910,Kristiansund
202521440,moldeannonceblad,1910,
202786882,skandinaven,1910,
202944765,aftenposten,1910,Oslo
201941507,vortlandosloattennitti,1910,Oslo
201967713,akershus,1910,Lillestrøm
203478804,warensardne,1910,
200886183,kysten,1910,Oslo
203358804,oevresmaalenene,1910,Indre Østfold
200455081,faedrelandsvennen,1910,Kristiansand
201556923,socialdemokraten,1910,Oslo
200866165,kongsbergdagblad,1910,Kongsberg
202786818,skandinaven,1910,
200928357,lillesandsposten,1910,Lillesand
201775809,tromsoeposten,1910,Tromsø
202479128,landmandsposten,1910,
202541115,mossavis,1910,Moss
201973543,akershusfolkebladdroebak,1910,Oslo
202944289,aftenposten,1910,Oslo
202181437,farsundsavis,1910,Farsund
202500316,listerfarsundatten,1910,
202944648,aftenposten,1910,Oslo
204580052,Hamar Stiftstidende ,1910,Hamar
202302553,grimstadposten,1910,
201560806,soendretrondhjemsamtstidende,1910,Orkdal
200564519,foerstemai,1910,Stavanger
200752882,harstadtidende,1910,Harstad
203198888,stavangeraftenblad,1910,Stavanger
200217294,bergenstidende,1910,Bergen
200311106,dagbladet,1910,Oslo
202536131,mossaftenblad,1910,
201993043,arbeidet,1910,Bergen
200454976,faedrelandsvennen,1910,Kristiansand
201975053,akershuspostenlillestroemnitten,1910,Lørenskog
204732193,Laagendalsposten ,1910,Kongsberg
203918931,aftenpostenukensnytt,1910,
202059878,breviksposten,1910,Porsgrunn
200455083,faedrelandsvennen,1910,Kristiansand
203970427,aftenpostenukensnytt,1910,
202579935,nordlandsfolkeblad,1910,
202554134,namdalensblad,1910,
202041027,bergensannoncetidende,1910,
200044451,agderposten,1910,Arendal
200044389,agderposten,1910,Arendal
203779294,fjellposten,1910,
201797857,trondhjemsadresseavis,1910,Trondheim
200928343,lillesandsposten,1910,Lillesand
201276479,norgessjoefartstidende,1910,Oslo
204667342,Samhold (Gjøvik: 1885-1920) ,1910,Gjøvik
201194341,nordlandsposten,1910,Bodø
202479231,landmandsposten,1910,
200831058,indresmaalenenesavis,1910,Indre Østfold
203165806,nordrebergenhusamtstidende,1910,Kinn
200564577,foerstemai,1910,Stavanger
203198797,stavangeraftenblad,1910,Stavanger
200358242,dagensnytt,1910,
202059989,breviksposten,1910,Porsgrunn
201975027,akershuspostenlillestroemnitten,1910,Lørenskog
201600209,solungen,1910,Kongsvinger
201035805,morgenbladet,1910,Oslo
201594633,sognstidend,1910,Sogndal
202242337,fredrikshaldstilskuer,1910,Halden
202556329,namdalensfolkeblad,1910,
204737264,Laagendalsposten ,1910,Kongsberg
202302528,grimstadposten,1910,
200642952,gjengangeren,1910,Horten
202023470,bergensaftenbladbergenattenattini,1910,Bergen
201035758,morgenbladet,1910,Oslo
200676458,grimstadadressetiden,1910,Grimstad
203768192,aftenpostenukensnytt,1910,
200564508,foerstemai,1910,Stavanger
201217581,nordlys,1910,Tromsø
202222859,folketidendetrondheimattennittien,1910,Trondheim
201797715,trondhjemsadresseavis,1910,Trondheim
201833974,valdres,1910,Nord-Aurdal
200217571,bergenstidende,1910,Bergen
202944783,aftenposten,1910,Oslo
203411597,soloerposten,1910,
201993127,arbeidet,1910,Bergen
202944679,aftenposten,1910,Oslo
201345591,osterdolen,1910,Tynset
201629222,stjordalensblad,1910,Stjørdal
201798087,trondhjemsadresseavis,1910,Trondheim
201973561,akershusfolkebladdroebak,1910,Oslo
203829472,buskerudsblad,1910,
200911523,lillehammertilskuer,1910,Lillehammer
202521426,moldeannonceblad,1910,
200790945,hedemarkensamtstidende,1910,Hamar
203802734,helgeland,1910,
203455756,vestfoldsandefjordatten,1910,
203730898,helgeland,1910,
201775813,tromsoeposten,1910,Tromsø
201434735,rogalandnittensju,1910,Stavanger
202474869,kristiansundspostenatten,1910,
202483286,langesundsposten,1910,
203153760,nordenfjeldsktidende,1910,Levanger
201975074,akershuspostenlillestroemnitten,1910,Lørenskog
202222856,folketidendetrondheimattennittien,1910,Trondheim
203455769,vestfoldsandefjordatten,1910,
200866121,kongsbergdagblad,1910,Kongsberg
201775755,tromsoeposten,1910,Tromsø
204407819,Samhold (Gjøvik: 1885-1920) ,1910,Gjøvik
202474845,kristiansundspostenatten,1910,
201600184,solungen,1910,Kongsvinger
201950762,agderposten,1910,Arendal
201152845,nedenaesamtstidende,1910,Risør
202239772,fredrikshaldsavis,1910,
201309835,oeieren,1910,
203629865,buskerudsblad,1910,
201152808,nedenaesamtstidende,1910,Risør
202944280,aftenposten,1910,Oslo
202479134,landmandsposten,1910,
200044391,agderposten,1910,Arendal
202944647,aftenposten,1910,Oslo
200217473,bergenstidende,1910,Bergen
202023372,bergensaftenbladbergenattenattini,1910,Bergen
202187060,finmarken,1910,Vardø
202944270,aftenposten,1910,Oslo
200562561,flekkefjordsposten,1910,
204151387,fjordenestidende,1910,
202790695,soendmoerefolkeblad,1910,
203020046,askerogbaerumsbudstikke,1910,Bærum
200564448,foerstemai,1910,Stavanger
203199005,stavangeraftenblad,1910,Stavanger
201217633,nordlys,1910,Tromsø
203153764,nordenfjeldsktidende,1910,Levanger
203728749,narviktidende,1910,
202944327,aftenposten,1910,Oslo
202223009,folketidendetrondheimattennittien,1910,Trondheim
203125267,indtrondelagen,1910,
204151346,fjordenestidende,1910,
200866097,kongsbergdagblad,1910,Kongsberg
202642208,oplandenesavis,1910,Hamar
201345572,osterdolen,1910,Tynset
201572956,sogningen,1910,Sogndal
203386772,sarpen,1910,
202790712,soendmoerefolkeblad,1910,
201560859,soendretrondhjemsamtstidende,1910,Orkdal
202222745,folketidendetrondheimattennittien,1910,Trondheim
200676396,grimstadadressetiden,1910,Grimstad
202756629,romsdalstidende,1910,
200866305,kongsbergdagblad,1910,Kongsberg
201979086,akersposten,1910,Oslo
202609758,nordtroenderen,1910,
202302472,grimstadposten,1910,
203020019,askerogbaerumsbudstikke,1910,Bærum
202452109,jarlsbergoglarviksamtstidende,1910,Larvik
203125167,indtrondelagen,1910,
201477461,romsdalsbudstikke,1910,Molde
200601758,fredriksstadtilskuer,1910,Fredrikstad
201471469,romsdalsamtstidende,1910,Kristiansund
203019977,askerogbaerumsbudstikke,1910,Bærum
202554107,namdalensblad,1910,
201035846,morgenbladet,1910,Oslo
202041024,bergensannoncetidende,1910,
200790834,hedemarkensamtstidende,1910,Hamar
201345594,osterdolen,1910,Tynset
203455777,vestfoldsandefjordatten,1910,
200601482,fredriksstadtilskuer,1910,Fredrikstad
204662308,Hamar Stiftstidende ,1910,Hamar
201967712,akershus,1910,Lillestrøm
201345482,osterdolen,1910,Tynset
200752892,harstadtidende,1910,Harstad
204319060,gjoviksbladattenattifire,1910,
200310832,dagbladet,1910,Oslo
202609827,nordtroenderen,1910,
202040913,bergensannoncetidende,1910,
201992850,arbeidet,1910,Bergen
201979054,akersposten,1910,Oslo
200676479,grimstadadressetiden,1910,Grimstad
200525843,finnmarksposten,1910,Nordkapp
200044441,agderposten,1910,Arendal
203020047,askerogbaerumsbudstikke,1910,Bærum
201035317,morgenbladet,1910,Oslo
202023505,bergensaftenbladbergenattenattini,1910,Bergen
200831017,indresmaalenenesavis,1910,Indre Østfold
200911612,lillehammertilskuer,1910,Lillehammer
201950835,agderposten,1910,Arendal
202944328,aftenposten,1910,Oslo
204554449,Samhold (Gjøvik: 1885-1920) ,1910,Gjøvik
200811165,helgelandsblad,1910,
202621740,norskkundgjoerelsestidende,1910,Oslo
200911604,lillehammertilskuer,1910,Lillehammer
201276583,norgessjoefartstidende,1910,Oslo
201600216,solungen,1910,Kongsvinger
203303069,buskerudsamtstidendedrammen,1910,
202505705,listerogmandalsamtstidendeogadresseavis,1910,Lindesnes
201477537,romsdalsbudstikke,1910,Molde
202474833,kristiansundspostenatten,1910,
202589642,nordlendingen,1910,
202222848,folketidendetrondheimattennittien,1910,Trondheim
201505976,sandefjordsblad,1910,Sandefjord
202944734,aftenposten,1910,Oslo
204731783,Laagendalsposten ,1910,Kongsberg
201109446,mosstilskuer,1910,Moss
201797852,trondhjemsadresseavis,1910,Trondheim
202786857,skandinaven,1910,
202568245,nordfjord,1910,
201797848,trondhjemsadresseavis,1910,Trondheim
200455016,faedrelandsvennen,1910,Kristiansand
202302509,grimstadposten,1910,
202483325,langesundsposten,1910,
203455847,vestfoldsandefjordatten,1910,
201556830,socialdemokraten,1910,Oslo
200601531,fredriksstadtilskuer,1910,Fredrikstad
202609803,nordtroenderen,1910,
202621904,norskkundgjoerelsestidende,1910,Oslo
203303122,buskerudsamtstidendedrammen,1910,
203153711,nordenfjeldsktidende,1910,Levanger
203198801,stavangeraftenblad,1910,Stavanger
202222769,folketidendetrondheimattennittien,1910,Trondheim
202621899,norskkundgjoerelsestidende,1910,Oslo
204566760,Samhold (Gjøvik: 1885-1920) ,1910,Gjøvik
203489833,lofotposten,1910,
200027871,agder,1910,
201276356,norgessjoefartstidende,1910,Oslo
200623974,fremtiden,1910,Drammen
200642893,gjengangeren,1910,Horten
200311115,dagbladet,1910,Oslo
203198809,stavangeraftenblad,1910,Stavanger
203455683,vestfoldsandefjordatten,1910,
200217643,bergenstidende,1910,Bergen
201572971,sogningen,1910,Sogndal
200358144,dagensnytt,1910,
203733719,aftenpostenukensnytt,1910,
203455642,vestfoldsandefjordatten,1910,
201477470,romsdalsbudstikke,1910,Molde
200311051,dagbladet,1910,Oslo
203153763,nordenfjeldsktidende,1910,Levanger
200866230,kongsbergdagblad,1910,Kongsberg
202944655,aftenposten,1910,Oslo
203645525,salten,1910,
203433372,tvedestrandogomegnsavis,1910,
201035746,morgenbladet,1910,Oslo
203726386,helgeland,1910,
201967680,akershus,1910,Lillestrøm
202410631,hordalandfolkeblad,1910,Kvam
201600226,solungen,1910,Kongsvinger
204717511,Laagendalsposten ,1910,Kongsberg
204641708,Samhold (Gjøvik: 1885-1920) ,1910,Gjøvik
201194330,nordlandsposten,1910,Bodø
201316139,ofotenstidende,1910,Narvik
200790826,hedemarkensamtstidende,1910,Hamar
203455764,vestfoldsandefjordatten,1910,
202944214,aftenposten,1910,Oslo
203430424,tunsbergeren,1910,
201109490,mosstilskuer,1910,Moss
202642206,oplandenesavis,1910,Hamar
204241610,gudbrandsdalensfolkebladgjoevik,1910,
204293468,vestoplaendingen,1910,
202222793,folketidendetrondheimattennittien,1910,Trondheim
201992857,arbeidet,1910,Bergen
202944205,aftenposten,1910,Oslo
201556844,socialdemokraten,1910,Oslo
203125263,indtrondelagen,1910,
200752862,harstadtidende,1910,Harstad
204319022,gjoviksbladattenattifire,1910,
203393458,senjensbladnittennullsju,1910,
203386822,sarpen,1910,
201345581,osterdolen,1910,Tynset
201556986,socialdemokraten,1910,Oslo
201309877,oeieren,1910,
201035436,morgenbladet,1910,Oslo
204640659,Samhold (Gjøvik: 1885-1920) ,1910,Gjøvik
200866179,kongsbergdagblad,1910,Kongsberg
200455151,faedrelandsvennen,1910,Kristiansand
202023314,bergensaftenbladbergenattenattini,1910,Bergen
202239796,fredrikshaldsavis,1910,
202187143,finmarken,1910,Vardø
202023451,bergensaftenbladbergenattenattini,1910,Bergen
201556866,socialdemokraten,1910,Oslo
201979044,akersposten,1910,Oslo
200866233,kongsbergdagblad,1910,Kongsberg
201775742,tromsoeposten,1910,Tromsø
202944379,aftenposten,1910,Oslo
202410633,hordalandfolkeblad,1910,Kvam
203455838,vestfoldsandefjordatten,1910,
203582395,helgeland,1910,
202944244,aftenposten,1910,Oslo
203746778,helgeland,1910,
201035529,morgenbladet,1910,Oslo
202944720,aftenposten,1910,Oslo
200217362,bergenstidende,1910,Bergen
200217455,bergenstidende,1910,Bergen
200562537,flekkefjordsposten,1910,
204241508,gudbrandsdalensfolkebladgjoevik,1910,
201276350,norgessjoefartstidende,1910,Oslo
202521378,moldeannonceblad,1910,
200694007,gudbrandsdoelen,1910,Lillehammer
200676385,grimstadadressetiden,1910,Grimstad
201973550,akershusfolkebladdroebak,1910,Oslo
200253845,bratsbergdemokraten,1910,Skien
202040818,bergensannoncetidende,1910,
203572399,lofotposten,1910,
201276472,norgessjoefartstidende,1910,Oslo
203165887,nordrebergenhusamtstidende,1910,Kinn
201109454,mosstilskuer,1910,Moss
201594639,sognstidend,1910,Sogndal
203433391,tvedestrandogomegnsavis,1910,
201316107,ofotenstidende,1910,Narvik
202302557,grimstadposten,1910,
200311150,dagbladet,1910,Oslo
203430403,tunsbergeren,1910,
203855620,oerebladet,1910,
202023330,bergensaftenbladbergenattenattini,1910,Bergen
200642991,gjengangeren,1910,Horten
200694018,gudbrandsdoelen,1910,Lillehammer
202521449,moldeannonceblad,1910,
201217552,nordlys,1910,Tromsø
202790717,soendmoerefolkeblad,1910,
200311198,dagbladet,1910,Oslo
200790852,hedemarkensamtstidende,1910,Hamar
200676421,grimstadadressetiden,1910,Grimstad
201035853,morgenbladet,1910,Oslo
203744925,oerebladet,1910,
203411652,soloerposten,1910,
202568251,nordfjord,1910,
200667859,glommendalen,1910,Kongsvinger
202944353,aftenposten,1910,Oslo
201600240,solungen,1910,Kongsvinger
202556318,namdalensfolkeblad,1910,
200911616,lillehammertilskuer,1910,Lillehammer
201556942,socialdemokraten,1910,Oslo
200928322,lillesandsposten,1910,Lillesand
201276507,norgessjoefartstidende,1910,Oslo
201992863,arbeidet,1910,Bergen
201573010,sogningen,1910,Sogndal
202944477,aftenposten,1910,Oslo
201781509,tromsoestiftstidende,1910,Tromsø
200455051,faedrelandsvennen,1910,Kristiansand
200642928,gjengangeren,1910,Horten
202944387,aftenposten,1910,Oslo
201471574,romsdalsamtstidende,1910,Kristiansund
203125180,indtrondelagen,1910,
201979043,akersposten,1910,Oslo
203563800,buskerudsblad,1910,
201967620,akershus,1910,Lillestrøm
201600305,solungen,1910,Kongsvinger
203303102,buskerudsamtstidendedrammen,1910,
201975112,akershuspostenlillestroemnitten,1910,Lørenskog
201345472,osterdolen,1910,Tynset
201797777,trondhjemsadresseavis,1910,Trondheim
203853073,oerebladet,1910,
202554201,namdalensblad,1910,
200311140,dagbladet,1910,Oslo
200790939,hedemarkensamtstidende,1910,Hamar
200911569,lillehammertilskuer,1910,Lillehammer
202159010,egersundsposten,1910,Eigersund
203433393,tvedestrandogomegnsavis,1910,
201967612,akershus,1910,Lillestrøm
201572964,sogningen,1910,Sogndal
202158993,egersundsposten,1910,Eigersund
200044505,agderposten,1910,Arendal
201109486,mosstilskuer,1910,Moss
201557041,socialdemokraten,1910,Oslo
204293429,vestoplaendingen,1910,
203680749,oerebladet,1910,
201629258,stjordalensblad,1910,Stjørdal
200044477,agderposten,1910,Arendal
202222979,folketidendetrondheimattennittien,1910,Trondheim
200217480,bergenstidende,1910,Bergen
201600188,solungen,1910,Kongsvinger
202541219,mossavis,1910,Moss
202541134,mossavis,1910,Moss
200525812,finnmarksposten,1910,Nordkapp
201276584,norgessjoefartstidende,1910,Oslo
203198955,stavangeraftenblad,1910,Stavanger
200866206,kongsbergdagblad,1910,Kongsberg
202505699,listerogmandalsamtstidendeogadresseavis,1910,Lindesnes
204593230,Samhold (Gjøvik: 1885-1920) ,1910,Gjøvik
204241567,gudbrandsdalensfolkebladgjoevik,1910,
203358759,oevresmaalenene,1910,Indre Østfold
201975043,akershuspostenlillestroemnitten,1910,Lørenskog
200831096,indresmaalenenesavis,1910,Indre Østfold
200311020,dagbladet,1910,Oslo
201035498,morgenbladet,1910,Oslo
202222814,folketidendetrondheimattennittien,1910,Trondheim
201993022,arbeidet,1910,Bergen
202756616,romsdalstidende,1910,
204319110,gjoviksbladattenattifire,1910,
200564551,foerstemai,1910,Stavanger
203358785,oevresmaalenene,1910,Indre Østfold
201572965,sogningen,1910,Sogndal
201941504,vortlandosloattennitti,1910,Oslo
202944401,aftenposten,1910,Oslo
203433380,tvedestrandogomegnsavis,1910,
200601532,fredriksstadtilskuer,1910,Fredrikstad
200253818,bratsbergdemokraten,1910,Skien
201600296,solungen,1910,Kongsvinger
203515886,helgeland,1910,
203455731,vestfoldsandefjordatten,1910,
201950821,agderposten,1910,Arendal
202424330,indlandsposten,1910,
200217498,bergenstidende,1910,Bergen
201556827,socialdemokraten,1910,Oslo
202786865,skandinaven,1910,
203745365,aftenpostenukensnytt,1910,
202609819,nordtroenderen,1910,
202060022,breviksposten,1910,Porsgrunn
202944865,aftenposten,1910,Oslo
202181439,farsundsavis,1910,Farsund
201276393,norgessjoefartstidende,1910,Oslo
203303142,buskerudsamtstidendedrammen,1910,
204241602,gudbrandsdalensfolkebladgjoevik,1910,
202621765,norskkundgjoerelsestidende,1910,Oslo
203455650,vestfoldsandefjordatten,1910,
200310935,dagbladet,1910,Oslo
200455125,faedrelandsvennen,1910,Kristiansand
204318995,gjoviksbladattenattifire,1910,
200525818,finnmarksposten,1910,Nordkapp
201993154,arbeidet,1910,Bergen
200885994,kysten,1910,Oslo
201600270,solungen,1910,Kongsvinger
201309801,oeieren,1910,
200601479,fredriksstadtilskuer,1910,Fredrikstad
203386856,sarpen,1910,
204293355,vestoplaendingen,1910,
202050568,bodotidende,1910,Bodø
202944906,aftenposten,1910,Oslo
203718873,helgeland,1910,
201797795,trondhjemsadresseavis,1910,Trondheim
204553079,Samhold (Gjøvik: 1885-1920) ,1910,Gjøvik
200217608,bergenstidende,1910,Bergen
201035453,morgenbladet,1910,Oslo
202040701,bergensannoncetidende,1910,
200928330,lillesandsposten,1910,Lillesand
201035900,morgenbladet,1910,Oslo
202944474,aftenposten,1910,Oslo
201309861,oeieren,1910,
201477463,romsdalsbudstikke,1910,Molde
201035534,morgenbladet,1910,Oslo
203455858,vestfoldsandefjordatten,1910,
203806993,narviktidende,1910,
204506410,Hamar Stiftstidende ,1910,Hamar
202483289,langesundsposten,1910,
203965023,lofotposten,1910,
203303087,buskerudsamtstidendedrammen,1910,
203455721,vestfoldsandefjordatten,1910,
203740604,buskerudsblad,1910,
200601460,fredriksstadtilskuer,1910,Fredrikstad
200601635,fredriksstadtilskuer,1910,Fredrikstad
200601666,fredriksstadtilskuer,1910,Fredrikstad
204734215,Laagendalsposten ,1910,Kongsberg
202944507,aftenposten,1910,Oslo
201941516,vortlandosloattennitti,1910,Oslo
201345538,osterdolen,1910,Tynset
202944943,aftenposten,1910,Oslo
200217562,bergenstidende,1910,Bergen
202495519,lindesnes,1910,Mandal
200358140,dagensnytt,1910,
201594576,sognstidend,1910,Sogndal
202158984,egersundsposten,1910,Eigersund
203607777,helgeland,1910,
202944265,aftenposten,1910,Oslo
204670862,Bergensposten Fram (Bergen 1892-1893) ,1910,Bergen
203125227,indtrondelagen,1910,
202500295,listerfarsundatten,1910,
201572985,sogningen,1910,Sogndal
202483360,langesundsposten,1910,
200911486,lillehammertilskuer,1910,Lillehammer
202556383,namdalensfolkeblad,1910,
200564534,foerstemai,1910,Stavanger
201775826,tromsoeposten,1910,Tromsø
202041001,bergensannoncetidende,1910,
201452104,romerikesblad,1910,Lillestrøm
203165889,nordrebergenhusamtstidende,1910,Kinn
200217624,bergenstidende,1910,Bergen
202040767,bergensannoncetidende,1910,
200886106,kysten,1910,Oslo
202040721,bergensannoncetidende,1910,
203386900,sarpen,1910,
203153791,nordenfjeldsktidende,1910,Levanger
201556865,socialdemokraten,1910,Oslo
203185182,ranenstidende,1910,Hemnes
201572954,sogningen,1910,Sogndal
200752821,harstadtidende,1910,Harstad
203167980,nordrebergenhusfolkeblad,1910,Kinn
203386913,sarpen,1910,
203199038,stavangeraftenblad,1910,Stavanger
204281950,saltensfremtid,1910,
201594621,sognstidend,1910,Sogndal
201797779,trondhjemsadresseavis,1910,Trondheim
202495538,lindesnes,1910,Mandal
204660923,Hamar Stiftstidende ,1910,Hamar
202944758,aftenposten,1910,Oslo
203430468,tunsbergeren,1910,
200027856,agder,1910,
200886204,kysten,1910,Oslo
202040928,bergensannoncetidende,1910,
200831009,indresmaalenenesavis,1910,Indre Østfold
202944297,aftenposten,1910,Oslo
203302969,buskerudsamtstidendedrammen,1910,
202541108,mossavis,1910,Moss
200676392,grimstadadressetiden,1910,Grimstad
203490210,buskerudsblad,1910,
200790936,hedemarkensamtstidende,1910,Hamar
201629299,stjordalensblad,1910,Stjørdal
202536034,mossaftenblad,1910,
202158940,egersundsposten,1910,Eigersund
201163492,nordisktidende,1910,
202424241,indlandsposten,1910,
200676446,grimstadadressetiden,1910,Grimstad
203153739,nordenfjeldsktidende,1910,Levanger
202059930,breviksposten,1910,Porsgrunn
201556946,socialdemokraten,1910,Oslo
202601677,nordretrondhjemsamtstidende,1910,
200866191,kongsbergdagblad,1910,Kongsberg
200311032,dagbladet,1910,Oslo
202479234,landmandsposten,1910,
201797782,trondhjemsadresseavis,1910,Trondheim
200790841,hedemarkensamtstidende,1910,Hamar
200886215,kysten,1910,Oslo
201975057,akershuspostenlillestroemnitten,1910,Lørenskog
202944857,aftenposten,1910,Oslo
204388410,Samhold (Gjøvik: 1885-1920) ,1910,Gjøvik
202790718,soendmoerefolkeblad,1910,
203386848,sarpen,1910,
200562568,flekkefjordsposten,1910,
201309831,oeieren,1910,
204293373,vestoplaendingen,1910,
203455816,vestfoldsandefjordatten,1910,
202424334,indlandsposten,1910,
202521404,moldeannonceblad,1910,
202181449,farsundsavis,1910,Farsund
203185179,ranenstidende,1910,Hemnes
201950806,agderposten,1910,Arendal
200623994,fremtiden,1910,Drammen
200911490,lillehammertilskuer,1910,Lillehammer
202585506,nordlandsposten,1910,Bodø
202479235,landmandsposten,1910,
203411604,soloerposten,1910,
202601754,nordretrondhjemsamtstidende,1910,
202302436,grimstadposten,1910,
203302958,buskerudsamtstidendedrammen,1910,
201993010,arbeidet,1910,Bergen
203833377,helgeland,1910,
201471500,romsdalsamtstidende,1910,Kristiansund
203303019,buskerudsamtstidendedrammen,1910,
200885958,kysten,1910,Oslo
203809279,oerebladet,1910,
202621877,norskkundgjoerelsestidende,1910,Oslo
201477514,romsdalsbudstikke,1910,Molde
203198914,stavangeraftenblad,1910,Stavanger
202609794,nordtroenderen,1910,
202023360,bergensaftenbladbergenattenattini,1910,Bergen
200831146,indresmaalenenesavis,1910,Indre Østfold
201941513,vortlandosloattennitti,1910,Oslo
200831075,indresmaalenenesavis,1910,Indre Østfold
202944291,aftenposten,1910,Oslo
201572933,sogningen,1910,Sogndal
200310890,dagbladet,1910,Oslo
201781580,tromsoestiftstidende,1910,Tromsø
202944241,aftenposten,1910,Oslo
202642147,oplandenesavis,1910,Hamar
204318992,gjoviksbladattenattifire,1910,
201506001,sandefjordsblad,1910,Sandefjord
202222896,folketidendetrondheimattennittien,1910,Trondheim
200676429,grimstadadressetiden,1910,Grimstad
201316163,ofotenstidende,1910,Narvik
200562504,flekkefjordsposten,1910,
204707424,Laagendalsposten ,1910,Kongsberg
200601486,fredriksstadtilskuer,1910,Fredrikstad
200886174,kysten,1910,Oslo
203125245,indtrondelagen,1910,
203125189,indtrondelagen,1910,
204659378,Hamar Stiftstidende ,1910,Hamar
202158991,egersundsposten,1910,Eigersund
201833972,valdres,1910,Nord-Aurdal
203303066,buskerudsamtstidendedrammen,1910,
202500354,listerfarsundatten,1910,
201534653,selbyggen,1910,Selbu
200454912,faedrelandsvennen,1910,Kristiansand
200564459,foerstemai,1910,Stavanger
204608221,Samhold (Gjøvik: 1885-1920) ,1910,Gjøvik
200694001,gudbrandsdoelen,1910,Lillehammer
203402141,soendhordland,1910,
201556886,socialdemokraten,1910,Oslo
203303136,buskerudsamtstidendedrammen,1910,
202181452,farsundsavis,1910,Farsund
202040796,bergensannoncetidende,1910,
204725715,Laagendalsposten ,1910,Kongsberg
203198772,stavangeraftenblad,1910,Stavanger
200311101,dagbladet,1910,Oslo
204662529,Samhold (Gjøvik: 1885-1920) ,1910,Gjøvik
203303026,buskerudsamtstidendedrammen,1910,
200831127,indresmaalenenesavis,1910,Indre Østfold
200928388,lillesandsposten,1910,Lillesand
203386786,sarpen,1910,
202621813,norskkundgjoerelsestidende,1910,Oslo
202040746,bergensannoncetidende,1910,
203882802,buskerudsblad,1910,
200525888,finnmarksposten,1910,Nordkapp
202159015,egersundsposten,1910,Eigersund
203125273,indtrondelagen,1910,
201967638,akershus,1910,Lillestrøm
203020028,askerogbaerumsbudstikke,1910,Bærum
201781539,tromsoestiftstidende,1910,Tromsø
203020025,askerogbaerumsbudstikke,1910,Bærum
202601763,nordretrondhjemsamtstidende,1910,
200454979,faedrelandsvennen,1910,Kristiansand
202579917,nordlandsfolkeblad,1910,
202944632,aftenposten,1910,Oslo
203358854,oevresmaalenene,1910,Indre Østfold
200694032,gudbrandsdoelen,1910,Lillehammer
201600291,solungen,1910,Kongsvinger
200928393,lillesandsposten,1910,Lillesand
200253724,bratsbergdemokraten,1910,Skien
201276436,norgessjoefartstidende,1910,Oslo
200217447,bergenstidende,1910,Bergen
202050559,bodotidende,1910,Bodø
200790823,hedemarkensamtstidende,1910,Hamar
203751244,narviktidende,1910,
202621933,norskkundgjoerelsestidende,1910,Oslo
202505830,listerogmandalsamtstidendeogadresseavis,1910,Lindesnes
200601691,fredriksstadtilskuer,1910,Fredrikstad
200667886,glommendalen,1910,Kongsvinger
202500367,listerfarsundatten,1910,
200811140,helgelandsblad,1910,
200027804,agder,1910,
202424328,indlandsposten,1910,
201471557,romsdalsamtstidende,1910,Kristiansund
202239741,fredrikshaldsavis,1910,
201573005,sogningen,1910,Sogndal
201477474,romsdalsbudstikke,1910,Molde
201797791,trondhjemsadresseavis,1910,Trondheim
202040812,bergensannoncetidende,1910,
203302854,buskerudsamtstidendedrammen,1910,
201671727,svelviksposten,1910,Drammen
202589628,nordlendingen,1910,
202579948,nordlandsfolkeblad,1910,
201775758,tromsoeposten,1910,Tromsø
203783637,aftenpostenukensnytt,1910,
202536129,mossaftenblad,1910,
200217433,bergenstidende,1910,Bergen
202302514,grimstadposten,1910,
203722384,oerebladet,1910,
201797874,trondhjemsadresseavis,1910,Trondheim
204502665,Samhold (Gjøvik: 1885-1920) ,1910,Gjøvik
200454991,faedrelandsvennen,1910,Kristiansand
200866301,kongsbergdagblad,1910,Kongsberg
203901562,lofotposten,1910,
200564451,foerstemai,1910,Stavanger
203611674,oerebladet,1910,
201993027,arbeidet,1910,Bergen
202505720,listerogmandalsamtstidendeogadresseavis,1910,Lindesnes
203020009,askerogbaerumsbudstikke,1910,Bærum
203861407,oerebladet,1910,
202452094,jarlsbergoglarviksamtstidende,1910,Larvik
203455647,vestfoldsandefjordatten,1910,
202040959,bergensannoncetidende,1910,
201798100,trondhjemsadresseavis,1910,Trondheim
200044445,agderposten,1910,Arendal
201035277,morgenbladet,1910,Oslo
204541934,unglyden ,1910,Voss
201345559,osterdolen,1910,Tynset
202568250,nordfjord,1910,
201781571,tromsoestiftstidende,1910,Tromsø
200564488,foerstemai,1910,Stavanger
203168009,nordrebergenhusfolkeblad,1910,Kinn
202495541,lindesnes,1910,Mandal
202621863,norskkundgjoerelsestidende,1910,Oslo
201556850,socialdemokraten,1910,Oslo
203645488,nordland,1910,
200310950,dagbladet,1910,Oslo
200752830,harstadtidende,1910,Harstad
203455561,vestfoldsandefjordatten,1910,
204520172,Samhold (Gjøvik: 1885-1920) ,1910,Gjøvik
200831027,indresmaalenenesavis,1910,Indre Østfold
200217673,bergenstidende,1910,Bergen
200790909,hedemarkensamtstidende,1910,Hamar
200217477,bergenstidende,1910,Bergen
202579985,nordlandsfolkeblad,1910,
200667817,glommendalen,1910,Kongsvinger
201967636,akershus,1910,Lillestrøm
203736294,oerebladet,1910,
204293409,vestoplaendingen,1910,
203198943,stavangeraftenblad,1910,Stavanger
201775772,tromsoeposten,1910,Tromsø
201797786,trondhjemsadresseavis,1910,Trondheim
202452015,jarlsbergoglarviksamtstidende,1910,Larvik
204577377,Hamar Stiftstidende ,1910,Hamar
200676354,grimstadadressetiden,1910,Grimstad
201600256,solungen,1910,Kongsvinger
202554137,namdalensblad,1910,
201950829,agderposten,1910,Arendal
204618495,Hamar Stiftstidende ,1910,Hamar
202944958,aftenposten,1910,Oslo
200525842,finnmarksposten,1910,Nordkapp
203614429,aftenpostenukensnytt,1910,
202242344,fredrikshaldstilskuer,1910,Halden
202621791,norskkundgjoerelsestidende,1910,Oslo
201950766,agderposten,1910,Arendal
200217612,bergenstidende,1910,Bergen
203645986,fjellposten,1910,
203455614,vestfoldsandefjordatten,1910,
203303042,buskerudsamtstidendedrammen,1910,
202541209,mossavis,1910,Moss
200310949,dagbladet,1910,Oslo
202522356,more,1910,Volda
204438124,Samhold (Gjøvik: 1885-1920) ,1910,Gjøvik
200217551,bergenstidende,1910,Bergen
200217419,bergenstidende,1910,Bergen
201975005,akershuspostenlillestroemnitten,1910,Lørenskog
201797821,trondhjemsadresseavis,1910,Trondheim
203125218,indtrondelagen,1910,
202410648,hordalandfolkeblad,1910,Kvam
202040704,bergensannoncetidende,1910,
203165818,nordrebergenhusamtstidende,1910,Kinn
203562730,aftenpostenukensnytt,1910,
200310904,dagbladet,1910,Oslo
200866359,kongsbergdagblad,1910,Kongsberg
203411614,soloerposten,1910,
201452129,romerikesblad,1910,Lillestrøm
202505770,listerogmandalsamtstidendeogadresseavis,1910,Lindesnes
200831068,indresmaalenenesavis,1910,Indre Østfold
203430445,tunsbergeren,1910,
204293439,vestoplaendingen,1910,
201993112,arbeidet,1910,Bergen
202536128,mossaftenblad,1910,
203303049,buskerudsamtstidendedrammen,1910,
202023261,bergensaftenbladbergenattenattini,1910,Bergen
201109429,mosstilskuer,1910,Moss
202023300,bergensaftenbladbergenattenattini,1910,Bergen
202944879,aftenposten,1910,Oslo
203740787,oerebladet,1910,
202059969,breviksposten,1910,Porsgrunn
204615382,Hamar Stiftstidende ,1910,Hamar
200310957,dagbladet,1910,Oslo
200752893,harstadtidende,1910,Harstad
200601467,fredriksstadtilskuer,1910,Fredrikstad
203358887,oevresmaalenene,1910,Indre Østfold
203942448,fjellposten,1910,
201505888,sandefjordsblad,1910,Sandefjord
204456242,Samhold (Gjøvik: 1885-1920) ,1910,Gjøvik
200455103,faedrelandsvennen,1910,Kristiansand
203913994,oerebladet,1910,
202944170,aftenposten,1910,Oslo
202158947,egersundsposten,1910,Eigersund
201993156,arbeidet,1910,Bergen
200642913,gjengangeren,1910,Horten
202050586,bodotidende,1910,Bodø
203411672,soloerposten,1910,
202609729,nordtroenderen,1910,
204436533,Hamar Stiftstidende ,1910,Hamar
201992898,arbeidet,1910,Bergen
201975012,akershuspostenlillestroemnitten,1910,Lørenskog
202239811,fredrikshaldsavis,1910,
203199043,stavangeraftenblad,1910,Stavanger
200436794,dunderlandsdoelen,1910,Rana
201217608,nordlys,1910,Tromsø
204618891,Samhold (Gjøvik: 1885-1920) ,1910,Gjøvik
202302537,grimstadposten,1910,
202483358,langesundsposten,1910,
203358757,oevresmaalenene,1910,Indre Østfold
200311008,dagbladet,1910,Oslo
200911495,lillehammertilskuer,1910,Lillehammer
204632660,Samhold (Gjøvik: 1885-1920) ,1910,Gjøvik
201217594,nordlys,1910,Tromsø
202040722,bergensannoncetidende,1910,
203411576,soloerposten,1910,
201035332,morgenbladet,1910,Oslo
200027844,agder,1910,
203393446,senjensbladnittennullsju,1910,
203806995,nordland,1910,
202187145,finmarken,1910,Vardø
202541193,mossavis,1910,Moss
201600210,solungen,1910,Kongsvinger
204319047,gjoviksbladattenattifire,1910,
201035295,morgenbladet,1910,Oslo
202479182,landmandsposten,1910,
200217363,bergenstidende,1910,Bergen
202040791,bergensannoncetidende,1910,
202222942,folketidendetrondheimattennittien,1910,Trondheim
203955154,buskerudsblad,1910,
202187129,finmarken,1910,Vardø
202944894,aftenposten,1910,Oslo
203198874,stavangeraftenblad,1910,Stavanger
202023467,bergensaftenbladbergenattenattini,1910,Bergen
203396273,skotfosavisnittennullen,1910,
200358165,dagensnytt,1910,
203943879,buskerudsblad,1910,
200044487,agderposten,1910,Arendal
200217303,bergenstidende,1910,Bergen
203463200,vossavis,1910,
203153778,nordenfjeldsktidende,1910,Levanger
202786827,skandinaven,1910,
200866353,kongsbergdagblad,1910,Kongsberg
202222950,folketidendetrondheimattennittien,1910,Trondheim
202554071,namdalensblad,1910,
200790805,hedemarkensamtstidende,1910,Hamar
203153727,nordenfjeldsktidende,1910,Levanger
203455569,vestfoldsandefjordatten,1910,
203411572,soloerposten,1910,
203198882,stavangeraftenblad,1910,Stavanger
200027889,agder,1910,
201560820,soendretrondhjemsamtstidende,1910,Orkdal
203199051,stavangeraftenblad,1910,Stavanger
203125240,indtrondelagen,1910,
202060012,breviksposten,1910,Porsgrunn
200911581,lillehammertilskuer,1910,Lillehammer
202589617,nordlendingen,1910,
201309822,oeieren,1910,
201993042,arbeidet,1910,Bergen
201152867,nedenaesamtstidende,1910,Risør
203199052,stavangeraftenblad,1910,Stavanger
202023508,bergensaftenbladbergenattenattini,1910,Bergen
200642857,gjengangeren,1910,Horten
201217589,nordlys,1910,Tromsø
201950811,agderposten,1910,Arendal
203411592,soloerposten,1910,
201170428,nordkapp,1910,
204319088,gjoviksbladattenattifire,1910,
202944545,aftenposten,1910,Oslo
202479156,landmandsposten,1910,
200831050,indresmaalenenesavis,1910,Indre Østfold
201534673,selbyggen,1910,Selbu
203302924,buskerudsamtstidendedrammen,1910,
203198998,stavangeraftenblad,1910,Stavanger
203393414,senjensbladnittennullsju,1910,
204539794,Samhold (Gjøvik: 1885-1920) ,1910,Gjøvik
204466122,Samhold (Gjøvik: 1885-1920) ,1910,Gjøvik
200602405,fremover,1910,Narvik
203528595,aftenpostenukensnytt,1910,
201979110,akersposten,1910,Oslo
201979104,akersposten,1910,Oslo
200694054,gudbrandsdoelen,1910,Lillehammer
203485595,warensardne,1910,
204708383,Laagendalsposten ,1910,Kongsberg
202040871,bergensannoncetidende,1910,
200911582,lillehammertilskuer,1910,Lillehammer
201452088,romerikesblad,1910,Lillestrøm
203153799,nordenfjeldsktidende,1910,Levanger
201797895,trondhjemsadresseavis,1910,Trondheim
202410646,hordalandfolkeblad,1910,Kvam
203396172,skotfosavisnittennullen,1910,
201109435,mosstilskuer,1910,Moss
204293415,vestoplaendingen,1910,
203302859,buskerudsamtstidendedrammen,1910,
200602365,fremover,1910,Narvik
202756597,romsdalstidende,1910,
201035361,morgenbladet,1910,Oslo
203302980,buskerudsamtstidendedrammen,1910,
202239746,fredrikshaldsavis,1910,
200831055,indresmaalenenesavis,1910,Indre Østfold
201194378,nordlandsposten,1910,Bodø
201316096,ofotenstidende,1910,Narvik
202474828,kristiansundspostenatten,1910,
203358790,oevresmaalenene,1910,Indre Østfold
202554095,namdalensblad,1910,
201993070,arbeidet,1910,Bergen
200642854,gjengangeren,1910,Horten
202621910,norskkundgjoerelsestidende,1910,Oslo
201035627,morgenbladet,1910,Oslo
200217598,bergenstidende,1910,Bergen
200311001,dagbladet,1910,Oslo
204433822,Samhold (Gjøvik: 1885-1920) ,1910,Gjøvik
200667740,glommendalen,1910,Kongsvinger
201817129,tvedestrandsposten,1910,Tvedestrand
202609828,nordtroenderen,1910,
202023290,bergensaftenbladbergenattenattini,1910,Bergen
202521429,moldeannonceblad,1910,
201600201,solungen,1910,Kongsvinger
200217524,bergenstidende,1910,Bergen
203411675,soloerposten,1910,
202500276,listerfarsundatten,1910,
200455170,faedrelandsvennen,1910,Kristiansand
200027777,agder,1910,
202474859,kristiansundspostenatten,1910,
201309851,oeieren,1910,
200564482,foerstemai,1910,Stavanger
200866308,kongsbergdagblad,1910,Kongsberg
203302858,buskerudsamtstidendedrammen,1910,
200358280,dagensnytt,1910,
202424199,indlandsposten,1910,
202187057,finmarken,1910,Vardø
201345592,osterdolen,1910,Tynset
201992967,arbeidet,1910,Bergen
200562466,flekkefjordsposten,1910,
203737124,narviktidende,1910,
200928309,lillesandsposten,1910,Lillesand
202410628,hordalandfolkeblad,1910,Kvam
200885965,kysten,1910,Oslo
200601687,fredriksstadtilskuer,1910,Fredrikstad
202410666,hordalandfolkeblad,1910,Kvam
200667870,glommendalen,1910,Kongsvinger
203198817,stavangeraftenblad,1910,Stavanger
203411559,soloerposten,1910,
200601590,fredriksstadtilskuer,1910,Fredrikstad
202541109,mossavis,1910,Moss
203198812,stavangeraftenblad,1910,Stavanger
200310906,dagbladet,1910,Oslo
202944768,aftenposten,1910,Oslo
200886199,kysten,1910,Oslo
202500305,listerfarsundatten,1910,
203198987,stavangeraftenblad,1910,Stavanger
203125261,indtrondelagen,1910,
203942231,salten,1910,
203856287,lofotposten,1910,
203969708,lofotposten,1910,
201833947,valdres,1910,Nord-Aurdal
200455113,faedrelandsvennen,1910,Kristiansand
202944225,aftenposten,1910,Oslo
200455042,faedrelandsvennen,1910,Kristiansand
203185181,ranenstidende,1910,Hemnes
204241555,gudbrandsdalensfolkebladgjoevik,1910,
203463180,vossavis,1910,
203528709,warensardne,1910,
203153723,nordenfjeldsktidende,1910,Levanger
202554076,namdalensblad,1910,
204041135,buskerudsblad,1910,
200311049,dagbladet,1910,Oslo
202790732,soendmoerefolkeblad,1910,
203651203,oerebladet,1910,
204151329,fjordenestidende,1910,
201035412,morgenbladet,1910,Oslo
203358775,oevresmaalenene,1910,Indre Østfold
200831126,indresmaalenenesavis,1910,Indre Østfold
202505789,listerogmandalsamtstidendeogadresseavis,1910,Lindesnes
202642239,oplandenesavis,1910,Hamar
202944884,aftenposten,1910,Oslo
201276541,norgessjoefartstidende,1910,Oslo
202541181,mossavis,1910,Moss
203358779,oevresmaalenene,1910,Indre Østfold
204353222,Hamar Stiftstidende ,1910,Hamar
201035607,morgenbladet,1910,Oslo
202187075,finmarken,1910,Vardø
203358868,oevresmaalenene,1910,Indre Østfold
203153710,nordenfjeldsktidende,1910,Levanger
204598545,Samhold (Gjøvik: 1885-1920) ,1910,Gjøvik
201798084,trondhjemsadresseavis,1910,Trondheim
202479206,landmandsposten,1910,
200562502,flekkefjordsposten,1910,
200027897,agder,1910,
203117091,indheredsposten,1910,
204318966,gjoviksbladattenattifire,1910,
201217582,nordlys,1910,Tromsø
203899298,nordland,1910,
203463175,vossavis,1910,
200311056,dagbladet,1910,Oslo
200601615,fredriksstadtilskuer,1910,Fredrikstad
203433328,tvedestrandogomegnsavis,1910,
200790949,hedemarkensamtstidende,1910,Hamar
201345526,osterdolen,1910,Tynset
204293406,vestoplaendingen,1910,
202621714,norskkundgjoerelsestidende,1910,Oslo
201974980,akershuspostenlillestroemnitten,1910,Lørenskog
200911586,lillehammertilskuer,1910,Lillehammer
202500358,listerfarsundatten,1910,
204241483,gudbrandsdalensfolkebladgjoevik,1910,
202554122,namdalensblad,1910,
200911532,lillehammertilskuer,1910,Lillehammer
204319116,gjoviksbladattenattifire,1910,
202568281,nordfjord,1910,
201798104,trondhjemsadresseavis,1910,Trondheim
203463202,vossavis,1910,
203117108,indheredsposten,1910,
202181399,farsundsavis,1910,Farsund
203433345,tvedestrandogomegnsavis,1910,
203125150,indtrondelagen,1910,
202452175,jarlsbergoglarviksamtstidende,1910,Larvik
201035427,morgenbladet,1910,Oslo
201992930,arbeidet,1910,Bergen
201163496,nordisktidende,1910,
203691569,lofotposten,1910,
202944945,aftenposten,1910,Oslo
202601687,nordretrondhjemsamtstidende,1910,
204591382,Samhold (Gjøvik: 1885-1920) ,1910,Gjøvik
202495502,lindesnes,1910,Mandal
202944425,aftenposten,1910,Oslo
203019978,askerogbaerumsbudstikke,1910,Bærum
202554195,namdalensblad,1910,
204480106,Hamar Stiftstidende ,1910,Hamar
200831077,indresmaalenenesavis,1910,Indre Østfold
200886193,kysten,1910,Oslo
202452074,jarlsbergoglarviksamtstidende,1910,Larvik
201345600,osterdolen,1910,Tynset
201797761,trondhjemsadresseavis,1910,Trondheim
202536033,mossaftenblad,1910,
201594580,sognstidend,1910,Sogndal
201817051,tvedestrandsposten,1910,Tvedestrand
201993128,arbeidet,1910,Bergen
200358130,dagensnytt,1910,
201833943,valdres,1910,Nord-Aurdal
203153801,nordenfjeldsktidende,1910,Levanger
202756598,romsdalstidende,1910,
201109347,mosstilskuer,1910,Moss
202554130,namdalensblad,1910,
200253778,bratsbergdemokraten,1910,Skien
200562524,flekkefjordsposten,1910,
202944262,aftenposten,1910,Oslo
202242373,fredrikshaldstilskuer,1910,Halden
203749260,aftenpostenukensnytt,1910,
203302864,buskerudsamtstidendedrammen,1910,
203938865,lofotposten,1910,
202023327,bergensaftenbladbergenattenattini,1910,Bergen
203870327,buskerudsblad,1910,
201556894,socialdemokraten,1910,Oslo
202050572,bodotidende,1910,Bodø
201775801,tromsoeposten,1910,Tromsø
201152840,nedenaesamtstidende,1910,Risør
200027826,agder,1910,
201345475,osterdolen,1910,Tynset
200027903,agder,1910,
200044402,agderposten,1910,Arendal
201600187,solungen,1910,Kongsvinger
202023390,bergensaftenbladbergenattenattini,1910,Bergen
202568236,nordfjord,1910,
202059887,breviksposten,1910,Porsgrunn
203402158,soendhordland,1910,
203020060,askerogbaerumsbudstikke,1910,Bærum
203125173,indtrondelagen,1910,
200886131,kysten,1910,Oslo
200886143,kysten,1910,Oslo
202609747,nordtroenderen,1910,
202642189,oplandenesavis,1910,Hamar
201170394,nordkapp,1910,
201316102,ofotenstidende,1910,Narvik
201797834,trondhjemsadresseavis,1910,Trondheim
201975110,akershuspostenlillestroemnitten,1910,Lørenskog
200311124,dagbladet,1910,Oslo
200676405,grimstadadressetiden,1910,Grimstad
201217586,nordlys,1910,Tromsø
200310924,dagbladet,1910,Oslo
201477523,romsdalsbudstikke,1910,Molde
204463539,Hamar Stiftstidende ,1910,Hamar
201276581,norgessjoefartstidende,1910,Oslo
200866343,kongsbergdagblad,1910,Kongsberg
201629305,stjordalensblad,1910,Stjørdal
200601752,fredriksstadtilskuer,1910,Fredrikstad
202944614,aftenposten,1910,Oslo
202609774,nordtroenderen,1910,
201035913,morgenbladet,1910,Oslo
203117043,indheredsposten,1910,
202521416,moldeannonceblad,1910,
201345546,osterdolen,1910,Tynset
204537356,Bergensposten Fram (Bergen 1892-1893) ,1910,Bergen
202609804,nordtroenderen,1910,
201345488,osterdolen,1910,Tynset
202483281,langesundsposten,1910,
202601685,nordretrondhjemsamtstidende,1910,
200253799,bratsbergdemokraten,1910,Skien
202756595,romsdalstidende,1910,
202242334,fredrikshaldstilskuer,1910,Halden
202452201,jarlsbergoglarviksamtstidende,1910,Larvik
201035566,morgenbladet,1910,Oslo
204453028,unglyden ,1910,Voss
201035576,morgenbladet,1910,Oslo
201170462,nordkapp,1910,
204241532,gudbrandsdalensfolkebladgjoevik,1910,
200601708,fredriksstadtilskuer,1910,Fredrikstad
202060015,breviksposten,1910,Porsgrunn
204241537,gudbrandsdalensfolkebladgjoevik,1910,
202474867,kristiansundspostenatten,1910,
201781584,tromsoestiftstidende,1910,Tromsø
203358803,oevresmaalenene,1910,Indre Østfold
202040939,bergensannoncetidende,1910,
202609706,nordtroenderen,1910,
201276601,norgessjoefartstidende,1910,Oslo
200866155,kongsbergdagblad,1910,Kongsberg
202060001,breviksposten,1910,Porsgrunn
200676466,grimstadadressetiden,1910,Grimstad
201471567,romsdalsamtstidende,1910,Kristiansund
202944438,aftenposten,1910,Oslo
202495522,lindesnes,1910,Mandal
202579983,nordlandsfolkeblad,1910,
200455115,faedrelandsvennen,1910,Kristiansand
200562478,flekkefjordsposten,1910,
200601547,fredriksstadtilskuer,1910,Fredrikstad
200562605,flekkefjordsposten,1910,
202181406,farsundsavis,1910,Farsund
201557046,socialdemokraten,1910,Oslo
202222890,folketidendetrondheimattennittien,1910,Trondheim
202495568,lindesnes,1910,Mandal
200642818,gjengangeren,1910,Horten
200811196,helgelandsblad,1910,
202642271,oplandenesavis,1910,Hamar
201671739,svelviksposten,1910,Drammen
200886197,kysten,1910,Oslo
200667860,glommendalen,1910,Kongsvinger
202609735,nordtroenderen,1910,
202424232,indlandsposten,1910,
201345563,osterdolen,1910,Tynset
202452090,jarlsbergoglarviksamtstidende,1910,Larvik
202944554,aftenposten,1910,Oslo
200911485,lillehammertilskuer,1910,Lillehammer
201471495,romsdalsamtstidende,1910,Kristiansund
201556792,socialdemokraten,1910,Oslo
201993090,arbeidet,1910,Bergen
201276578,norgessjoefartstidende,1910,Oslo
202424298,indlandsposten,1910,
200217659,bergenstidende,1910,Bergen
203455695,vestfoldsandefjordatten,1910,
201309804,oeieren,1910,
202452180,jarlsbergoglarviksamtstidende,1910,Larvik
200694024,gudbrandsdoelen,1910,Lillehammer
202158942,egersundsposten,1910,Eigersund
202944634,aftenposten,1910,Oslo
201217550,nordlys,1910,Tromsø
201950713,agderposten,1910,Arendal
204729954,Laagendalsposten ,1910,Kongsberg
201573020,sogningen,1910,Sogndal
203430337,tunsbergeren,1910,
202621895,norskkundgjoerelsestidende,1910,Oslo
201276535,norgessjoefartstidende,1910,Oslo
200311173,dagbladet,1910,Oslo
202495507,lindesnes,1910,Mandal
200455104,faedrelandsvennen,1910,Kristiansand
200602393,fremover,1910,Narvik
201594597,sognstidend,1910,Sogndal
201109355,mosstilskuer,1910,Moss
201979107,akersposten,1910,Oslo
201817138,tvedestrandsposten,1910,Tvedestrand
200752881,harstadtidende,1910,Harstad
201035885,morgenbladet,1910,Oslo
200562482,flekkefjordsposten,1910,
200044502,agderposten,1910,Arendal
202756612,romsdalstidende,1910,
202012926,baerumogaskersblad,1910,
201798038,trondhjemsadresseavis,1910,Trondheim
200217310,bergenstidende,1910,Bergen
200455169,faedrelandsvennen,1910,Kristiansand
203455856,vestfoldsandefjordatten,1910,
201035687,morgenbladet,1910,Oslo
200866194,kongsbergdagblad,1910,Kongsberg
204293452,vestoplaendingen,1910,
201345541,osterdolen,1910,Tynset
203644366,aftenpostenukensnytt,1910,
203118899,indherred,1910,Steinkjer
200525813,finnmarksposten,1910,Nordkapp
203358889,oevresmaalenene,1910,Indre Østfold
203303002,buskerudsamtstidendedrammen,1910,
203455825,vestfoldsandefjordatten,1910,
200311167,dagbladet,1910,Oslo
204642692,Samhold (Gjøvik: 1885-1920) ,1910,Gjøvik
200311165,dagbladet,1910,Oslo
202302522,grimstadposten,1910,
201557033,socialdemokraten,1910,Oslo
201035507,morgenbladet,1910,Oslo
204720957,Laagendalsposten ,1910,Kongsberg
204319037,gjoviksbladattenattifire,1910,
203125147,indtrondelagen,1910,
201950852,agderposten,1910,Arendal
201505913,sandefjordsblad,1910,Sandefjord
201276516,norgessjoefartstidende,1910,Oslo
203358885,oevresmaalenene,1910,Indre Østfold
200694028,gudbrandsdoelen,1910,Lillehammer
202554168,namdalensblad,1910,
200525825,finnmarksposten,1910,Nordkapp
204494460,Samhold (Gjøvik: 1885-1920) ,1910,Gjøvik
200928382,lillesandsposten,1910,Lillesand
203803843,nordland,1910,
203433355,tvedestrandogomegnsavis,1910,
200217448,bergenstidende,1910,Bergen
200667849,glommendalen,1910,Kongsvinger
200525808,finnmarksposten,1910,Nordkapp
200811175,helgelandsblad,1910,
201276412,norgessjoefartstidende,1910,Oslo
202495584,lindesnes,1910,Mandal
203303062,buskerudsamtstidendedrammen,1910,
204319021,gjoviksbladattenattifire,1910,
200525834,finnmarksposten,1910,Nordkapp
202601767,nordretrondhjemsamtstidende,1910,
201833939,valdres,1910,Nord-Aurdal
202541172,mossavis,1910,Moss
202944564,aftenposten,1910,Oslo
200911475,lillehammertilskuer,1910,Lillehammer
201993165,arbeidet,1910,Bergen
200455082,faedrelandsvennen,1910,Kristiansand
203302852,buskerudsamtstidendedrammen,1910,
203841331,buskerudsblad,1910,
201276374,norgessjoefartstidende,1910,Oslo
202621708,norskkundgjoerelsestidende,1910,Oslo
202040878,bergensannoncetidende,1910,
203153736,nordenfjeldsktidende,1910,Levanger
201975040,akershuspostenlillestroemnitten,1910,Lørenskog
200217503,bergenstidende,1910,Bergen
203198951,stavangeraftenblad,1910,Stavanger
201452098,romerikesblad,1910,Lillestrøm
202023371,bergensaftenbladbergenattenattini,1910,Bergen
201035272,morgenbladet,1910,Oslo
200911508,lillehammertilskuer,1910,Lillehammer
202521396,moldeannonceblad,1910,
200253840,bratsbergdemokraten,1910,Skien
200886078,kysten,1910,Oslo
202944635,aftenposten,1910,Oslo
202585475,nordlandsposten,1910,Bodø
201505958,sandefjordsblad,1910,Sandefjord
201035343,morgenbladet,1910,Oslo
204630950,Samhold (Gjøvik: 1885-1920) ,1910,Gjøvik
201163465,nordisktidende,1910,
200866270,kongsbergdagblad,1910,Kongsberg
201556909,socialdemokraten,1910,Oslo
202790728,soendmoerefolkeblad,1910,
203433333,tvedestrandogomegnsavis,1910,
200217605,bergenstidende,1910,Bergen
203165872,nordrebergenhusamtstidende,1910,Kinn
201629218,stjordalensblad,1910,Stjørdal
200525863,finnmarksposten,1910,Nordkapp
203165814,nordrebergenhusamtstidende,1910,Kinn
203455678,vestfoldsandefjordatten,1910,
201471479,romsdalsamtstidende,1910,Kristiansund
202536051,mossaftenblad,1910,
200928349,lillesandsposten,1910,Lillesand
204026785,helgeland,1910,
202621781,norskkundgjoerelsestidende,1910,Oslo
200602321,fremover,1910,Narvik
202479232,landmandsposten,1910,
202944629,aftenposten,1910,Oslo
200253732,bratsbergdemokraten,1910,Skien
200601561,fredriksstadtilskuer,1910,Fredrikstad
202601707,nordretrondhjemsamtstidende,1910,
201975086,akershuspostenlillestroemnitten,1910,Lørenskog
202500300,listerfarsundatten,1910,
201477544,romsdalsbudstikke,1910,Molde
201309842,oeieren,1910,
201035322,morgenbladet,1910,Oslo
200436758,dunderlandsdoelen,1910,Rana
201950759,agderposten,1910,Arendal
202536048,mossaftenblad,1910,
201594596,sognstidend,1910,Sogndal
202568273,nordfjord,1910,
204350991,Samhold (Gjøvik: 1885-1920) ,1910,Gjøvik
200694012,gudbrandsdoelen,1910,Lillehammer
201035826,morgenbladet,1910,Oslo
203411629,soloerposten,1910,
202474850,kristiansundspostenatten,1910,
202050505,bodotidende,1910,Bodø
200811242,helgelandsblad,1910,
200310846,dagbladet,1910,Oslo
200886002,kysten,1910,Oslo
201556875,socialdemokraten,1910,Oslo
200217622,bergenstidende,1910,Bergen
200311093,dagbladet,1910,Oslo
200436792,dunderlandsdoelen,1910,Rana
203153793,nordenfjeldsktidende,1910,Levanger
202944891,aftenposten,1910,Oslo
201276562,norgessjoefartstidende,1910,Oslo
200601643,fredriksstadtilskuer,1910,Fredrikstad
200217458,bergenstidende,1910,Bergen
200911482,lillehammertilskuer,1910,Lillehammer
203455589,vestfoldsandefjordatten,1910,
203185196,ranenstidende,1910,Hemnes
202642167,oplandenesavis,1910,Hamar
202222881,folketidendetrondheimattennittien,1910,Trondheim
204033645,narviktidende,1910,
202786839,skandinaven,1910,
202410695,hordalandfolkeblad,1910,Kvam
203358843,oevresmaalenene,1910,Indre Østfold
202621749,norskkundgjoerelsestidende,1910,Oslo
200623917,fremtiden,1910,Drammen
201817050,tvedestrandsposten,1910,Tvedestrand
202158969,egersundsposten,1910,Eigersund
200866332,kongsbergdagblad,1910,Kongsberg
202023495,bergensaftenbladbergenattenattini,1910,Bergen
200358168,dagensnytt,1910,
204151347,fjordenestidende,1910,
203455824,vestfoldsandefjordatten,1910,
203682644,nordland,1910,
202483313,langesundsposten,1910,
204319106,gjoviksbladattenattifire,1910,
203198833,stavangeraftenblad,1910,Stavanger
203803181,oerebladet,1910,
200455021,faedrelandsvennen,1910,Kristiansand
203781880,oerebladet,1910,
200886209,kysten,1910,Oslo
202222981,folketidendetrondheimattennittien,1910,Trondheim
201950740,agderposten,1910,Arendal
204318994,gjoviksbladattenattifire,1910,
203430427,tunsbergeren,1910,
204293424,vestoplaendingen,1910,
200866328,kongsbergdagblad,1910,Kongsberg
201477499,romsdalsbudstikke,1910,Molde
202642241,oplandenesavis,1910,Hamar
201477494,romsdalsbudstikke,1910,Molde
201572949,sogningen,1910,Sogndal
203125164,indtrondelagen,1910,
201798070,trondhjemsadresseavis,1910,Trondheim
200866280,kongsbergdagblad,1910,Kongsberg
201775788,tromsoeposten,1910,Tromsø
201556900,socialdemokraten,1910,Oslo
202601749,nordretrondhjemsamtstidende,1910,
200564545,foerstemai,1910,Stavanger
202239751,fredrikshaldsavis,1910,
202601744,nordretrondhjemsamtstidende,1910,
202495489,lindesnes,1910,Mandal
200752838,harstadtidende,1910,Harstad
203455577,vestfoldsandefjordatten,1910,
204492620,Hamar Stiftstidende ,1910,Hamar
201409749,ranenstidende,1910,Hemnes
200253823,bratsbergdemokraten,1910,Skien
203302876,buskerudsamtstidendedrammen,1910,
203303138,buskerudsamtstidendedrammen,1910,
200642939,gjengangeren,1910,Horten
200564572,foerstemai,1910,Stavanger
200455099,faedrelandsvennen,1910,Kristiansand
201833968,valdres,1910,Nord-Aurdal
201035717,morgenbladet,1910,Oslo
204241620,gudbrandsdalensfolkebladgjoevik,1910,
201556816,socialdemokraten,1910,Oslo
201560783,soendretrondhjemsamtstidende,1910,Orkdal
201973534,akershusfolkebladdroebak,1910,Oslo
200217395,bergenstidende,1910,Bergen
202756653,romsdalstidende,1910,
203117026,indheredsposten,1910,
202050574,bodotidende,1910,Bodø
201594640,sognstidend,1910,Sogndal
202023207,bergensaftenbladbergenattenattini,1910,Bergen
200602360,fremover,1910,Narvik
202222710,folketidendetrondheimattennittien,1910,Trondheim
203591793,aftenpostenukensnytt,1910,
202424246,indlandsposten,1910,
201276444,norgessjoefartstidende,1910,Oslo
201345500,osterdolen,1910,Tynset
203117059,indheredsposten,1910,
200311189,dagbladet,1910,Oslo
201035564,morgenbladet,1910,Oslo
203167992,nordrebergenhusfolkeblad,1910,Kinn
203303147,buskerudsamtstidendedrammen,1910,
204389652,Samhold (Gjøvik: 1885-1920) ,1910,Gjøvik
203650768,salten,1910,
202609708,nordtroenderen,1910,
201797850,trondhjemsadresseavis,1910,Trondheim
200866221,kongsbergdagblad,1910,Kongsberg
203430447,tunsbergeren,1910,
203396270,skotfosavisnittennullen,1910,
200831092,indresmaalenenesavis,1910,Indre Østfold
202556305,namdalensfolkeblad,1910,
202579911,nordlandsfolkeblad,1910,
203492812,buskerudsblad,1910,
202536117,mossaftenblad,1910,
201035799,morgenbladet,1910,Oslo
202944551,aftenposten,1910,Oslo
202223011,folketidendetrondheimattennittien,1910,Trondheim
202589647,nordlendingen,1910,
203168045,nordrebergenhusfolkeblad,1910,Kinn
200752854,harstadtidende,1910,Harstad
202790716,soendmoerefolkeblad,1910,
202187080,finmarken,1910,Vardø
202500397,listerfarsundatten,1910,
202302448,grimstadposten,1910,
201781560,tromsoestiftstidende,1910,Tromsø
200525792,finnmarksposten,1910,Nordkapp
203302849,buskerudsamtstidendedrammen,1910,
201477500,romsdalsbudstikke,1910,Molde
200790835,hedemarkensamtstidende,1910,Hamar
202541198,mossavis,1910,Moss
203198896,stavangeraftenblad,1910,Stavanger
201797867,trondhjemsadresseavis,1910,Trondheim
202050588,bodotidende,1910,Bodø
201629250,stjordalensblad,1910,Stjørdal
201163473,nordisktidende,1910,
200676395,grimstadadressetiden,1910,Grimstad
201629221,stjordalensblad,1910,Stjørdal
204281947,saltensfremtid,1910,
203588868,narviktidende,1910,
202944593,aftenposten,1910,Oslo
202239758,fredrikshaldsavis,1910,
204293353,vestoplaendingen,1910,
203402179,soendhordland,1910,
201992854,arbeidet,1910,Bergen
202424320,indlandsposten,1910,
202585474,nordlandsposten,1910,Bodø
201505986,sandefjordsblad,1910,Sandefjord
202242350,fredrikshaldstilskuer,1910,Halden
204603844,Samhold (Gjøvik: 1885-1920) ,1910,Gjøvik
200911491,lillehammertilskuer,1910,Lillehammer
204293473,vestoplaendingen,1910,
201992988,arbeidet,1910,Bergen
202479140,landmandsposten,1910,
203629866,buskerudsblad,1910,
203125158,indtrondelagen,1910,
200601678,fredriksstadtilskuer,1910,Fredrikstad
202541141,mossavis,1910,Moss
203430378,tunsbergeren,1910,
202944210,aftenposten,1910,Oslo
201974977,akershuspostenlillestroemnitten,1910,Lørenskog
203782257,buskerudsblad,1910,
202621676,norskkundgjoerelsestidende,1910,Oslo
200831079,indresmaalenenesavis,1910,Indre Østfold
202505782,listerogmandalsamtstidendeogadresseavis,1910,Lindesnes
201109357,mosstilskuer,1910,Moss
201477488,romsdalsbudstikke,1910,Molde
201035572,morgenbladet,1910,Oslo
200217324,bergenstidende,1910,Bergen
203455844,vestfoldsandefjordatten,1910,
202790769,soendmoerefolkeblad,1910,
202495566,lindesnes,1910,Mandal
203198781,stavangeraftenblad,1910,Stavanger
201797666,trondhjemsadresseavis,1910,Trondheim
201471583,romsdalsamtstidende,1910,Kristiansund
202023288,bergensaftenbladbergenattenattini,1910,Bergen
202786843,skandinaven,1910,
202944272,aftenposten,1910,Oslo
202050532,bodotidende,1910,Bodø
202302533,grimstadposten,1910,
203153765,nordenfjeldsktidende,1910,Levanger
201992991,arbeidet,1910,Bergen
201035432,morgenbladet,1910,Oslo
201035679,morgenbladet,1910,Oslo
200454927,faedrelandsvennen,1910,Kristiansand
200866093,kongsbergdagblad,1910,Kongsberg
202944828,aftenposten,1910,Oslo
201781592,tromsoestiftstidende,1910,Tromsø
203455657,vestfoldsandefjordatten,1910,
202452146,jarlsbergoglarviksamtstidende,1910,Larvik
200811139,helgelandsblad,1910,
202222773,folketidendetrondheimattennittien,1910,Trondheim
200455128,faedrelandsvennen,1910,Kristiansand
200790820,hedemarkensamtstidende,1910,Hamar
203125235,indtrondelagen,1910,
204025528,oerebladet,1910,
203830779,buskerudsblad,1910,
200911519,lillehammertilskuer,1910,Lillehammer
200866271,kongsbergdagblad,1910,Kongsberg
204241580,gudbrandsdalensfolkebladgjoevik,1910,
203125196,indtrondelagen,1910,
202023478,bergensaftenbladbergenattenattini,1910,Bergen
201950836,agderposten,1910,Arendal
202944455,aftenposten,1910,Oslo
201109473,mosstilskuer,1910,Moss
200562456,flekkefjordsposten,1910,
203493183,warensardne,1910,
200886117,kysten,1910,Oslo
201309880,oeieren,1910,
203867492,nordland,1910,
203386791,sarpen,1910,
202479199,landmandsposten,1910,
201505924,sandefjordsblad,1910,Sandefjord
200676353,grimstadadressetiden,1910,Grimstad
200253729,bratsbergdemokraten,1910,Skien
202642164,oplandenesavis,1910,Hamar
200667812,glommendalen,1910,Kongsvinger
200454945,faedrelandsvennen,1910,Kristiansand
202159002,egersundsposten,1910,Eigersund
201276522,norgessjoefartstidende,1910,Oslo
203402197,soendhordland,1910,
203165829,nordrebergenhusamtstidende,1910,Kinn
202786892,skandinaven,1910,
200667827,glommendalen,1910,Kongsvinger
204727978,Laagendalsposten ,1910,Kongsberg
200928397,lillesandsposten,1910,Lillesand
200044421,agderposten,1910,Arendal
202050518,bodotidende,1910,Bodø
200601540,fredriksstadtilskuer,1910,Fredrikstad
200602338,fremover,1910,Narvik
203563799,buskerudsblad,1910,
200311046,dagbladet,1910,Oslo
202057346,breidablik,1910,
201152880,nedenaesamtstidende,1910,Risør
203125186,indtrondelagen,1910,
203411693,soloerposten,1910,
200217661,bergenstidende,1910,Bergen
201309882,oeieren,1910,
201345467,osterdolen,1910,Tynset
204368410,Hamar Stiftstidende ,1910,Hamar
202601671,nordretrondhjemsamtstidende,1910,
203153726,nordenfjeldsktidende,1910,Levanger
204462016,Hamar Stiftstidende ,1910,Hamar
200836038,indtrondelagen,1910,
202060009,breviksposten,1910,Porsgrunn
203167971,nordrebergenhusfolkeblad,1910,Kinn
201109424,mosstilskuer,1910,Moss
200642937,gjengangeren,1910,Horten
200044414,agderposten,1910,Arendal
202424198,indlandsposten,1910,
201170468,nordkapp,1910,
202944718,aftenposten,1910,Oslo
202040961,bergensannoncetidende,1910,
200811227,helgelandsblad,1910,
202410677,hordalandfolkeblad,1910,Kvam
202944696,aftenposten,1910,Oslo
202621739,norskkundgjoerelsestidende,1910,Oslo
201629227,stjordalensblad,1910,Stjørdal
200866159,kongsbergdagblad,1910,Kongsberg
200790924,hedemarkensamtstidende,1910,Hamar
200027843,agder,1910,
200623965,fremtiden,1910,Drammen
200602386,fremover,1910,Narvik
200310953,dagbladet,1910,Oslo
202541164,mossavis,1910,Moss
203455564,vestfoldsandefjordatten,1910,
201993062,arbeidet,1910,Bergen
202541078,mossavis,1910,Moss
202554154,namdalensblad,1910,
202495469,lindesnes,1910,Mandal
202790766,soendmoerefolkeblad,1910,
200454967,faedrelandsvennen,1910,Kristiansand
202302447,grimstadposten,1910,
200811170,helgelandsblad,1910,
200752814,harstadtidende,1910,Harstad
202302450,grimstadposten,1910,
202410632,hordalandfolkeblad,1910,Kvam
201993105,arbeidet,1910,Bergen
201797888,trondhjemsadresseavis,1910,Trondheim
202541173,mossavis,1910,Moss
201035794,morgenbladet,1910,Oslo
201992952,arbeidet,1910,Bergen
201967697,akershus,1910,Lillestrøm
202756659,romsdalstidende,1910,
202521386,moldeannonceblad,1910,
202495450,lindesnes,1910,Mandal
204599432,Bergensposten Fram (Bergen 1892-1893) ,1910,Bergen
200667793,glommendalen,1910,Kongsvinger
202474840,kristiansundspostenatten,1910,
201035747,morgenbladet,1910,Oslo
201556851,socialdemokraten,1910,Oslo
201671715,svelviksposten,1910,Drammen
201316145,ofotenstidende,1910,Narvik
200676449,grimstadadressetiden,1910,Grimstad
202012932,baerumogaskersblad,1910,
200601710,fredriksstadtilskuer,1910,Fredrikstad
201671723,svelviksposten,1910,Drammen
200525880,finnmarksposten,1910,Nordkapp
201572929,sogningen,1910,Sogndal
200311141,dagbladet,1910,Oslo
201505851,sandefjordsblad,1910,Sandefjord
202609844,nordtroenderen,1910,
202505759,listerogmandalsamtstidendeogadresseavis,1910,Lindesnes
201477524,romsdalsbudstikke,1910,Molde
202554132,namdalensblad,1910,
202181462,farsundsavis,1910,Farsund
200886175,kysten,1910,Oslo
204715761,Laagendalsposten ,1910,Kongsberg
202023510,bergensaftenbladbergenattenattini,1910,Bergen
202579915,nordlandsfolkeblad,1910,
203386854,sarpen,1910,
202944274,aftenposten,1910,Oslo
204293454,vestoplaendingen,1910,
201345602,osterdolen,1910,Tynset
202585484,nordlandsposten,1910,Bodø
202944839,aftenposten,1910,Oslo
203118907,indherred,1910,Steinkjer
200217434,bergenstidende,1910,Bergen
201505867,sandefjordsblad,1910,Sandefjord
201967676,akershus,1910,Lillestrøm
201797988,trondhjemsadresseavis,1910,Trondheim
200601575,fredriksstadtilskuer,1910,Fredrikstad
200623864,fremtiden,1910,Drammen
203303005,buskerudsamtstidendedrammen,1910,
202541194,mossavis,1910,Moss
203117038,indheredsposten,1910,
201557016,socialdemokraten,1910,Oslo
202222959,folketidendetrondheimattennittien,1910,Trondheim
202050497,bodotidende,1910,Bodø
204241542,gudbrandsdalensfolkebladgjoevik,1910,
200562556,flekkefjordsposten,1910,
204293380,vestoplaendingen,1910,
201993169,arbeidet,1910,Bergen
200642801,gjengangeren,1910,Horten
202474877,kristiansundspostenatten,1910,
200831135,indresmaalenenesavis,1910,Indre Østfold
204241589,gudbrandsdalensfolkebladgjoevik,1910,
203358758,oevresmaalenene,1910,Indre Østfold
203198803,stavangeraftenblad,1910,Stavanger
203165816,nordrebergenhusamtstidende,1910,Kinn
200217463,bergenstidende,1910,Bergen
201979091,akersposten,1910,Oslo
200694086,gudbrandsdoelen,1910,Lillehammer
201316105,ofotenstidende,1910,Narvik
200217436,bergenstidende,1910,Bergen
202609760,nordtroenderen,1910,
202585519,nordlandsposten,1910,Bodø
202158931,egersundsposten,1910,Eigersund
202521424,moldeannonceblad,1910,
202040752,bergensannoncetidende,1910,
201035520,morgenbladet,1910,Oslo
201471541,romsdalsamtstidende,1910,Kristiansund
202521400,moldeannonceblad,1910,
201992880,arbeidet,1910,Bergen
202474878,kristiansundspostenatten,1910,
203198755,stavangeraftenblad,1910,Stavanger
202944556,aftenposten,1910,Oslo
203908040,buskerudsblad,1910,
200790921,hedemarkensamtstidende,1910,Hamar
202621995,norskkundgjoerelsestidende,1910,Oslo
202059987,breviksposten,1910,Porsgrunn
201276455,norgessjoefartstidende,1910,Oslo
203455597,vestfoldsandefjordatten,1910,
201572940,sogningen,1910,Sogndal
202479213,landmandsposten,1910,
202050570,bodotidende,1910,Bodø
201798060,trondhjemsadresseavis,1910,Trondheim
201452178,romerikesblad,1910,Lillestrøm
202023354,bergensaftenbladbergenattenattini,1910,Bergen
204293426,vestoplaendingen,1910,
202579931,nordlandsfolkeblad,1910,
201600307,solungen,1910,Kongsvinger
202222768,folketidendetrondheimattennittien,1910,Trondheim
203411692,soloerposten,1910,
202495498,lindesnes,1910,Mandal
202242386,fredrikshaldstilskuer,1910,Halden
204374167,Hamar Stiftstidende ,1910,Hamar
201217570,nordlys,1910,Tromsø
204387329,Samhold (Gjøvik: 1885-1920) ,1910,Gjøvik
203153704,nordenfjeldsktidende,1910,Levanger
203455751,vestfoldsandefjordatten,1910,
203020006,askerogbaerumsbudstikke,1910,Bærum
202023260,bergensaftenbladbergenattenattini,1910,Bergen
200601746,fredriksstadtilskuer,1910,Fredrikstad
203125184,indtrondelagen,1910,
203302870,buskerudsamtstidendedrammen,1910,
204361520,Hamar Stiftstidende ,1910,Hamar
201797844,trondhjemsadresseavis,1910,Trondheim
201035552,morgenbladet,1910,Oslo
204487122,Samhold (Gjøvik: 1885-1920) ,1910,Gjøvik
203020049,askerogbaerumsbudstikke,1910,Bærum
201950705,agderposten,1910,Arendal
203358861,oevresmaalenene,1910,Indre Østfold
204618035,Samhold (Gjøvik: 1885-1920) ,1910,Gjøvik
202059965,breviksposten,1910,Porsgrunn
201152821,nedenaesamtstidende,1910,Risør
203198799,stavangeraftenblad,1910,Stavanger
200601468,fredriksstadtilskuer,1910,Fredrikstad
200311130,dagbladet,1910,Oslo
201798045,trondhjemsadresseavis,1910,Trondheim
202536109,mossaftenblad,1910,
200253800,bratsbergdemokraten,1910,Skien
202041013,bergensannoncetidende,1910,
200676450,grimstadadressetiden,1910,Grimstad
202302530,grimstadposten,1910,
201505979,sandefjordsblad,1910,Sandefjord
200601514,fredriksstadtilskuer,1910,Fredrikstad
201035638,morgenbladet,1910,Oslo
201941517,vortlandosloattennitti,1910,Oslo
203756611,aftenpostenukensnytt,1910,
201309898,oeieren,1910,
201797877,trondhjemsadresseavis,1910,Trondheim
200928311,lillesandsposten,1910,Lillesand
201452124,romerikesblad,1910,Lillestrøm
201276462,norgessjoefartstidende,1910,Oslo
202424300,indlandsposten,1910,
200885925,kysten,1910,Oslo
201973527,akershusfolkebladdroebak,1910,Oslo
202500277,listerfarsundatten,1910,
200217399,bergenstidende,1910,Bergen
203433368,tvedestrandogomegnsavis,1910,
200752849,harstadtidende,1910,Harstad
200642879,gjengangeren,1910,Horten
200027877,agder,1910,
200454879,faedrelandsvennen,1910,Kristiansand
200601726,fredriksstadtilskuer,1910,Fredrikstad
202222868,folketidendetrondheimattennittien,1910,Trondheim
203455703,vestfoldsandefjordatten,1910,
202222715,folketidendetrondheimattennittien,1910,Trondheim
203463150,vossavis,1910,
203125291,indtrondelagen,1910,
201594599,sognstidend,1910,Sogndal
200311073,dagbladet,1910,Oslo
202050547,bodotidende,1910,Bodø
203125233,indtrondelagen,1910,
201505996,sandefjordsblad,1910,Sandefjord
200217534,bergenstidende,1910,Bergen
203850237,lofotposten,1910,
202410679,hordalandfolkeblad,1910,Kvam
200358146,dagensnytt,1910,
200642946,gjengangeren,1910,Horten
204241522,gudbrandsdalensfolkebladgjoevik,1910,
203199007,stavangeraftenblad,1910,Stavanger
203396244,skotfosavisnittennullen,1910,
201035784,morgenbladet,1910,Oslo
202521381,moldeannonceblad,1910,
201979050,akersposten,1910,Oslo
202483319,langesundsposten,1910,
200928362,lillesandsposten,1910,Lillesand
200667816,glommendalen,1910,Kongsvinger
204650075,Hamar Stiftstidende ,1910,Hamar
201797904,trondhjemsadresseavis,1910,Trondheim
202521436,moldeannonceblad,1910,
200811169,helgelandsblad,1910,
202500388,listerfarsundatten,1910,
200831088,indresmaalenenesavis,1910,Indre Østfold
200311012,dagbladet,1910,Oslo
200454916,faedrelandsvennen,1910,Kristiansand
202609726,nordtroenderen,1910,
200044408,agderposten,1910,Arendal
201505849,sandefjordsblad,1910,Sandefjord
200831023,indresmaalenenesavis,1910,Indre Østfold
201775805,tromsoeposten,1910,Tromsø
202579926,nordlandsfolkeblad,1910,
203539776,helgeland,1910,
202040988,bergensannoncetidende,1910,
202452209,jarlsbergoglarviksamtstidende,1910,Larvik
202568277,nordfjord,1910,
200454929,faedrelandsvennen,1910,Kristiansand
202479203,landmandsposten,1910,
201035830,morgenbladet,1910,Oslo
200886205,kysten,1910,Oslo
203455841,vestfoldsandefjordatten,1910,
203198876,stavangeraftenblad,1910,Stavanger
202242353,fredrikshaldstilskuer,1910,Halden
200602389,fremover,1910,Narvik
200525865,finnmarksposten,1910,Nordkapp
200831111,indresmaalenenesavis,1910,Indre Østfold
204453236,Hamar Stiftstidende ,1910,Hamar
200455057,faedrelandsvennen,1910,Kristiansand
202483330,langesundsposten,1910,
200790856,hedemarkensamtstidende,1910,Hamar
201434744,rogalandnittensju,1910,Stavanger
204585071,Samhold (Gjøvik: 1885-1920) ,1910,Gjøvik
201109402,mosstilskuer,1910,Moss
201534666,selbyggen,1910,Selbu
200886148,kysten,1910,Oslo
201973535,akershusfolkebladdroebak,1910,Oslo
201477533,romsdalsbudstikke,1910,Molde
203463174,vossavis,1910,
200027888,agder,1910,
200886172,kysten,1910,Oslo
200642964,gjengangeren,1910,Horten
202059948,breviksposten,1910,Porsgrunn
202756636,romsdalstidende,1910,
203125183,indtrondelagen,1910,
201967741,akershus,1910,Lillestrøm
200911555,lillehammertilskuer,1910,Lillehammer
202452025,jarlsbergoglarviksamtstidende,1910,Larvik
200752859,harstadtidende,1910,Harstad
200217450,bergenstidende,1910,Bergen
204724486,Laagendalsposten ,1910,Kongsberg
202756602,romsdalstidende,1910,
203955152,buskerudsblad,1910,
202452120,jarlsbergoglarviksamtstidende,1910,Larvik
201035634,morgenbladet,1910,Oslo
201345576,osterdolen,1910,Tynset
202500275,listerfarsundatten,1910,
200642847,gjengangeren,1910,Horten
203433311,tvedestrandogomegnsavis,1910,
204439357,Samhold (Gjøvik: 1885-1920) ,1910,Gjøvik
200811183,helgelandsblad,1910,
202585513,nordlandsposten,1910,Bodø
200911559,lillehammertilskuer,1910,Lillehammer
202944236,aftenposten,1910,Oslo
202023388,bergensaftenbladbergenattenattini,1910,Bergen
202222846,folketidendetrondheimattennittien,1910,Trondheim
202050580,bodotidende,1910,Bodø
204319029,gjoviksbladattenattifire,1910,
203168034,nordrebergenhusfolkeblad,1910,Kinn
202181398,farsundsavis,1910,Farsund
201109399,mosstilskuer,1910,Moss
202944787,aftenposten,1910,Oslo
200044394,agderposten,1910,Arendal
201967597,akershus,1910,Lillestrøm
203912475,salten,1910,
203302867,buskerudsamtstidendedrammen,1910,
200564536,foerstemai,1910,Stavanger
203502926,oerebladet,1910,
202521423,moldeannonceblad,1910,
200866100,kongsbergdagblad,1910,Kongsberg
202483365,langesundsposten,1910,
202239804,fredrikshaldsavis,1910,
203019997,askerogbaerumsbudstikke,1910,Bærum
203942553,aftenpostenukensnytt,1910,
200044464,agderposten,1910,Arendal
201797739,trondhjemsadresseavis,1910,Trondheim
202541200,mossavis,1910,Moss
202059912,breviksposten,1910,Porsgrunn
201477506,romsdalsbudstikke,1910,Molde
201309896,oeieren,1910,
202479180,landmandsposten,1910,
203411602,soloerposten,1910,
203198789,stavangeraftenblad,1910,Stavanger
201557010,socialdemokraten,1910,Oslo
203386765,sarpen,1910,
201775737,tromsoeposten,1910,Tromsø
201556868,socialdemokraten,1910,Oslo
200911613,lillehammertilskuer,1910,Lillehammer
203803913,oerebladet,1910,
200911629,lillehammertilskuer,1910,Lillehammer
204293479,vestoplaendingen,1910,
201797842,trondhjemsadresseavis,1910,Trondheim
204293453,vestoplaendingen,1910,
203826882,buskerudsblad,1910,
204241618,gudbrandsdalensfolkebladgjoevik,1910,
204293422,vestoplaendingen,1910,
200217347,bergenstidende,1910,Bergen
202495478,lindesnes,1910,Mandal
204319019,gjoviksbladattenattifire,1910,
202601752,nordretrondhjemsamtstidende,1910,
203884146,oerebladet,1910,
200676374,grimstadadressetiden,1910,Grimstad
200311182,dagbladet,1910,Oslo
203303043,buskerudsamtstidendedrammen,1910,
201572984,sogningen,1910,Sogndal
200601521,fredriksstadtilskuer,1910,Fredrikstad
201557048,socialdemokraten,1910,Oslo
201560778,soendretrondhjemsamtstidende,1910,Orkdal
203816305,buskerudsblad,1910,
200642808,gjengangeren,1910,Horten
200752864,harstadtidende,1910,Harstad
202609815,nordtroenderen,1910,
203711208,nordland,1910,
202944824,aftenposten,1910,Oslo
200311107,dagbladet,1910,Oslo
200602375,fremover,1910,Narvik
201452146,romerikesblad,1910,Lillestrøm
204569062,Hamar Stiftstidende ,1910,Hamar
200694082,gudbrandsdoelen,1910,Lillehammer
201035395,morgenbladet,1910,Oslo
203198837,stavangeraftenblad,1910,Stavanger
200310946,dagbladet,1910,Oslo
201194365,nordlandsposten,1910,Bodø
202452039,jarlsbergoglarviksamtstidende,1910,Larvik
200562490,flekkefjordsposten,1910,
200676436,grimstadadressetiden,1910,Grimstad
203358769,oevresmaalenene,1910,Indre Østfold
204241597,gudbrandsdalensfolkebladgjoevik,1910,
200694057,gudbrandsdoelen,1910,Lillehammer
202944424,aftenposten,1910,Oslo
200217406,bergenstidende,1910,Bergen
202479160,landmandsposten,1910,
202474944,kristiansundspostenatten,1910,
200694023,gudbrandsdoelen,1910,Lillehammer
202012902,baerumogaskersblad,1910,
200601459,fredriksstadtilskuer,1910,Fredrikstad
201309837,oeieren,1910,
201316166,ofotenstidende,1910,Narvik
201035528,morgenbladet,1910,Oslo
201798067,trondhjemsadresseavis,1910,Trondheim
201035420,morgenbladet,1910,Oslo
201556749,socialdemokraten,1910,Oslo
201276509,norgessjoefartstidende,1910,Oslo
203393433,senjensbladnittennullsju,1910,
201035906,morgenbladet,1910,Oslo
201572995,sogningen,1910,Sogndal
201629288,stjordalensblad,1910,Stjørdal
203644815,lofotposten,1910,
202500377,listerfarsundatten,1910,
201975006,akershuspostenlillestroemnitten,1910,Lørenskog
200311123,dagbladet,1910,Oslo
200928333,lillesandsposten,1910,Lillesand
201600251,solungen,1910,Kongsvinger
200217497,bergenstidende,1910,Bergen
202222980,folketidendetrondheimattennittien,1910,Trondheim
202521390,moldeannonceblad,1910,
202483311,langesundsposten,1910,
203455575,vestfoldsandefjordatten,1910,
202050515,bodotidende,1910,Bodø
202642170,oplandenesavis,1910,Hamar
203970144,nordland,1910,
201781595,tromsoestiftstidende,1910,Tromsø
202786886,skandinaven,1910,
201993102,arbeidet,1910,Bergen
200525847,finnmarksposten,1910,Nordkapp
202589629,nordlendingen,1910,
200866228,kongsbergdagblad,1910,Kongsberg
202040797,bergensannoncetidende,1910,
204293370,vestoplaendingen,1910,
203455741,vestfoldsandefjordatten,1910,
202023357,bergensaftenbladbergenattenattini,1910,Bergen
201035367,morgenbladet,1910,Oslo
200602358,fremover,1910,Narvik
202222864,folketidendetrondheimattennittien,1910,Trondheim
200253793,bratsbergdemokraten,1910,Skien
202790745,soendmoerefolkeblad,1910,
203860323,lofotposten,1910,
204733880,Laagendalsposten ,1910,Kongsberg
203886273,salten,1910,
202944911,aftenposten,1910,Oslo
200752894,harstadtidende,1910,Harstad
202944844,aftenposten,1910,Oslo
202483291,langesundsposten,1910,
201556773,socialdemokraten,1910,Oslo
201109417,mosstilskuer,1910,Moss
200601722,fredriksstadtilskuer,1910,Fredrikstad
202059946,breviksposten,1910,Porsgrunn
203117045,indheredsposten,1910,
200564477,foerstemai,1910,Stavanger
200667751,glommendalen,1910,Kongsvinger
201600177,solungen,1910,Kongsvinger
202452113,jarlsbergoglarviksamtstidende,1910,Larvik
202500393,listerfarsundatten,1910,
204241563,gudbrandsdalensfolkebladgjoevik,1910,
201452132,romerikesblad,1910,Lillestrøm
203496286,lofotposten,1910,
201276448,norgessjoefartstidende,1910,Oslo
202944310,aftenposten,1910,Oslo
202302527,grimstadposten,1910,
203411558,soloerposten,1910,
202060000,breviksposten,1910,Porsgrunn
202302507,grimstadposten,1910,
201833921,valdres,1910,Nord-Aurdal
203199003,stavangeraftenblad,1910,Stavanger
200928404,lillesandsposten,1910,Lillesand
203455790,vestfoldsandefjordatten,1910,
201035454,morgenbladet,1910,Oslo
201170426,nordkapp,1910,
203455791,vestfoldsandefjordatten,1910,
200811207,helgelandsblad,1910,
200694051,gudbrandsdoelen,1910,Lillehammer
202568324,nordfjord,1910,
203153823,nordenfjeldsktidende,1910,Levanger
202495564,lindesnes,1910,Mandal
203125201,indtrondelagen,1910,
204151384,fjordenestidende,1910,
202756640,romsdalstidende,1910,
202059955,breviksposten,1910,Porsgrunn
200831057,indresmaalenenesavis,1910,Indre Østfold
200358256,dagensnytt,1910,
200602347,fremover,1910,Narvik
200217315,bergenstidende,1910,Bergen
202495595,lindesnes,1910,Mandal
200217664,bergenstidende,1910,Bergen
203430453,tunsbergeren,1910,
203198970,stavangeraftenblad,1910,Stavanger
201967685,akershus,1910,Lillestrøm
201797983,trondhjemsadresseavis,1910,Trondheim
202601770,nordretrondhjemsamtstidende,1910,
201600230,solungen,1910,Kongsvinger
202579902,nordlandsfolkeblad,1910,
200310962,dagbladet,1910,Oslo
202589611,nordlendingen,1910,
200667802,glommendalen,1910,Kongsvinger
200831069,indresmaalenenesavis,1910,Indre Østfold
203117040,indheredsposten,1910,
203303144,buskerudsamtstidendedrammen,1910,
201035810,morgenbladet,1910,Oslo
200694094,gudbrandsdoelen,1910,Lillehammer
201967607,akershus,1910,Lillestrøm
201556838,socialdemokraten,1910,Oslo
200217390,bergenstidende,1910,Bergen
201992945,arbeidet,1910,Bergen
202790770,soendmoerefolkeblad,1910,
200866182,kongsbergdagblad,1910,Kongsberg
201629230,stjordalensblad,1910,Stjørdal
204319107,gjoviksbladattenattifire,1910,
200027820,agder,1910,
202944785,aftenposten,1910,Oslo
203738401,buskerudsblad,1910,
202040788,bergensannoncetidende,1910,
202410656,hordalandfolkeblad,1910,Kvam
202642224,oplandenesavis,1910,Hamar
202556370,namdalensfolkeblad,1910,
201477476,romsdalsbudstikke,1910,Molde
201035858,morgenbladet,1910,Oslo
201152887,nedenaesamtstidende,1910,Risør
200217340,bergenstidende,1910,Bergen
200676492,grimstadadressetiden,1910,Grimstad
200358275,dagensnytt,1910,
202050517,bodotidende,1910,Bodø
200911541,lillehammertilskuer,1910,Lillehammer
203906763,oerebladet,1910,
202944503,aftenposten,1910,Oslo
203303057,buskerudsamtstidendedrammen,1910,
202012878,baerumogaskersblad,1910,
200027793,agder,1910,
202222765,folketidendetrondheimattennittien,1910,Trondheim
200623929,fremtiden,1910,Drammen
202944380,aftenposten,1910,Oslo
201798062,trondhjemsadresseavis,1910,Trondheim
200623933,fremtiden,1910,Drammen
200455168,faedrelandsvennen,1910,Kristiansand
200928369,lillesandsposten,1910,Lillesand
203691925,oerebladet,1910,
201152833,nedenaesamtstidende,1910,Risør
201505929,sandefjordsblad,1910,Sandefjord
200694036,gudbrandsdoelen,1910,Lillehammer
203393449,senjensbladnittennullsju,1910,
204528770,Hamar Stiftstidende ,1910,Hamar
201967669,akershus,1910,Lillestrøm
200886196,kysten,1910,Oslo
202059977,breviksposten,1910,Porsgrunn
202040919,bergensannoncetidende,1910,
200866127,kongsbergdagblad,1910,Kongsberg
200525848,finnmarksposten,1910,Nordkapp
201950851,agderposten,1910,Arendal
201556926,socialdemokraten,1910,Oslo
202479200,landmandsposten,1910,
202601674,nordretrondhjemsamtstidende,1910,
200044416,agderposten,1910,Arendal
202944307,aftenposten,1910,Oslo
200310825,dagbladet,1910,Oslo
202756610,romsdalstidende,1910,
201992897,arbeidet,1910,Bergen
200217528,bergenstidende,1910,Bergen
204699072,Laagendalsposten ,1910,Kongsberg
203185153,ranenstidende,1910,Hemnes
200831039,indresmaalenenesavis,1910,Indre Østfold
200217438,bergenstidende,1910,Bergen
200525875,finnmarksposten,1910,Nordkapp
201798066,trondhjemsadresseavis,1910,Trondheim
201993085,arbeidet,1910,Bergen
201557012,socialdemokraten,1910,Oslo
200831046,indresmaalenenesavis,1910,Indre Østfold
203411633,soloerposten,1910,
203125226,indtrondelagen,1910,
204351751,unglyden ,1910,Voss
203806874,buskerudsblad,1910,
202554159,namdalensblad,1910,
202222714,folketidendetrondheimattennittien,1910,Trondheim
201600176,solungen,1910,Kongsvinger
202621690,norskkundgjoerelsestidende,1910,Oslo
203744869,salten,1910,
202505758,listerogmandalsamtstidendeogadresseavis,1910,Lindesnes
202541119,mossavis,1910,Moss
201534674,selbyggen,1910,Selbu
203396259,skotfosavisnittennullen,1910,
201775746,tromsoeposten,1910,Tromsø
202474937,kristiansundspostenatten,1910,
204293447,vestoplaendingen,1910,
202495571,lindesnes,1910,Mandal
201276432,norgessjoefartstidende,1910,Oslo
203433305,tvedestrandogomegnsavis,1910,
201833906,valdres,1910,Nord-Aurdal
203153789,nordenfjeldsktidende,1910,Levanger
200831099,indresmaalenenesavis,1910,Indre Østfold
201035281,morgenbladet,1910,Oslo
203386878,sarpen,1910,
201594632,sognstidend,1910,Sogndal
201170436,nordkapp,1910,
200886023,kysten,1910,Oslo
201345558,osterdolen,1910,Tynset
203386849,sarpen,1910,
202579950,nordlandsfolkeblad,1910,
200831091,indresmaalenenesavis,1910,Indre Østfold
200436760,dunderlandsdoelen,1910,Rana
201035316,morgenbladet,1910,Oslo
202040966,bergensannoncetidende,1910,
200676454,grimstadadressetiden,1910,Grimstad
200667785,glommendalen,1910,Kongsvinger
203633757,nordland,1910,
200358238,dagensnytt,1910,
204003185,bergenstidende,1910,
201109492,mosstilskuer,1910,Moss
203411587,soloerposten,1910,
200602337,fremover,1910,Narvik
202601735,nordretrondhjemsamtstidende,1910,
201967679,akershus,1910,Lillestrøm
203761766,helgeland,1910,
201109457,mosstilskuer,1910,Moss
201557049,socialdemokraten,1910,Oslo
202521472,moldeannonceblad,1910,
201797845,trondhjemsadresseavis,1910,Trondheim
200562473,flekkefjordsposten,1910,
200623938,fremtiden,1910,Drammen
202609732,nordtroenderen,1910,
202786867,skandinaven,1910,
202568274,nordfjord,1910,
202522344,more,1910,Volda
200928375,lillesandsposten,1910,Lillesand
200253812,bratsbergdemokraten,1910,Skien
200217372,bergenstidende,1910,Bergen
202589645,nordlendingen,1910,
202505819,listerogmandalsamtstidendeogadresseavis,1910,Lindesnes
200866214,kongsbergdagblad,1910,Kongsberg
200601488,fredriksstadtilskuer,1910,Fredrikstad
203167984,nordrebergenhusfolkeblad,1910,Kinn
201505975,sandefjordsblad,1910,Sandefjord
202944600,aftenposten,1910,Oslo
203125129,indtrondelagen,1910,
203393425,senjensbladnittennullsju,1910,
202756594,romsdalstidende,1910,
201572997,sogningen,1910,Sogndal
202424233,indlandsposten,1910,
202023490,bergensaftenbladbergenattenattini,1910,Bergen
201967718,akershus,1910,Lillestrøm
202522353,more,1910,Volda
202495508,lindesnes,1910,Mandal
202642162,oplandenesavis,1910,Hamar
202452013,jarlsbergoglarviksamtstidende,1910,Larvik
200676437,grimstadadressetiden,1910,Grimstad
202159030,egersundsposten,1910,Eigersund
200602402,fremover,1910,Narvik
200253735,bratsbergdemokraten,1910,Skien
202944874,aftenposten,1910,Oslo
202424249,indlandsposten,1910,
201556885,socialdemokraten,1910,Oslo
201950827,agderposten,1910,Arendal
201833890,valdres,1910,Nord-Aurdal
201797987,trondhjemsadresseavis,1910,Trondheim
203534419,lofotposten,1910,
200455141,faedrelandsvennen,1910,Kristiansand
200027894,agder,1910,
202944375,aftenposten,1910,Oslo
202410599,hordalandfolkeblad,1910,Kvam
202944957,aftenposten,1910,Oslo
201035282,morgenbladet,1910,Oslo
202944535,aftenposten,1910,Oslo
201992870,arbeidet,1910,Bergen
201833948,valdres,1910,Nord-Aurdal
200358267,dagensnytt,1910,
200044506,agderposten,1910,Arendal
203302918,buskerudsamtstidendedrammen,1910,
201170393,nordkapp,1910,
202023294,bergensaftenbladbergenattenattini,1910,Bergen
201217551,nordlys,1910,Tromsø
204151345,fjordenestidende,1910,
202452087,jarlsbergoglarviksamtstidende,1910,Larvik
200642942,gjengangeren,1910,Horten
200562489,flekkefjordsposten,1910,
202023434,bergensaftenbladbergenattenattini,1910,Bergen
200866220,kongsbergdagblad,1910,Kongsberg
201217555,nordlys,1910,Tromsø
202050577,bodotidende,1910,Bodø
202944603,aftenposten,1910,Oslo
201452117,romerikesblad,1910,Lillestrøm
202023336,bergensaftenbladbergenattenattini,1910,Bergen
200642947,gjengangeren,1910,Horten
202302551,grimstadposten,1910,
201671741,svelviksposten,1910,Drammen
203153759,nordenfjeldsktidende,1910,Levanger
202609768,nordtroenderen,1910,
203198993,stavangeraftenblad,1910,Stavanger
201035783,morgenbladet,1910,Oslo
200027785,agder,1910,
201993064,arbeidet,1910,Bergen
200866266,kongsbergdagblad,1910,Kongsberg
204036691,nordland,1910,
202621693,norskkundgjoerelsestidende,1910,Oslo
200217495,bergenstidende,1910,Bergen
200455031,faedrelandsvennen,1910,Kristiansand
203302972,buskerudsamtstidendedrammen,1910,
202474875,kristiansundspostenatten,1910,
201600298,solungen,1910,Kongsvinger
202059947,breviksposten,1910,Porsgrunn
203721852,lofotposten,1910,
201276484,norgessjoefartstidende,1910,Oslo
200027873,agder,1910,
201170448,nordkapp,1910,
202609805,nordtroenderen,1910,
202944184,aftenposten,1910,Oslo
200253796,bratsbergdemokraten,1910,Skien
201993020,arbeidet,1910,Bergen
203118909,indherred,1910,Steinkjer
200911534,lillehammertilskuer,1910,Lillehammer
202642286,oplandenesavis,1910,Hamar
202222748,folketidendetrondheimattennittien,1910,Trondheim
202554183,namdalensblad,1910,
204393803,Samhold (Gjøvik: 1885-1920) ,1910,Gjøvik
202452210,jarlsbergoglarviksamtstidende,1910,Larvik
202944186,aftenposten,1910,Oslo
200831024,indresmaalenenesavis,1910,Indre Østfold
202601725,nordretrondhjemsamtstidende,1910,
202059922,breviksposten,1910,Porsgrunn
200310911,dagbladet,1910,Oslo
203303135,buskerudsamtstidendedrammen,1910,
201035354,morgenbladet,1910,Oslo
202023456,bergensaftenbladbergenattenattini,1910,Bergen
202554096,namdalensblad,1910,
202474931,kristiansundspostenatten,1910,
201035435,morgenbladet,1910,Oslo
204598024,Hamar Stiftstidende ,1910,Hamar
202568290,nordfjord,1910,
201316099,ofotenstidende,1910,Narvik
200027913,agder,1910,
202536092,mossaftenblad,1910,
203895348,oerebladet,1910,
201309847,oeieren,1910,
201035787,morgenbladet,1910,Oslo
201992861,arbeidet,1910,Bergen
200601748,fredriksstadtilskuer,1910,Fredrikstad
203019982,askerogbaerumsbudstikke,1910,Bærum
203396252,skotfosavisnittennullen,1910,
202556294,namdalensfolkeblad,1910,
201345585,osterdolen,1910,Tynset
201993167,arbeidet,1910,Bergen
200911512,lillehammertilskuer,1910,Lillehammer
202944805,aftenposten,1910,Oslo
200831053,indresmaalenenesavis,1910,Indre Østfold
203396206,skotfosavisnittennullen,1910,
200928381,lillesandsposten,1910,Lillesand
201798054,trondhjemsadresseavis,1910,Trondheim
202474938,kristiansundspostenatten,1910,
202222903,folketidendetrondheimattennittien,1910,Trondheim
200217471,bergenstidende,1910,Bergen
200310986,dagbladet,1910,Oslo
203019981,askerogbaerumsbudstikke,1910,Bærum
202500269,listerfarsundatten,1910,
202601747,nordretrondhjemsamtstidende,1910,
200676426,grimstadadressetiden,1910,Grimstad
202786861,skandinaven,1910,
200217550,bergenstidende,1910,Bergen
200027768,agder,1910,
201556927,socialdemokraten,1910,Oslo
201035855,morgenbladet,1910,Oslo
200601674,fredriksstadtilskuer,1910,Fredrikstad
202944910,aftenposten,1910,Oslo
202554157,namdalensblad,1910,
202452159,jarlsbergoglarviksamtstidende,1910,Larvik
201993124,arbeidet,1910,Bergen
203198920,stavangeraftenblad,1910,Stavanger
200676482,grimstadadressetiden,1910,Grimstad
201452128,romerikesblad,1910,Lillestrøm
204394247,Samhold (Gjøvik: 1885-1920) ,1910,Gjøvik
203430362,tunsbergeren,1910,
202424231,indlandsposten,1910,
204497555,Hamar Stiftstidende ,1910,Hamar
201967746,akershus,1910,Lillestrøm
201477458,romsdalsbudstikke,1910,Molde
201556745,socialdemokraten,1910,Oslo
201109388,mosstilskuer,1910,Moss
202642255,oplandenesavis,1910,Hamar
203125140,indtrondelagen,1910,
203358845,oevresmaalenene,1910,Indre Østfold
204241478,gudbrandsdalensfolkebladgjoevik,1910,
203608872,buskerudsblad,1910,
200790923,hedemarkensamtstidende,1910,Hamar
202050594,bodotidende,1910,Bodø
200564521,foerstemai,1910,Stavanger
202786856,skandinaven,1910,
200358273,dagensnytt,1910,
201979049,akersposten,1910,Oslo
200623987,fremtiden,1910,Drammen
202642169,oplandenesavis,1910,Hamar
203118910,indherred,1910,Steinkjer
203358825,oevresmaalenene,1910,Indre Østfold
200642874,gjengangeren,1910,Horten
200601744,fredriksstadtilskuer,1910,Fredrikstad
202944515,aftenposten,1910,Oslo
202452186,jarlsbergoglarviksamtstidende,1910,Larvik
201557031,socialdemokraten,1910,Oslo
203455618,vestfoldsandefjordatten,1910,
202756587,romsdalstidende,1910,
200676359,grimstadadressetiden,1910,Grimstad
200667826,glommendalen,1910,Kongsvinger
204319071,gjoviksbladattenattifire,1910,
200310980,dagbladet,1910,Oslo
203430474,tunsbergeren,1910,
200217531,bergenstidende,1910,Bergen
201556920,socialdemokraten,1910,Oslo
202012913,baerumogaskersblad,1910,
202452066,jarlsbergoglarviksamtstidende,1910,Larvik
202495474,lindesnes,1910,Mandal
201775781,tromsoeposten,1910,Tromsø
200885970,kysten,1910,Oslo
200564512,foerstemai,1910,Stavanger
201797813,trondhjemsadresseavis,1910,Trondheim
203707544,aftenpostenukensnytt,1910,
203411657,soloerposten,1910,
200831115,indresmaalenenesavis,1910,Indre Østfold
202040754,bergensannoncetidende,1910,
203889184,buskerudsblad,1910,
201600233,solungen,1910,Kongsvinger
202410619,hordalandfolkeblad,1910,Kvam
202642215,oplandenesavis,1910,Hamar
203302871,buskerudsamtstidendedrammen,1910,
201975119,akershuspostenlillestroemnitten,1910,Lørenskog
202479171,landmandsposten,1910,
202410706,hordalandfolkeblad,1910,Kvam
201556902,socialdemokraten,1910,Oslo
202050591,bodotidende,1910,Bodø
202554155,namdalensblad,1910,
201993143,arbeidet,1910,Bergen
201833918,valdres,1910,Nord-Aurdal
201798018,trondhjemsadresseavis,1910,Trondheim
202500298,listerfarsundatten,1910,
203396241,skotfosavisnittennullen,1910,
202536027,mossaftenblad,1910,
203302993,buskerudsamtstidendedrammen,1910,
200811199,helgelandsblad,1910,
202944797,aftenposten,1910,Oslo
202012905,baerumogaskersblad,1910,
203686958,warensardne,1910,
202181444,farsundsavis,1910,Farsund
202944324,aftenposten,1910,Oslo
201833971,valdres,1910,Nord-Aurdal
202410693,hordalandfolkeblad,1910,Kvam
200642983,gjengangeren,1910,Horten
204151321,fjordenestidende,1910,
203153795,nordenfjeldsktidende,1910,Levanger
202023292,bergensaftenbladbergenattenattini,1910,Bergen
201797680,trondhjemsadresseavis,1910,Trondheim
200694131,gudbrandsdoelen,1910,Lillehammer
204412582,Samhold (Gjøvik: 1885-1920) ,1910,Gjøvik
202474818,kristiansundspostenatten,1910,
201775754,tromsoeposten,1910,Tromsø
204030274,narviktidende,1910,
203153813,nordenfjeldsktidende,1910,Levanger
201594563,sognstidend,1910,Sogndal
203386906,sarpen,1910,
200790838,hedemarkensamtstidende,1910,Hamar
201833908,valdres,1910,Nord-Aurdal
202541203,mossavis,1910,Moss
200790836,hedemarkensamtstidende,1910,Hamar
201556756,socialdemokraten,1910,Oslo
200310977,dagbladet,1910,Oslo
202479251,landmandsposten,1910,
202944637,aftenposten,1910,Oslo
201797962,trondhjemsadresseavis,1910,Trondheim
200310887,dagbladet,1910,Oslo
202554177,namdalensblad,1910,
203153826,nordenfjeldsktidende,1910,Levanger
201975104,akershuspostenlillestroemnitten,1910,Lørenskog
202050506,bodotidende,1910,Bodø
202012916,baerumogaskersblad,1910,
201572972,sogningen,1910,Sogndal
201979038,akersposten,1910,Oslo
203656332,buskerudsblad,1910,
204388805,Bergensposten Fram (Bergen 1892-1893) ,1910,Bergen
202222971,folketidendetrondheimattennittien,1910,Trondheim
202541063,mossavis,1910,Moss
202521461,moldeannonceblad,1910,
200886081,kysten,1910,Oslo
202642195,oplandenesavis,1910,Hamar
203979592,helgeland,1910,
201979071,akersposten,1910,Oslo
203584347,nordland,1910,
202601741,nordretrondhjemsamtstidende,1910,
202505747,listerogmandalsamtstidendeogadresseavis,1910,Lindesnes
203521160,aftenpostenukensnytt,1910,
202568307,nordfjord,1910,
202556333,namdalensfolkeblad,1910,
203411681,soloerposten,1910,
203302861,buskerudsamtstidendedrammen,1910,
202495567,lindesnes,1910,Mandal
204412989,Samhold (Gjøvik: 1885-1920) ,1910,Gjøvik
203358788,oevresmaalenene,1910,Indre Østfold
204151368,fjordenestidende,1910,
201309816,oeieren,1910,
202601690,nordretrondhjemsamtstidende,1910,
200601659,fredriksstadtilskuer,1910,Fredrikstad
200564559,foerstemai,1910,Stavanger
202786860,skandinaven,1910,
200831019,indresmaalenenesavis,1910,Indre Østfold
204572930,Samhold (Gjøvik: 1885-1920) ,1910,Gjøvik
201993119,arbeidet,1910,Bergen
202944840,aftenposten,1910,Oslo
202187139,finmarken,1910,Vardø
200866296,kongsbergdagblad,1910,Kongsberg
202023376,bergensaftenbladbergenattenattini,1910,Bergen
201194343,nordlandsposten,1910,Bodø
202621987,norskkundgjoerelsestidende,1910,Oslo
200310827,dagbladet,1910,Oslo
201109392,mosstilskuer,1910,Moss
200358216,dagensnytt,1910,
200564492,foerstemai,1910,Stavanger
201975032,akershuspostenlillestroemnitten,1910,Lørenskog
201471559,romsdalsamtstidende,1910,Kristiansund
203455803,vestfoldsandefjordatten,1910,
202601686,nordretrondhjemsamtstidende,1910,
204482054,Samhold (Gjøvik: 1885-1920) ,1910,Gjøvik
201975065,akershuspostenlillestroemnitten,1910,Lørenskog
203198756,stavangeraftenblad,1910,Stavanger
203828574,aftenpostenukensnytt,1910,
203386886,sarpen,1910,
202621826,norskkundgjoerelsestidende,1910,Oslo
202505732,listerogmandalsamtstidendeogadresseavis,1910,Lindesnes
201505905,sandefjordsblad,1910,Sandefjord
200562564,flekkefjordsposten,1910,
200027767,agder,1910,
200044495,agderposten,1910,Arendal
202500284,listerfarsundatten,1910,
201941528,vortlandosloattennitti,1910,Oslo
202642287,oplandenesavis,1910,Hamar
201217600,nordlys,1910,Tromsø
201967731,akershus,1910,Lillestrøm
203700125,aftenpostenukensnytt,1910,
202505761,listerogmandalsamtstidendeogadresseavis,1910,Lindesnes
200667750,glommendalen,1910,Kongsvinger
202944403,aftenposten,1910,Oslo
202609749,nordtroenderen,1910,
203302914,buskerudsamtstidendedrammen,1910,
201967711,akershus,1910,Lillestrøm
200623997,fremtiden,1910,Drammen
201833864,valdres,1910,Nord-Aurdal
202786885,skandinaven,1910,
200752878,harstadtidende,1910,Harstad
200564458,foerstemai,1910,Stavanger
201979033,akersposten,1910,Oslo
203546772,aftenpostenukensnytt,1910,
200790926,hedemarkensamtstidende,1910,Hamar
204319113,gjoviksbladattenattifire,1910,
201170463,nordkapp,1910,
202410608,hordalandfolkeblad,1910,Kvam
203872505,aftenpostenukensnytt,1910,
201797806,trondhjemsadresseavis,1910,Trondheim
204319080,gjoviksbladattenattifire,1910,
202474843,kristiansundspostenatten,1910,
200623969,fremtiden,1910,Drammen
203198758,stavangeraftenblad,1910,Stavanger
202424287,indlandsposten,1910,
201556939,socialdemokraten,1910,Oslo
203302967,buskerudsamtstidendedrammen,1910,
203303130,buskerudsamtstidendedrammen,1910,
203198890,stavangeraftenblad,1910,Stavanger
201798074,trondhjemsadresseavis,1910,Trondheim
201967643,akershus,1910,Lillestrøm
202059996,breviksposten,1910,Porsgrunn
202495552,lindesnes,1910,Mandal
202500387,listerfarsundatten,1910,
204722112,Laagendalsposten ,1910,Kongsberg
202790760,soendmoerefolkeblad,1910,
202601711,nordretrondhjemsamtstidende,1910,
200831152,indresmaalenenesavis,1910,Indre Østfold
201152824,nedenaesamtstidende,1910,Risør
204472392,Samhold (Gjøvik: 1885-1920) ,1910,Gjøvik
202944250,aftenposten,1910,Oslo
201993055,arbeidet,1910,Bergen
202057334,breidablik,1910,
202059911,breviksposten,1910,Porsgrunn
202944169,aftenposten,1910,Oslo
200525827,finnmarksposten,1910,Nordkapp
201505932,sandefjordsblad,1910,Sandefjord
202541166,mossavis,1910,Moss
203433381,tvedestrandogomegnsavis,1910,
202579976,nordlandsfolkeblad,1910,
200601527,fredriksstadtilskuer,1910,Fredrikstad
202642148,oplandenesavis,1910,Hamar
203688520,helgeland,1910,
203020007,askerogbaerumsbudstikke,1910,Bærum
200836045,indtrondelagen,1910,
200693993,gudbrandsdoelen,1910,Lillehammer
201594611,sognstidend,1910,Sogndal
204038325,aftenpostenukensnytt,1910,
203591081,buskerudsblad,1910,
200564502,foerstemai,1910,Stavanger
204455299,Samhold (Gjøvik: 1885-1920) ,1910,Gjøvik
204408337,unglyden ,1910,Voss
203117115,indheredsposten,1910,
202579914,nordlandsfolkeblad,1910,
201477531,romsdalsbudstikke,1910,Molde
202040750,bergensannoncetidende,1910,
200564505,foerstemai,1910,Stavanger
202536094,mossaftenblad,1910,
200752831,harstadtidende,1910,Harstad
201505862,sandefjordsblad,1910,Sandefjord
200044396,agderposten,1910,Arendal
201345535,osterdolen,1910,Tynset
200693999,gudbrandsdoelen,1910,Lillehammer
202541207,mossavis,1910,Moss
201035569,morgenbladet,1910,Oslo
200601725,fredriksstadtilskuer,1910,Fredrikstad
201505966,sandefjordsblad,1910,Sandefjord
203125157,indtrondelagen,1910,
203198777,stavangeraftenblad,1910,Stavanger
201556791,socialdemokraten,1910,Oslo
201152825,nedenaesamtstidende,1910,Risør
203914652,lofotposten,1910,
200562595,flekkefjordsposten,1910,
202522311,more,1910,Volda
203125166,indtrondelagen,1910,
200866364,kongsbergdagblad,1910,Kongsberg
202474929,kristiansundspostenatten,1910,
203455830,vestfoldsandefjordatten,1910,
202556332,namdalensfolkeblad,1910,
200311084,dagbladet,1910,Oslo
201594579,sognstidend,1910,Sogndal
200562591,flekkefjordsposten,1910,
201163491,nordisktidende,1910,
201505945,sandefjordsblad,1910,Sandefjord
201817056,tvedestrandsposten,1910,Tvedestrand
201152846,nedenaesamtstidende,1910,Risør
201950771,agderposten,1910,Arendal
200886192,kysten,1910,Oslo
203168021,nordrebergenhusfolkeblad,1910,Kinn
203386809,sarpen,1910,
202585468,nordlandsposten,1910,Bodø
201471566,romsdalsamtstidende,1910,Kristiansund
202609785,nordtroenderen,1910,
201035902,morgenbladet,1910,Oslo
200217521,bergenstidende,1910,Bergen
203455687,vestfoldsandefjordatten,1910,
202023399,bergensaftenbladbergenattenattini,1910,Bergen
201217620,nordlys,1910,Tromsø
200454958,faedrelandsvennen,1910,Kristiansand
203168047,nordrebergenhusfolkeblad,1910,Kinn
201967703,akershus,1910,Lillestrøm
203455785,vestfoldsandefjordatten,1910,
203847357,aftenpostenukensnytt,1910,
201798049,trondhjemsadresseavis,1910,Trondheim
202790740,soendmoerefolkeblad,1910,
201452127,romerikesblad,1910,Lillestrøm
200885961,kysten,1910,Oslo
200602396,fremover,1910,Narvik
202479110,landmandsposten,1910,
202536052,mossaftenblad,1910,
203455736,vestfoldsandefjordatten,1910,
203396183,skotfosavisnittennullen,1910,
202495528,lindesnes,1910,Mandal
201950729,agderposten,1910,Arendal
202756642,romsdalstidende,1910,
202040780,bergensannoncetidende,1910,
203402138,soendhordland,1910,
203430463,tunsbergeren,1910,
203303012,buskerudsamtstidendedrammen,1910,
202158960,egersundsposten,1910,Eigersund
202474934,kristiansundspostenatten,1910,
200311059,dagbladet,1910,Oslo
201797937,trondhjemsadresseavis,1910,Trondheim
202239767,fredrikshaldsavis,1910,
203125200,indtrondelagen,1910,
201557028,socialdemokraten,1910,Oslo
203303058,buskerudsamtstidendedrammen,1910,
200811230,helgelandsblad,1910,
202050566,bodotidende,1910,Bodø
203125138,indtrondelagen,1910,
200642841,gjengangeren,1910,Horten
200831106,indresmaalenenesavis,1910,Indre Østfold
201035698,morgenbladet,1910,Oslo
203198786,stavangeraftenblad,1910,Stavanger
202222828,folketidendetrondheimattennittien,1910,Trondheim
201798047,trondhjemsadresseavis,1910,Trondheim
202554135,namdalensblad,1910,
202495525,lindesnes,1910,Mandal
202222762,folketidendetrondheimattennittien,1910,Trondheim
203168028,nordrebergenhusfolkeblad,1910,Kinn
203948530,oerebladet,1910,
203303053,buskerudsamtstidendedrammen,1910,
204709334,Laagendalsposten ,1910,Kongsberg
203358875,oevresmaalenene,1910,Indre Østfold
203198875,stavangeraftenblad,1910,Stavanger
203167967,nordrebergenhusfolkeblad,1910,Kinn
200217648,bergenstidende,1910,Bergen
202187115,finmarken,1910,Vardø
201477538,romsdalsbudstikke,1910,Molde
202786803,skandinaven,1910,
200601714,fredriksstadtilskuer,1910,Fredrikstad
201505875,sandefjordsblad,1910,Sandefjord
202223003,folketidendetrondheimattennittien,1910,Trondheim
201309890,oeieren,1910,
201797948,trondhjemsadresseavis,1910,Trondheim
204241480,gudbrandsdalensfolkebladgjoevik,1910,
202621738,norskkundgjoerelsestidende,1910,Oslo
202790736,soendmoerefolkeblad,1910,
200866239,kongsbergdagblad,1910,Kongsberg
200311174,dagbladet,1910,Oslo
203019972,askerogbaerumsbudstikke,1910,Bærum
203516110,narviktidende,1910,
202424273,indlandsposten,1910,
201967633,akershus,1910,Lillestrøm
203167997,nordrebergenhusfolkeblad,1910,Kinn
201797723,trondhjemsadresseavis,1910,Trondheim
201477462,romsdalsbudstikke,1910,Molde
203964033,buskerudsblad,1910,
200310909,dagbladet,1910,Oslo
200044385,agderposten,1910,Arendal
200928389,lillesandsposten,1910,Lillesand
201797789,trondhjemsadresseavis,1910,Trondheim
202474891,kristiansundspostenatten,1910,
204571109,Samhold (Gjøvik: 1885-1920) ,1910,Gjøvik
203019989,askerogbaerumsbudstikke,1910,Bærum
203125126,indtrondelagen,1910,
203153828,nordenfjeldsktidende,1910,Levanger
202483326,langesundsposten,1910,
200831138,indresmaalenenesavis,1910,Indre Østfold
201309893,oeieren,1910,
203358786,oevresmaalenene,1910,Indre Østfold
203591865,warensardne,1910,
200811162,helgelandsblad,1910,
200623874,fremtiden,1910,Drammen
202452088,jarlsbergoglarviksamtstidende,1910,Larvik
201035502,morgenbladet,1910,Oslo
201798079,trondhjemsadresseavis,1910,Trondheim
202040736,bergensannoncetidende,1910,
200642993,gjengangeren,1910,Horten
203303034,buskerudsamtstidendedrammen,1910,
202944823,aftenposten,1910,Oslo
201993047,arbeidet,1910,Bergen
201775819,tromsoeposten,1910,Tromsø
201316148,ofotenstidende,1910,Narvik
200667772,glommendalen,1910,Kongsvinger
202242358,fredrikshaldstilskuer,1910,Halden
202452149,jarlsbergoglarviksamtstidende,1910,Larvik
201993091,arbeidet,1910,Bergen
204151373,fjordenestidende,1910,
201993139,arbeidet,1910,Bergen
201309871,oeieren,1910,
201950788,agderposten,1910,Arendal
203198826,stavangeraftenblad,1910,Stavanger
200693986,gudbrandsdoelen,1910,Lillehammer
201452156,romerikesblad,1910,Lillestrøm
203358870,oevresmaalenene,1910,Indre Østfold
200217560,bergenstidende,1910,Bergen
202756672,romsdalstidende,1910,
204011356,buskerudsblad,1910,
200790946,hedemarkensamtstidende,1910,Hamar
202790742,soendmoerefolkeblad,1910,
200217583,bergenstidende,1910,Bergen
200217422,bergenstidende,1910,Bergen
200911521,lillehammertilskuer,1910,Lillehammer
201629304,stjordalensblad,1910,Stjørdal
202944688,aftenposten,1910,Oslo
200676434,grimstadadressetiden,1910,Grimstad
203411590,soloerposten,1910,
201833860,valdres,1910,Nord-Aurdal
201833876,valdres,1910,Nord-Aurdal
202023331,bergensaftenbladbergenattenattini,1910,Bergen
201309846,oeieren,1910,
201109428,mosstilskuer,1910,Moss
201556823,socialdemokraten,1910,Oslo
200358181,dagensnytt,1910,
202181426,farsundsavis,1910,Farsund
204293440,vestoplaendingen,1910,
201316101,ofotenstidende,1910,Narvik
202023438,bergensaftenbladbergenattenattini,1910,Bergen
201505947,sandefjordsblad,1910,Sandefjord
200886202,kysten,1910,Oslo
202536030,mossaftenblad,1910,
204040755,lofotposten,1910,
202944710,aftenposten,1910,Oslo
200601530,fredriksstadtilskuer,1910,Fredrikstad
202181424,farsundsavis,1910,Farsund
204481846,Samhold (Gjøvik: 1885-1920) ,1910,Gjøvik
200866199,kongsbergdagblad,1910,Kongsberg
200455001,faedrelandsvennen,1910,Kristiansand
200667880,glommendalen,1910,Kongsvinger
202621701,norskkundgjoerelsestidende,1910,Oslo
204375309,Bergensposten Fram (Bergen 1892-1893) ,1910,Bergen
202500339,listerfarsundatten,1910,
202621870,norskkundgjoerelsestidende,1910,Oslo
201797776,trondhjemsadresseavis,1910,Trondheim
202023333,bergensaftenbladbergenattenattini,1910,Bergen
200358131,dagensnytt,1910,
200455047,faedrelandsvennen,1910,Kristiansand
203697234,lofotposten,1910,
201276564,norgessjoefartstidende,1910,Oslo
200601754,fredriksstadtilskuer,1910,Fredrikstad
202944800,aftenposten,1910,Oslo
202474946,kristiansundspostenatten,1910,
202554180,namdalensblad,1910,
202495559,lindesnes,1910,Mandal
201600245,solungen,1910,Kongsvinger
201967665,akershus,1910,Lillestrøm
203463214,vossavis,1910,
200694121,gudbrandsdoelen,1910,Lillehammer
202012885,baerumogaskersblad,1910,
200601475,fredriksstadtilskuer,1910,Fredrikstad
201798091,trondhjemsadresseavis,1910,Trondheim
203198824,stavangeraftenblad,1910,Stavanger
203167990,nordrebergenhusfolkeblad,1910,Kinn
202239802,fredrikshaldsavis,1910,
204151338,fjordenestidende,1910,
201471492,romsdalsamtstidende,1910,Kristiansund
201152868,nedenaesamtstidende,1910,Risør
204358063,Samhold (Gjøvik: 1885-1920) ,1910,Gjøvik
202187113,finmarken,1910,Vardø
201194350,nordlandsposten,1910,Bodø
200602351,fremover,1910,Narvik
200310866,dagbladet,1910,Oslo
200667839,glommendalen,1910,Kongsvinger
201797917,trondhjemsadresseavis,1910,Trondheim
204241527,gudbrandsdalensfolkebladgjoevik,1910,
202944481,aftenposten,1910,Oslo
201993120,arbeidet,1910,Bergen
202023387,bergensaftenbladbergenattenattini,1910,Bergen
200217584,bergenstidende,1910,Bergen
201798080,trondhjemsadresseavis,1910,Trondheim
202589654,nordlendingen,1910,
201797999,trondhjemsadresseavis,1910,Trondheim
200911546,lillehammertilskuer,1910,Lillehammer
202601706,nordretrondhjemsamtstidende,1910,
202521377,moldeannonceblad,1910,
202410651,hordalandfolkeblad,1910,Kvam
200358265,dagensnytt,1910,
203402177,soendhordland,1910,
201035480,morgenbladet,1910,Oslo
202500282,listerfarsundatten,1910,
201035543,morgenbladet,1910,Oslo
202554117,namdalensblad,1910,
201594637,sognstidend,1910,Sogndal
203430448,tunsbergeren,1910,
202589609,nordlendingen,1910,
202479147,landmandsposten,1910,
202023398,bergensaftenbladbergenattenattini,1910,Bergen
200886115,kysten,1910,Oslo
201993089,arbeidet,1910,Bergen
203402191,soendhordland,1910,
201170372,nordkapp,1910,
202536091,mossaftenblad,1910,
201170390,nordkapp,1910,
202756652,romsdalstidende,1910,
203959566,buskerudsblad,1910,
202023433,bergensaftenbladbergenattenattini,1910,Bergen
202181445,farsundsavis,1910,Farsund
200623891,fremtiden,1910,Drammen
202505813,listerogmandalsamtstidendeogadresseavis,1910,Lindesnes
200027779,agder,1910,
200562522,flekkefjordsposten,1910,
204151360,fjordenestidende,1910,
202621974,norskkundgjoerelsestidende,1910,Oslo
204151383,fjordenestidende,1910,
203411673,soloerposten,1910,
201979062,akersposten,1910,Oslo
201276540,norgessjoefartstidende,1910,Oslo
203939917,oerebladet,1910,
200253806,bratsbergdemokraten,1910,Skien
203796299,aftenpostenukensnytt,1910,
202944610,aftenposten,1910,Oslo
202944238,aftenposten,1910,Oslo
202554191,namdalensblad,1910,
201452140,romerikesblad,1910,Lillestrøm
203430389,tunsbergeren,1910,
202057326,breidablik,1910,
203905902,oerebladet,1910,
201035362,morgenbladet,1910,Oslo
202040900,bergensannoncetidende,1910,
201594627,sognstidend,1910,Sogndal
201035523,morgenbladet,1910,Oslo
202505775,listerogmandalsamtstidendeogadresseavis,1910,Lindesnes
201950732,agderposten,1910,Arendal
201979035,akersposten,1910,Oslo
203386785,sarpen,1910,
200044458,agderposten,1910,Arendal
201950704,agderposten,1910,Arendal
203302866,buskerudsamtstidendedrammen,1910,
201629244,stjordalensblad,1910,Stjørdal
202621970,norskkundgjoerelsestidende,1910,Oslo
202786823,skandinaven,1910,
201505878,sandefjordsblad,1910,Sandefjord
201798019,trondhjemsadresseavis,1910,Trondheim
203411569,soloerposten,1910,
203498771,helgeland,1910,
202452192,jarlsbergoglarviksamtstidende,1910,Larvik
200694029,gudbrandsdoelen,1910,Lillehammer
200310902,dagbladet,1910,Oslo
203402130,soendhordland,1910,
201556953,socialdemokraten,1910,Oslo
204549518,Hamar Stiftstidende ,1910,Hamar
203117055,indheredsposten,1910,
202621945,norskkundgjoerelsestidende,1910,Oslo
200667856,glommendalen,1910,Kongsvinger
202222804,folketidendetrondheimattennittien,1910,Trondheim
203778028,nordland,1910,
203966008,salten,1910,
200928353,lillesandsposten,1910,Lillesand
201556825,socialdemokraten,1910,Oslo
203303024,buskerudsamtstidendedrammen,1910,
203303064,buskerudsamtstidendedrammen,1910,
204151382,fjordenestidende,1910,
202181419,farsundsavis,1910,Farsund
203396187,skotfosavisnittennullen,1910,
201109494,mosstilskuer,1910,Moss
203303094,buskerudsamtstidendedrammen,1910,
201194379,nordlandsposten,1910,Bodø
203117080,indheredsposten,1910,
203411656,soloerposten,1910,
203611675,oerebladet,1910,
202452065,jarlsbergoglarviksamtstidende,1910,Larvik
201170432,nordkapp,1910,
202424255,indlandsposten,1910,
200217537,bergenstidende,1910,Bergen
201452112,romerikesblad,1910,Lillestrøm
203547832,oerebladet,1910,
203125223,indtrondelagen,1910,
200601745,fredriksstadtilskuer,1910,Fredrikstad
201035847,morgenbladet,1910,Oslo
202609847,nordtroenderen,1910,
203455743,vestfoldsandefjordatten,1910,
201967734,akershus,1910,Lillestrøm
204241566,gudbrandsdalensfolkebladgjoevik,1910,
200217464,bergenstidende,1910,Bergen
200217332,bergenstidende,1910,Bergen
202424297,indlandsposten,1910,
202159000,egersundsposten,1910,Eigersund
203455859,vestfoldsandefjordatten,1910,
201477492,romsdalsbudstikke,1910,Molde
203816954,lofotposten,1910,
202579913,nordlandsfolkeblad,1910,
201560855,soendretrondhjemsamtstidende,1910,Orkdal
200667867,glommendalen,1910,Kongsvinger
202944521,aftenposten,1910,Oslo
202222880,folketidendetrondheimattennittien,1910,Trondheim
204632989,unglyden ,1910,Voss
204672577,Samhold (Gjøvik: 1885-1920) ,1910,Gjøvik
202541130,mossavis,1910,Moss
202452045,jarlsbergoglarviksamtstidende,1910,Larvik
201309869,oeieren,1910,
202040981,bergensannoncetidende,1910,
202302484,grimstadposten,1910,
200623973,fremtiden,1910,Drammen
201109443,mosstilskuer,1910,Moss
200253757,bratsbergdemokraten,1910,Skien
202495570,lindesnes,1910,Mandal
201967744,akershus,1910,Lillestrøm
201973542,akershusfolkebladdroebak,1910,Oslo
200454986,faedrelandsvennen,1910,Kristiansand
202621818,norskkundgjoerelsestidende,1910,Oslo
202786887,skandinaven,1910,
202554184,namdalensblad,1910,
202242376,fredrikshaldstilskuer,1910,Halden
200253760,bratsbergdemokraten,1910,Skien
202585518,nordlandsposten,1910,Bodø
201276372,norgessjoefartstidende,1910,Oslo
202479189,landmandsposten,1910,
202410665,hordalandfolkeblad,1910,Kvam
204281940,saltensfremtid,1910,
202222843,folketidendetrondheimattennittien,1910,Trondheim
200253700,bratsbergdemokraten,1910,Skien
200525789,finnmarksposten,1910,Nordkapp
203198844,stavangeraftenblad,1910,Stavanger
202786807,skandinaven,1910,
201505934,sandefjordsblad,1910,Sandefjord
202601672,nordretrondhjemsamtstidende,1910,
204293396,vestoplaendingen,1910,
203620355,buskerudsblad,1910,
200831151,indresmaalenenesavis,1910,Indre Østfold
203402145,soendhordland,1910,
203125175,indtrondelagen,1910,
200217658,bergenstidende,1910,Bergen
202040915,bergensannoncetidende,1910,
200358245,dagensnytt,1910,
203966108,oerebladet,1910,
203358840,oevresmaalenene,1910,Indre Østfold
203740788,oerebladet,1910,
202505687,listerogmandalsamtstidendeogadresseavis,1910,Lindesnes
200866362,kongsbergdagblad,1910,Kongsberg
201560864,soendretrondhjemsamtstidende,1910,Orkdal
201556853,socialdemokraten,1910,Oslo
202756665,romsdalstidende,1910,
201163459,nordisktidende,1910,
202040792,bergensannoncetidende,1910,
201950848,agderposten,1910,Arendal
202302458,grimstadposten,1910,
202424276,indlandsposten,1910,
201309891,oeieren,1910,
200623976,fremtiden,1910,Drammen
200311117,dagbladet,1910,Oslo
202541145,mossavis,1910,Moss
203198986,stavangeraftenblad,1910,Stavanger
202474858,kristiansundspostenatten,1910,
201035387,morgenbladet,1910,Oslo
203667983,narviktidende,1910,
201775802,tromsoeposten,1910,Tromsø
201556932,socialdemokraten,1910,Oslo
203153822,nordenfjeldsktidende,1910,Levanger
200911622,lillehammertilskuer,1910,Lillehammer
202479151,landmandsposten,1910,
200866118,kongsbergdagblad,1910,Kongsberg
202479174,landmandsposten,1910,
203455580,vestfoldsandefjordatten,1910,
200602366,fremover,1910,Narvik
201781550,tromsoestiftstidende,1910,Tromsø
202159022,egersundsposten,1910,Eigersund
202302542,grimstadposten,1910,
201973563,akershusfolkebladdroebak,1910,Oslo
200642815,gjengangeren,1910,Horten
203455828,vestfoldsandefjordatten,1910,
204418107,Hamar Stiftstidende ,1910,Hamar
201797817,trondhjemsadresseavis,1910,Trondheim
202609755,nordtroenderen,1910,
203563241,oerebladet,1910,
203198848,stavangeraftenblad,1910,Stavanger
204505844,Samhold (Gjøvik: 1885-1920) ,1910,Gjøvik
202222797,folketidendetrondheimattennittien,1910,Trondheim
202050560,bodotidende,1910,Bodø
202452098,jarlsbergoglarviksamtstidende,1910,Larvik
201992927,arbeidet,1910,Bergen
202944869,aftenposten,1910,Oslo
202424301,indlandsposten,1910,
201276377,norgessjoefartstidende,1910,Oslo
203899517,aftenpostenukensnytt,1910,
201992950,arbeidet,1910,Bergen
201276619,norgessjoefartstidende,1910,Oslo
204293365,vestoplaendingen,1910,
202474940,kristiansundspostenatten,1910,
203358827,oevresmaalenene,1910,Indre Østfold
201170439,nordkapp,1910,
201833950,valdres,1910,Nord-Aurdal
203185155,ranenstidende,1910,Hemnes
202505818,listerogmandalsamtstidendeogadresseavis,1910,Lindesnes
200601681,fredriksstadtilskuer,1910,Fredrikstad
200623875,fremtiden,1910,Drammen
204241501,gudbrandsdalensfolkebladgjoevik,1910,
202410700,hordalandfolkeblad,1910,Kvam
202479211,landmandsposten,1910,
201975045,akershuspostenlillestroemnitten,1910,Lørenskog
204319097,gjoviksbladattenattifire,1910,
201557014,socialdemokraten,1910,Oslo
200885932,kysten,1910,Oslo
202541221,mossavis,1910,Moss
202500407,listerfarsundatten,1910,
202222913,folketidendetrondheimattennittien,1910,Trondheim
202790693,soendmoerefolkeblad,1910,
201781543,tromsoestiftstidende,1910,Tromsø
202158943,egersundsposten,1910,Eigersund
203559334,lofotposten,1910,
200455155,faedrelandsvennen,1910,Kristiansand
201035768,morgenbladet,1910,Oslo
204293359,vestoplaendingen,1910,
201035705,morgenbladet,1910,Oslo
202483357,langesundsposten,1910,
202023229,bergensaftenbladbergenattenattini,1910,Bergen
203167973,nordrebergenhusfolkeblad,1910,Kinn
202222882,folketidendetrondheimattennittien,1910,Trondheim
200886119,kysten,1910,Oslo
201671759,svelviksposten,1910,Drammen
200928355,lillesandsposten,1910,Lillesand
201109369,mosstilskuer,1910,Moss
200601568,fredriksstadtilskuer,1910,Fredrikstad
202521470,moldeannonceblad,1910,
202424335,indlandsposten,1910,
202944790,aftenposten,1910,Oslo
200217558,bergenstidende,1910,Bergen
201573006,sogningen,1910,Sogndal
201276594,norgessjoefartstidende,1910,Oslo
202410604,hordalandfolkeblad,1910,Kvam
202556341,namdalensfolkeblad,1910,
200217326,bergenstidende,1910,Bergen
201557003,socialdemokraten,1910,Oslo
200676388,grimstadadressetiden,1910,Grimstad
201572935,sogningen,1910,Sogndal
200623991,fremtiden,1910,Drammen
201781555,tromsoestiftstidende,1910,Tromsø
200044443,agderposten,1910,Arendal
202452062,jarlsbergoglarviksamtstidende,1910,Larvik
200790877,hedemarkensamtstidende,1910,Hamar
202452054,jarlsbergoglarviksamtstidende,1910,Larvik
204293461,vestoplaendingen,1910,
200886054,kysten,1910,Oslo
201967640,akershus,1910,Lillestrøm
202023429,bergensaftenbladbergenattenattini,1910,Bergen
200601667,fredriksstadtilskuer,1910,Fredrikstad
201797659,trondhjemsadresseavis,1910,Trondheim
200752826,harstadtidende,1910,Harstad
203463179,vossavis,1910,
203199016,stavangeraftenblad,1910,Stavanger
202479153,landmandsposten,1910,
204319054,gjoviksbladattenattifire,1910,
204407768,Hamar Stiftstidende ,1910,Hamar
201798001,trondhjemsadresseavis,1910,Trondheim
203302929,buskerudsamtstidendedrammen,1910,
201781547,tromsoestiftstidende,1910,Tromsø
200525804,finnmarksposten,1910,Nordkapp
202452061,jarlsbergoglarviksamtstidende,1910,Larvik
201316141,ofotenstidende,1910,Narvik
200311176,dagbladet,1910,Oslo
202040753,bergensannoncetidende,1910,
202452031,jarlsbergoglarviksamtstidende,1910,Larvik
201035509,morgenbladet,1910,Oslo
202452035,jarlsbergoglarviksamtstidende,1910,Larvik
203198988,stavangeraftenblad,1910,Stavanger
200911628,lillehammertilskuer,1910,Lillehammer
202944633,aftenposten,1910,Oslo
202601723,nordretrondhjemsamtstidende,1910,
203185177,ranenstidende,1910,Hemnes
203749261,aftenpostenukensnytt,1910,
201817123,tvedestrandsposten,1910,Tvedestrand
204486906,Samhold (Gjøvik: 1885-1920) ,1910,Gjøvik
202944594,aftenposten,1910,Oslo
203125131,indtrondelagen,1910,
200454910,faedrelandsvennen,1910,Kristiansand
200885945,kysten,1910,Oslo
201833865,valdres,1910,Nord-Aurdal
203358890,oevresmaalenene,1910,Indre Østfold
203303140,buskerudsamtstidendedrammen,1910,
202023361,bergensaftenbladbergenattenattini,1910,Bergen
203814077,fjellposten,1910,
204151389,fjordenestidende,1910,
201035797,morgenbladet,1910,Oslo
200217469,bergenstidende,1910,Bergen
200311169,dagbladet,1910,Oslo
203393441,senjensbladnittennullsju,1910,
200217373,bergenstidende,1910,Bergen
201941544,vortlandosloattennitti,1910,Oslo
200310837,dagbladet,1910,Oslo
201979101,akersposten,1910,Oslo
203185156,ranenstidende,1910,Hemnes
203396266,skotfosavisnittennullen,1910,
201993074,arbeidet,1910,Bergen
202424216,indlandsposten,1910,
200217358,bergenstidende,1910,Bergen
202222893,folketidendetrondheimattennittien,1910,Trondheim
203303123,buskerudsamtstidendedrammen,1910,
200217499,bergenstidende,1910,Bergen
201035912,morgenbladet,1910,Oslo
202505718,listerogmandalsamtstidendeogadresseavis,1910,Lindesnes
200562471,flekkefjordsposten,1910,
202012907,baerumogaskersblad,1910,
203463155,vossavis,1910,
200642803,gjengangeren,1910,Horten
204379006,Bergensposten Fram (Bergen 1892-1893) ,1910,Bergen
201629312,stjordalensblad,1910,Stjørdal
204529908,unglyden ,1910,Voss
200911540,lillehammertilskuer,1910,Lillehammer
204527270,Samhold (Gjøvik: 1885-1920) ,1910,Gjøvik
200602376,fremover,1910,Narvik
202500347,listerfarsundatten,1910,
200667845,glommendalen,1910,Kongsvinger
200601734,fredriksstadtilskuer,1910,Fredrikstad
202158987,egersundsposten,1910,Eigersund
200436805,dunderlandsdoelen,1910,Rana
202579958,nordlandsfolkeblad,1910,
200623871,fremtiden,1910,Drammen
201967756,akershus,1910,Lillestrøm
203117051,indheredsposten,1910,
202944952,aftenposten,1910,Oslo
202944878,aftenposten,1910,Oslo
203411581,soloerposten,1910,
203393411,senjensbladnittennullsju,1910,
202541169,mossavis,1910,Moss
201798102,trondhjemsadresseavis,1910,Trondheim
202041031,bergensannoncetidende,1910,
202452099,jarlsbergoglarviksamtstidende,1910,Larvik
201109426,mosstilskuer,1910,Moss
200310871,dagbladet,1910,Oslo
201477528,romsdalsbudstikke,1910,Molde
202521447,moldeannonceblad,1910,
201594647,sognstidend,1910,Sogndal
202521409,moldeannonceblad,1910,
202505723,listerogmandalsamtstidendeogadresseavis,1910,Lindesnes
202621914,norskkundgjoerelsestidende,1910,Oslo
200623923,fremtiden,1910,Drammen
201797898,trondhjemsadresseavis,1910,Trondheim
201798013,trondhjemsadresseavis,1910,Trondheim
202302432,grimstadposten,1910,
202040976,bergensannoncetidende,1910,
201556832,socialdemokraten,1910,Oslo
200752886,harstadtidende,1910,Harstad
202302535,grimstadposten,1910,
202023362,bergensaftenbladbergenattenattini,1910,Bergen
200454913,faedrelandsvennen,1910,Kristiansand
201600263,solungen,1910,Kongsvinger
201276502,norgessjoefartstidende,1910,Oslo
201556956,socialdemokraten,1910,Oslo
203773774,nordland,1910,
202483339,langesundsposten,1910,
200044473,agderposten,1910,Arendal
200866168,kongsbergdagblad,1910,Kongsberg
201276492,norgessjoefartstidende,1910,Oslo
201309857,oeieren,1910,
203411601,soloerposten,1910,
203609767,buskerudsblad,1910,
201035592,morgenbladet,1910,Oslo
201798006,trondhjemsadresseavis,1910,Trondheim
200885955,kysten,1910,Oslo
200911580,lillehammertilskuer,1910,Lillehammer
202222949,folketidendetrondheimattennittien,1910,Trondheim
201035365,morgenbladet,1910,Oslo
201600287,solungen,1910,Kongsvinger
200752888,harstadtidende,1910,Harstad
201629292,stjordalensblad,1910,Stjørdal
203020022,askerogbaerumsbudstikke,1910,Bærum
204319051,gjoviksbladattenattifire,1910,
201833926,valdres,1910,Nord-Aurdal
201992895,arbeidet,1910,Bergen
200217490,bergenstidende,1910,Bergen
201993179,arbeidet,1910,Bergen
202242367,fredrikshaldstilskuer,1910,Halden
203411561,soloerposten,1910,
201671756,svelviksposten,1910,Drammen
202609823,nordtroenderen,1910,
204657598,Samhold (Gjøvik: 1885-1920) ,1910,Gjøvik
203741425,helgeland,1910,
200676345,grimstadadressetiden,1910,Grimstad
200562511,flekkefjordsposten,1910,
200642850,gjengangeren,1910,Horten
202023284,bergensaftenbladbergenattenattini,1910,Bergen
201600258,solungen,1910,Kongsvinger
204443682,Samhold (Gjøvik: 1885-1920) ,1910,Gjøvik
200911551,lillehammertilskuer,1910,Lillehammer
201452142,romerikesblad,1910,Lillestrøm
200562566,flekkefjordsposten,1910,
202181411,farsundsavis,1910,Farsund
201993045,arbeidet,1910,Bergen
201276521,norgessjoefartstidende,1910,Oslo
202609721,nordtroenderen,1910,
200886195,kysten,1910,Oslo
201560807,soendretrondhjemsamtstidende,1910,Orkdal
203433362,tvedestrandogomegnsavis,1910,
203430367,tunsbergeren,1910,
201217584,nordlys,1910,Tromsø
200358232,dagensnytt,1910,
202023363,bergensaftenbladbergenattenattini,1910,Bergen
201992953,arbeidet,1910,Bergen
201833982,valdres,1910,Nord-Aurdal
203820924,lofotposten,1910,
201035684,morgenbladet,1910,Oslo
202059894,breviksposten,1910,Porsgrunn
202410637,hordalandfolkeblad,1910,Kvam
204293488,vestoplaendingen,1910,
200311116,dagbladet,1910,Oslo
202222779,folketidendetrondheimattennittien,1910,Trondheim
202012895,baerumogaskersblad,1910,
203603172,buskerudsblad,1910,
201833877,valdres,1910,Nord-Aurdal
201775831,tromsoeposten,1910,Tromsø
201452092,romerikesblad,1910,Lillestrøm
201316184,ofotenstidende,1910,Narvik
202585496,nordlandsposten,1910,Bodø
200253773,bratsbergdemokraten,1910,Skien
203455802,vestfoldsandefjordatten,1910,
204043510,nordland,1910,
202424289,indlandsposten,1910,
203455829,vestfoldsandefjordatten,1910,
201217614,nordlys,1910,Tromsø
203303056,buskerudsamtstidendedrammen,1910,
202589607,nordlendingen,1910,
202023347,bergensaftenbladbergenattenattini,1910,Bergen
202944646,aftenposten,1910,Oslo
202505821,listerogmandalsamtstidendeogadresseavis,1910,Lindesnes
200564511,foerstemai,1910,Stavanger
201798022,trondhjemsadresseavis,1910,Trondheim
201975059,akershuspostenlillestroemnitten,1910,Lørenskog
203168018,nordrebergenhusfolkeblad,1910,Kinn
204651187,Samhold (Gjøvik: 1885-1920) ,1910,Gjøvik
202601769,nordretrondhjemsamtstidende,1910,
202944445,aftenposten,1910,Oslo
203358819,oevresmaalenene,1910,Indre Østfold
203019990,askerogbaerumsbudstikke,1910,Bærum
202023504,bergensaftenbladbergenattenattini,1910,Bergen
201170443,nordkapp,1910,
201035334,morgenbladet,1910,Oslo
203358866,oevresmaalenene,1910,Indre Østfold
203198836,stavangeraftenblad,1910,Stavanger
200667760,glommendalen,1910,Kongsvinger
203125152,indtrondelagen,1910,
200253722,bratsbergdemokraten,1910,Skien
202242368,fredrikshaldstilskuer,1910,Halden
204630764,Samhold (Gjøvik: 1885-1920) ,1910,Gjøvik
202222940,folketidendetrondheimattennittien,1910,Trondheim
200455074,faedrelandsvennen,1910,Kristiansand
202505808,listerogmandalsamtstidendeogadresseavis,1910,Lindesnes
202642234,oplandenesavis,1910,Hamar
201217549,nordlys,1910,Tromsø
202541184,mossavis,1910,Moss
204634500,Bergensposten Fram (Bergen 1892-1893) ,1910,Bergen
202944557,aftenposten,1910,Oslo
202500330,listerfarsundatten,1910,
201505955,sandefjordsblad,1910,Sandefjord
200562491,flekkefjordsposten,1910,
200358172,dagensnytt,1910,
200358281,dagensnytt,1910,
202023432,bergensaftenbladbergenattenattini,1910,Bergen
200623894,fremtiden,1910,Drammen
201152819,nedenaesamtstidende,1910,Risør
203411577,soloerposten,1910,
204293401,vestoplaendingen,1910,
201506017,sandefjordsblad,1910,Sandefjord
201557044,socialdemokraten,1910,Oslo
201035919,morgenbladet,1910,Oslo
202452137,jarlsbergoglarviksamtstidende,1910,Larvik
202474809,kristiansundspostenatten,1910,
203430476,tunsbergeren,1910,
202222931,folketidendetrondheimattennittien,1910,Trondheim
204459698,Hamar Stiftstidende ,1910,Hamar
203455730,vestfoldsandefjordatten,1910,
201170427,nordkapp,1910,
204539017,Øvre Smaalenene ,1910,Indre Østfold
201471553,romsdalsamtstidende,1910,Kristiansund
200310954,dagbladet,1910,Oslo
200253702,bratsbergdemokraten,1910,Skien
201833919,valdres,1910,Nord-Aurdal
201109376,mosstilskuer,1910,Moss
200866342,kongsbergdagblad,1910,Kongsberg
200027882,agder,1910,
202474918,kristiansundspostenatten,1910,
202522300,more,1910,Volda
202944791,aftenposten,1910,Oslo
203822111,aftenpostenukensnytt,1910,
202452058,jarlsbergoglarviksamtstidende,1910,Larvik
203663484,fjellposten,1910,
201979075,akersposten,1910,Oslo
200886087,kysten,1910,Oslo
201833997,valdres,1910,Nord-Aurdal
200602335,fremover,1910,Narvik
202040794,bergensannoncetidende,1910,
202944761,aftenposten,1910,Oslo
201560830,soendretrondhjemsamtstidende,1910,Orkdal
201992978,arbeidet,1910,Bergen
204007685,nordland,1910,
203198884,stavangeraftenblad,1910,Stavanger
201629254,stjordalensblad,1910,Stjørdal
204553500,Samhold (Gjøvik: 1885-1920) ,1910,Gjøvik
202944763,aftenposten,1910,Oslo
202568291,nordfjord,1910,
203386912,sarpen,1910,
200601757,fredriksstadtilskuer,1910,Fredrikstad
202944305,aftenposten,1910,Oslo
202621746,norskkundgjoerelsestidende,1910,Oslo
202522296,more,1910,Volda
200253745,bratsbergdemokraten,1910,Skien
202050519,bodotidende,1910,Bodø
202944443,aftenposten,1910,Oslo
204521599,Samhold (Gjøvik: 1885-1920) ,1910,Gjøvik
202239779,fredrikshaldsavis,1910,
200676400,grimstadadressetiden,1910,Grimstad
202609840,nordtroenderen,1910,
202790764,soendmoerefolkeblad,1910,
200311062,dagbladet,1910,Oslo
200866172,kongsbergdagblad,1910,Kongsberg
203485251,oerebladet,1910,
200911492,lillehammertilskuer,1910,Lillehammer
202222902,folketidendetrondheimattennittien,1910,Trondheim
201471472,romsdalsamtstidende,1910,Kristiansund
201035879,morgenbladet,1910,Oslo
200044470,agderposten,1910,Arendal
202050562,bodotidende,1910,Bodø
200667738,glommendalen,1910,Kongsvinger
200311184,dagbladet,1910,Oslo
202621999,norskkundgjoerelsestidende,1910,Oslo
200310842,dagbladet,1910,Oslo
201035823,morgenbladet,1910,Oslo
203198913,stavangeraftenblad,1910,Stavanger
200866333,kongsbergdagblad,1910,Kongsberg
200217393,bergenstidende,1910,Bergen
203430458,tunsbergeren,1910,
202579951,nordlandsfolkeblad,1910,
202944536,aftenposten,1910,Oslo
203590425,narviktidende,1910,
200455005,faedrelandsvennen,1910,Kristiansand
201556907,socialdemokraten,1910,Oslo
200562528,flekkefjordsposten,1910,
202040980,bergensannoncetidende,1910,
200885920,kysten,1910,Oslo
201276461,norgessjoefartstidende,1910,Oslo
200694133,gudbrandsdoelen,1910,Lillehammer
202556380,namdalensfolkeblad,1910,
201560788,soendretrondhjemsamtstidende,1910,Orkdal
202158936,egersundsposten,1910,Eigersund
202621925,norskkundgjoerelsestidende,1910,Oslo
202302513,grimstadposten,1910,
203185172,ranenstidende,1910,Hemnes
200027824,agder,1910,
200623889,fremtiden,1910,Drammen
203433374,tvedestrandogomegnsavis,1910,
202040982,bergensannoncetidende,1910,
202944373,aftenposten,1910,Oslo
200525803,finnmarksposten,1910,Nordkapp
200311019,dagbladet,1910,Oslo
201345603,osterdolen,1910,Tynset
201345584,osterdolen,1910,Tynset
203593029,narviktidende,1910,
204319087,gjoviksbladattenattifire,1910,
204396165,Bergensposten Fram (Bergen 1892-1893) ,1910,Bergen
203455826,vestfoldsandefjordatten,1910,
203153816,nordenfjeldsktidende,1910,Levanger
200601625,fredriksstadtilskuer,1910,Fredrikstad
201194374,nordlandsposten,1910,Bodø
200455002,faedrelandsvennen,1910,Kristiansand
203386816,sarpen,1910,
201775782,tromsoeposten,1910,Tromsø
202541104,mossavis,1910,Moss
200358129,dagensnytt,1910,
203455638,vestfoldsandefjordatten,1910,
200027775,agder,1910,
200027789,agder,1910,
203513453,nordland,1910,
202159014,egersundsposten,1910,Eigersund
203455776,vestfoldsandefjordatten,1910,
202609761,nordtroenderen,1910,
202500319,listerfarsundatten,1910,
201152837,nedenaesamtstidende,1910,Risør
202944359,aftenposten,1910,Oslo
202505748,listerogmandalsamtstidendeogadresseavis,1910,Lindesnes
202483302,langesundsposten,1910,
202424219,indlandsposten,1910,
202040707,bergensannoncetidende,1910,
201035775,morgenbladet,1910,Oslo
203168016,nordrebergenhusfolkeblad,1910,Kinn
201035474,morgenbladet,1910,Oslo
202023475,bergensaftenbladbergenattenattini,1910,Bergen
200253771,bratsbergdemokraten,1910,Skien
201993050,arbeidet,1910,Bergen
202040910,bergensannoncetidende,1910,
203198939,stavangeraftenblad,1910,Stavanger
200253829,bratsbergdemokraten,1910,Skien
200866113,kongsbergdagblad,1910,Kongsberg
200217400,bergenstidende,1910,Bergen
202585472,nordlandsposten,1910,Bodø
200866144,kongsbergdagblad,1910,Kongsberg
203198999,stavangeraftenblad,1910,Stavanger
202424344,indlandsposten,1910,
200455065,faedrelandsvennen,1910,Kristiansand
201817053,tvedestrandsposten,1910,Tvedestrand
201217607,nordlys,1910,Tromsø
202944529,aftenposten,1910,Oslo
202302547,grimstadposten,1910,
202756576,romsdalstidende,1910,
200886040,kysten,1910,Oslo
200885930,kysten,1910,Oslo
200752876,harstadtidende,1910,Harstad
204483525,Samhold (Gjøvik: 1885-1920) ,1910,Gjøvik
200885943,kysten,1910,Oslo
201109397,mosstilskuer,1910,Moss
202536101,mossaftenblad,1910,
203198960,stavangeraftenblad,1910,Stavanger
203455715,vestfoldsandefjordatten,1910,
202522366,more,1910,Volda
200885931,kysten,1910,Oslo
200562477,flekkefjordsposten,1910,
202568302,nordfjord,1910,
201471509,romsdalsamtstidende,1910,Kristiansund
202495500,lindesnes,1910,Mandal
202601728,nordretrondhjemsamtstidende,1910,
201035734,morgenbladet,1910,Oslo
203402136,soendhordland,1910,
201035778,morgenbladet,1910,Oslo
200676389,grimstadadressetiden,1910,Grimstad
202023231,bergensaftenbladbergenattenattini,1910,Bergen
200455080,faedrelandsvennen,1910,Kristiansand
202585494,nordlandsposten,1910,Bodø
202786821,skandinaven,1910,
203117066,indheredsposten,1910,
202944587,aftenposten,1910,Oslo
204318993,gjoviksbladattenattifire,1910,
201781526,tromsoestiftstidende,1910,Tromsø
201035702,morgenbladet,1910,Oslo
202500349,listerfarsundatten,1910,
202040787,bergensannoncetidende,1910,
201477479,romsdalsbudstikke,1910,Molde
201345517,osterdolen,1910,Tynset
201471463,romsdalsamtstidende,1910,Kristiansund
201345557,osterdolen,1910,Tynset
203302999,buskerudsamtstidendedrammen,1910,
200358246,dagensnytt,1910,
201781502,tromsoestiftstidende,1910,Tromsø
200564501,foerstemai,1910,Stavanger
200454893,faedrelandsvennen,1910,Kristiansand
200866276,kongsbergdagblad,1910,Kongsberg
202410622,hordalandfolkeblad,1910,Kvam
204047586,helgeland,1910,
200455150,faedrelandsvennen,1910,Kristiansand
202040801,bergensannoncetidende,1910,
203386787,sarpen,1910,
201345471,osterdolen,1910,Tynset
203705603,helgeland,1910,
204466214,Hamar Stiftstidende ,1910,Hamar
200831140,indresmaalenenesavis,1910,Indre Østfold
201629268,stjordalensblad,1910,Stjørdal
203945933,salten,1910,
203567466,aftenpostenukensnytt,1910,
202410705,hordalandfolkeblad,1910,Kvam
203153837,nordenfjeldsktidende,1910,Levanger
201471569,romsdalsamtstidende,1910,Kristiansund
201035401,morgenbladet,1910,Oslo
201967704,akershus,1910,Lillestrøm
202554186,namdalensblad,1910,
204319033,gjoviksbladattenattifire,1910,
204319056,gjoviksbladattenattifire,1910,
200562469,flekkefjordsposten,1910,
202239755,fredrikshaldsavis,1910,
202495460,lindesnes,1910,Mandal
202474941,kristiansundspostenatten,1910,
201975050,akershuspostenlillestroemnitten,1910,Lørenskog
201035536,morgenbladet,1910,Oslo
200217431,bergenstidende,1910,Bergen
202059932,breviksposten,1910,Porsgrunn
201975106,akershuspostenlillestroemnitten,1910,Lørenskog
201833882,valdres,1910,Nord-Aurdal
201109380,mosstilskuer,1910,Moss
202239737,fredrikshaldsavis,1910,
201817083,tvedestrandsposten,1910,Tvedestrand
202756600,romsdalstidende,1910,
201798092,trondhjemsadresseavis,1910,Trondheim
203433323,tvedestrandogomegnsavis,1910,
200564570,foerstemai,1910,Stavanger
203455811,vestfoldsandefjordatten,1910,
203125253,indtrondelagen,1910,
203954253,salten,1910,
203433402,tvedestrandogomegnsavis,1910,
203020002,askerogbaerumsbudstikke,1910,Bærum
201833964,valdres,1910,Nord-Aurdal
200866318,kongsbergdagblad,1910,Kongsberg
202621932,norskkundgjoerelsestidende,1910,Oslo
203463224,vossavis,1910,
203165808,nordrebergenhusamtstidende,1910,Kinn
201556763,socialdemokraten,1910,Oslo
200311164,dagbladet,1910,Oslo
202521435,moldeannonceblad,1910,
200358170,dagensnytt,1910,
201471450,romsdalsamtstidende,1910,Kristiansund
202500286,listerfarsundatten,1910,
200752816,harstadtidende,1910,Harstad
203433383,tvedestrandogomegnsavis,1910,
201276335,norgessjoefartstidende,1910,Oslo
200928398,lillesandsposten,1910,Lillesand
202410598,hordalandfolkeblad,1910,Kvam
201967608,akershus,1910,Lillestrøm
200253762,bratsbergdemokraten,1910,Skien
201170410,nordkapp,1910,
200601756,fredriksstadtilskuer,1910,Fredrikstad
201572969,sogningen,1910,Sogndal
203198961,stavangeraftenblad,1910,Stavanger
202187117,finmarken,1910,Vardø
200752846,harstadtidende,1910,Harstad
201797664,trondhjemsadresseavis,1910,Trondheim
201594609,sognstidend,1910,Sogndal
203020016,askerogbaerumsbudstikke,1910,Bærum
200623926,fremtiden,1910,Drammen
201276349,norgessjoefartstidende,1910,Oslo
202424268,indlandsposten,1910,
202642242,oplandenesavis,1910,Hamar
201594625,sognstidend,1910,Sogndal
202483278,langesundsposten,1910,
201035563,morgenbladet,1910,Oslo
201471446,romsdalsamtstidende,1910,Kristiansund
203433307,tvedestrandogomegnsavis,1910,
202944854,aftenposten,1910,Oslo
201557035,socialdemokraten,1910,Oslo
200358179,dagensnytt,1910,
201833894,valdres,1910,Nord-Aurdal
201629216,stjordalensblad,1910,Stjørdal
201152836,nedenaesamtstidende,1910,Risør
202495573,lindesnes,1910,Mandal
202222720,folketidendetrondheimattennittien,1910,Trondheim
203549868,warensardne,1910,
200310865,dagbladet,1910,Oslo
202023487,bergensaftenbladbergenattenattini,1910,Bergen
201967754,akershus,1910,Lillestrøm
200676485,grimstadadressetiden,1910,Grimstad
201505907,sandefjordsblad,1910,Sandefjord
200562584,flekkefjordsposten,1910,
201035582,morgenbladet,1910,Oslo
201152852,nedenaesamtstidende,1910,Risør
203981847,warensardne,1910,
200217669,bergenstidende,1910,Bergen
204451710,Hamar Stiftstidende ,1910,Hamar
203302979,buskerudsamtstidendedrammen,1910,
201163474,nordisktidende,1910,
200525835,finnmarksposten,1910,Nordkapp
204598372,Samhold (Gjøvik: 1885-1920) ,1910,Gjøvik
202452028,jarlsbergoglarviksamtstidende,1910,Larvik
204293349,vestoplaendingen,1910,
203527837,lofotposten,1910,
202585464,nordlandsposten,1910,Bodø
202521443,moldeannonceblad,1910,
201276538,norgessjoefartstidende,1910,Oslo
203669157,narviktidende,1910,
203302889,buskerudsamtstidendedrammen,1910,
203455832,vestfoldsandefjordatten,1910,
203541628,lofotposten,1910,
200694005,gudbrandsdoelen,1910,Lillehammer
201557038,socialdemokraten,1910,Oslo
203455766,vestfoldsandefjordatten,1910,
202585459,nordlandsposten,1910,Bodø
204281941,saltensfremtid,1910,
201194364,nordlandsposten,1910,Bodø
202040877,bergensannoncetidende,1910,
202057341,breidablik,1910,
203117097,indheredsposten,1910,
202522312,more,1910,Volda
201975067,akershuspostenlillestroemnitten,1910,Lørenskog
204389863,Hamar Stiftstidende ,1910,Hamar
200564520,foerstemai,1910,Stavanger
204634457,Hamar Stiftstidende ,1910,Hamar
202187095,finmarken,1910,Vardø
204527304,Hamar Stiftstidende ,1910,Hamar
202621838,norskkundgjoerelsestidende,1910,Oslo
203386914,sarpen,1910,
200217461,bergenstidende,1910,Bergen
201276421,norgessjoefartstidende,1910,Oslo
203125137,indtrondelagen,1910,
203396223,skotfosavisnittennullen,1910,
201477471,romsdalsbudstikke,1910,Molde
201833870,valdres,1910,Nord-Aurdal
204431991,Hamar Stiftstidende ,1910,Hamar
200811219,helgelandsblad,1910,
203455733,vestfoldsandefjordatten,1910,
202041030,bergensannoncetidende,1910,
201035777,morgenbladet,1910,Oslo
202756627,romsdalstidende,1910,
202452048,jarlsbergoglarviksamtstidende,1910,Larvik
202944690,aftenposten,1910,Oslo
201629284,stjordalensblad,1910,Stjørdal
200911627,lillehammertilskuer,1910,Lillehammer
202023272,bergensaftenbladbergenattenattini,1910,Bergen
201556922,socialdemokraten,1910,Oslo
203402167,soendhordland,1910,
203198792,stavangeraftenblad,1910,Stavanger
200694035,gudbrandsdoelen,1910,Lillehammer
203125217,indtrondelagen,1910,
204451253,Samhold (Gjøvik: 1885-1920) ,1910,Gjøvik
202944820,aftenposten,1910,Oslo
203358892,oevresmaalenene,1910,Indre Østfold
200525864,finnmarksposten,1910,Nordkapp
204151392,fjordenestidende,1910,
204732126,Laagendalsposten ,1910,Kongsberg
200676381,grimstadadressetiden,1910,Grimstad
204021920,buskerudsblad,1910,
200911543,lillehammertilskuer,1910,Lillehammer
202474811,kristiansundspostenatten,1910,
200642980,gjengangeren,1910,Horten
202944902,aftenposten,1910,Oslo
200217637,bergenstidende,1910,Bergen
202050500,bodotidende,1910,Bodø
200928326,lillesandsposten,1910,Lillesand
201992928,arbeidet,1910,Bergen
201035891,morgenbladet,1910,Oslo
201471545,romsdalsamtstidende,1910,Kristiansund
200752823,harstadtidende,1910,Harstad
201797800,trondhjemsadresseavis,1910,Trondheim
203198771,stavangeraftenblad,1910,Stavanger
202621934,norskkundgjoerelsestidende,1910,Oslo
201556777,socialdemokraten,1910,Oslo
204036779,oerebladet,1910,
202944313,aftenposten,1910,Oslo
202302502,grimstadposten,1910,
203358829,oevresmaalenene,1910,Indre Østfold
203411575,soloerposten,1910,
200358218,dagensnytt,1910,
204689247,Samhold (Gjøvik: 1885-1920) ,1910,Gjøvik
201434742,rogalandnittensju,1910,Stavanger
201477483,romsdalsbudstikke,1910,Molde
203929423,nordland,1910,
202424284,indlandsposten,1910,
202495456,lindesnes,1910,Mandal
200602336,fremover,1910,Narvik
201109456,mosstilskuer,1910,Moss
202222755,folketidendetrondheimattennittien,1910,Trondheim
202187081,finmarken,1910,Vardø
200752806,harstadtidende,1910,Harstad
203117048,indheredsposten,1910,
200217594,bergenstidende,1910,Bergen
200253712,bratsbergdemokraten,1910,Skien
201170376,nordkapp,1910,
200623961,fremtiden,1910,Drammen
202621825,norskkundgjoerelsestidende,1910,Oslo
203153792,nordenfjeldsktidende,1910,Levanger
200790804,hedemarkensamtstidende,1910,Hamar
201309868,oeieren,1910,
202302532,grimstadposten,1910,
201035489,morgenbladet,1910,Oslo
201992903,arbeidet,1910,Bergen
200311148,dagbladet,1910,Oslo
201797882,trondhjemsadresseavis,1910,Trondheim
202944397,aftenposten,1910,Oslo
202944402,aftenposten,1910,Oslo
201035526,morgenbladet,1910,Oslo
201345462,osterdolen,1910,Tynset
203117061,indheredsposten,1910,
203455742,vestfoldsandefjordatten,1910,
200358190,dagensnytt,1910,
202642236,oplandenesavis,1910,Hamar
201573013,sogningen,1910,Sogndal
200311091,dagbladet,1910,Oslo
202944489,aftenposten,1910,Oslo
200454989,faedrelandsvennen,1910,Kristiansand
202541123,mossavis,1910,Moss
202621929,norskkundgjoerelsestidende,1910,Oslo
201992921,arbeidet,1910,Bergen
200454947,faedrelandsvennen,1910,Kristiansand
202050567,bodotidende,1910,Bodø
203386852,sarpen,1910,
200667847,glommendalen,1910,Kongsvinger
203463153,vossavis,1910,
204241487,gudbrandsdalensfolkebladgjoevik,1910,
200886058,kysten,1910,Oslo
200217493,bergenstidende,1910,Bergen
202023477,bergensaftenbladbergenattenattini,1910,Bergen
202500270,listerfarsundatten,1910,
200358239,dagensnytt,1910,
203411627,soloerposten,1910,
202944528,aftenposten,1910,Oslo
202505831,listerogmandalsamtstidendeogadresseavis,1910,Lindesnes
201797711,trondhjemsadresseavis,1910,Trondheim
201276415,norgessjoefartstidende,1910,Oslo
202568318,nordfjord,1910,
202059970,breviksposten,1910,Porsgrunn
200866167,kongsbergdagblad,1910,Kongsberg
201833988,valdres,1910,Nord-Aurdal
202479155,landmandsposten,1910,
202541147,mossavis,1910,Moss
202601772,nordretrondhjemsamtstidende,1910,
201471573,romsdalsamtstidende,1910,Kristiansund
202541136,mossavis,1910,Moss
203386771,sarpen,1910,
201973560,akershusfolkebladdroebak,1910,Oslo
200752866,harstadtidende,1910,Harstad
201276508,norgessjoefartstidende,1910,Oslo
201993004,arbeidet,1910,Bergen
200866303,kongsbergdagblad,1910,Kongsberg
200667781,glommendalen,1910,Kongsvinger
202786849,skandinaven,1910,
204629664,Hamar Stiftstidende ,1910,Hamar
201600241,solungen,1910,Kongsvinger
201035411,morgenbladet,1910,Oslo
200564514,foerstemai,1910,Stavanger
200311186,dagbladet,1910,Oslo
201276552,norgessjoefartstidende,1910,Oslo
202302554,grimstadposten,1910,
202944308,aftenposten,1910,Oslo
201817127,tvedestrandsposten,1910,Tvedestrand
201276396,norgessjoefartstidende,1910,Oslo
203185184,ranenstidende,1910,Hemnes
201035360,morgenbladet,1910,Oslo
203125254,indtrondelagen,1910,
203396184,skotfosavisnittennullen,1910,
202452142,jarlsbergoglarviksamtstidende,1910,Larvik
202424244,indlandsposten,1910,
203199001,stavangeraftenblad,1910,Stavanger
200562544,flekkefjordsposten,1910,
200642884,gjengangeren,1910,Horten
200044444,agderposten,1910,Arendal
201979072,akersposten,1910,Oslo
202452202,jarlsbergoglarviksamtstidende,1910,Larvik
201557030,socialdemokraten,1910,Oslo
202041017,bergensannoncetidende,1910,
200886049,kysten,1910,Oslo
200911620,lillehammertilskuer,1910,Lillehammer
203153836,nordenfjeldsktidende,1910,Levanger
203801131,buskerudsblad,1910,
202040911,bergensannoncetidende,1910,
202410707,hordalandfolkeblad,1910,Kvam
201975078,akershuspostenlillestroemnitten,1910,Lørenskog
201974985,akershuspostenlillestroemnitten,1910,Lørenskog
203411669,soloerposten,1910,
203893880,oerebladet,1910,
203303112,buskerudsamtstidendedrammen,1910,
204319013,gjoviksbladattenattifire,1910,
202222770,folketidendetrondheimattennittien,1910,Trondheim
203430351,tunsbergeren,1910,
204241489,gudbrandsdalensfolkebladgjoevik,1910,
201833940,valdres,1910,Nord-Aurdal
204445539,Hamar Stiftstidende ,1910,Hamar
202040828,bergensannoncetidende,1910,
201572993,sogningen,1910,Sogndal
200866317,kongsbergdagblad,1910,Kongsberg
202579994,nordlandsfolkeblad,1910,
202040993,bergensannoncetidende,1910,
200624002,fremtiden,1910,Drammen
202579924,nordlandsfolkeblad,1910,
202756604,romsdalstidende,1910,
200601606,fredriksstadtilskuer,1910,Fredrikstad
202944658,aftenposten,1910,Oslo
204678799,Samhold (Gjøvik: 1885-1920) ,1910,Gjøvik
203738648,aftenpostenukensnytt,1910,
203904323,nordland,1910,
200667822,glommendalen,1910,Kongsvinger
202424193,indlandsposten,1910,
201452123,romerikesblad,1910,Lillestrøm
200885993,kysten,1910,Oslo
200928399,lillesandsposten,1910,Lillesand
200623943,fremtiden,1910,Drammen
201993061,arbeidet,1910,Bergen
202012919,baerumogaskersblad,1910,
202579980,nordlandsfolkeblad,1910,
203358822,oevresmaalenene,1910,Indre Østfold
202222948,folketidendetrondheimattennittien,1910,Trondheim
201035285,morgenbladet,1910,Oslo
202944579,aftenposten,1910,Oslo
202452070,jarlsbergoglarviksamtstidende,1910,Larvik
200311030,dagbladet,1910,Oslo
200911574,lillehammertilskuer,1910,Lillehammer
200928384,lillesandsposten,1910,Lillesand
204241573,gudbrandsdalensfolkebladgjoevik,1910,
202536050,mossaftenblad,1910,
203933606,buskerudsblad,1910,
202541093,mossavis,1910,Moss
204626583,Samhold (Gjøvik: 1885-1920) ,1910,Gjøvik
201276397,norgessjoefartstidende,1910,Oslo
202187082,finmarken,1910,Vardø
201152810,nedenaesamtstidende,1910,Risør
200454878,faedrelandsvennen,1910,Kristiansand
202609809,nordtroenderen,1910,
203691689,helgeland,1910,
204319024,gjoviksbladattenattifire,1910,
203597888,oerebladet,1910,
200217352,bergenstidende,1910,Bergen
203783504,narviktidende,1910,
202483342,langesundsposten,1910,
200886037,kysten,1910,Oslo
202642237,oplandenesavis,1910,Hamar
202474924,kristiansundspostenatten,1910,
203455712,vestfoldsandefjordatten,1910,
202158976,egersundsposten,1910,Eigersund
202057329,breidablik,1910,
202181438,farsundsavis,1910,Farsund
204383646,unglyden ,1910,Voss
200667864,glommendalen,1910,Kongsvinger
200694030,gudbrandsdoelen,1910,Lillehammer
201152844,nedenaesamtstidende,1910,Risør
203455609,vestfoldsandefjordatten,1910,
202495550,lindesnes,1910,Mandal
201797915,trondhjemsadresseavis,1910,Trondheim
202944513,aftenposten,1910,Oslo
204293418,vestoplaendingen,1910,
202483305,langesundsposten,1910,
202495589,lindesnes,1910,Mandal
200525862,finnmarksposten,1910,Nordkapp
201973568,akershusfolkebladdroebak,1910,Oslo
202621758,norskkundgjoerelsestidende,1910,Oslo
201452136,romerikesblad,1910,Lillestrøm
202536090,mossaftenblad,1910,
202642213,oplandenesavis,1910,Hamar
202050496,bodotidende,1910,Bodø
203856663,buskerudsblad,1910,
204522609,Samhold (Gjøvik: 1885-1920) ,1910,Gjøvik
201035554,morgenbladet,1910,Oslo
202023406,bergensaftenbladbergenattenattini,1910,Bergen
203165811,nordrebergenhusamtstidende,1910,Kinn
201505846,sandefjordsblad,1910,Sandefjord
200601503,fredriksstadtilskuer,1910,Fredrikstad
202023335,bergensaftenbladbergenattenattini,1910,Bergen
203198933,stavangeraftenblad,1910,Stavanger
200044500,agderposten,1910,Arendal
200217514,bergenstidende,1910,Bergen
201471517,romsdalsamtstidende,1910,Kristiansund
200602371,fremover,1910,Narvik
202242371,fredrikshaldstilskuer,1910,Halden
203185194,ranenstidende,1910,Hemnes
201993071,arbeidet,1910,Bergen
201035602,morgenbladet,1910,Oslo
203715804,salten,1910,
201594616,sognstidend,1910,Sogndal
204722365,Laagendalsposten ,1910,Kongsberg
204484637,Hamar Stiftstidende ,1910,Hamar
202187103,finmarken,1910,Vardø
200027764,agder,1910,
201797814,trondhjemsadresseavis,1910,Trondheim
200253825,bratsbergdemokraten,1910,Skien
200311142,dagbladet,1910,Oslo
201992984,arbeidet,1910,Bergen
202023209,bergensaftenbladbergenattenattini,1910,Bergen
202222708,folketidendetrondheimattennittien,1910,Trondheim
201477493,romsdalsbudstikke,1910,Molde
202642180,oplandenesavis,1910,Hamar
200525870,finnmarksposten,1910,Nordkapp
204537347,Bergensposten Fram (Bergen 1892-1893) ,1910,Bergen
203455855,vestfoldsandefjordatten,1910,
201600191,solungen,1910,Kongsvinger
202790744,soendmoerefolkeblad,1910,
203585046,buskerudsblad,1910,
202158955,egersundsposten,1910,Eigersund
201775776,tromsoeposten,1910,Tromsø
200911481,lillehammertilskuer,1910,Lillehammer
200602381,fremover,1910,Narvik
200694100,gudbrandsdoelen,1910,Lillehammer
203185164,ranenstidende,1910,Hemnes
202621977,norskkundgjoerelsestidende,1910,Oslo
203303016,buskerudsamtstidendedrammen,1910,
201556803,socialdemokraten,1910,Oslo
202585480,nordlandsposten,1910,Bodø
201629239,stjordalensblad,1910,Stjørdal
203486391,lofotposten,1910,
202621952,norskkundgjoerelsestidende,1910,Oslo
203597889,oerebladet,1910,
202023426,bergensaftenbladbergenattenattini,1910,Bergen
202023380,bergensaftenbladbergenattenattini,1910,Bergen
202579941,nordlandsfolkeblad,1910,
202495544,lindesnes,1910,Mandal
200790880,hedemarkensamtstidende,1910,Hamar
203433350,tvedestrandogomegnsavis,1910,
204029621,aftenpostenukensnytt,1910,
201560782,soendretrondhjemsamtstidende,1910,Orkdal
202790754,soendmoerefolkeblad,1910,
204719370,Laagendalsposten ,1910,Kongsberg
202554164,namdalensblad,1910,
202541144,mossavis,1910,Moss
200358152,dagensnytt,1910,
202786833,skandinaven,1910,
202023493,bergensaftenbladbergenattenattini,1910,Bergen
200454871,faedrelandsvennen,1910,Kristiansand
201109465,mosstilskuer,1910,Moss
202621984,norskkundgjoerelsestidende,1910,Oslo
201556890,socialdemokraten,1910,Oslo
204023864,fjellposten,1910,
202040870,bergensannoncetidende,1910,
200752834,harstadtidende,1910,Harstad
202500341,listerfarsundatten,1910,
202302459,grimstadposten,1910,
204585797,Hamar Stiftstidende ,1910,Hamar
201152813,nedenaesamtstidende,1910,Risør
203433378,tvedestrandogomegnsavis,1910,
201600234,solungen,1910,Kongsvinger
201775784,tromsoeposten,1910,Tromsø
203125251,indtrondelagen,1910,
202479190,landmandsposten,1910,
201817094,tvedestrandsposten,1910,Tvedestrand
203463218,vossavis,1910,
203841234,narviktidende,1910,
204667263,Samhold (Gjøvik: 1885-1920) ,1910,Gjøvik
204027837,lofotposten,1910,
201833978,valdres,1910,Nord-Aurdal
203430363,tunsbergeren,1910,
200562572,flekkefjordsposten,1910,
202554085,namdalensblad,1910,
201979121,akersposten,1910,Oslo
202944525,aftenposten,1910,Oslo
200831021,indresmaalenenesavis,1910,Indre Østfold
203411645,soloerposten,1910,
202424290,indlandsposten,1910,
204293465,vestoplaendingen,1910,
201035447,morgenbladet,1910,Oslo
200562496,flekkefjordsposten,1910,
200436777,dunderlandsdoelen,1910,Rana
202609739,nordtroenderen,1910,
201035309,morgenbladet,1910,Oslo
203490315,nordland,1910,
202424288,indlandsposten,1910,
202500292,listerfarsundatten,1910,
202452127,jarlsbergoglarviksamtstidende,1910,Larvik
200642888,gjengangeren,1910,Horten
203411606,soloerposten,1910,
202023499,bergensaftenbladbergenattenattini,1910,Bergen
202040934,bergensannoncetidende,1910,
200564543,foerstemai,1910,Stavanger
200436775,dunderlandsdoelen,1910,Rana
201309808,oeieren,1910,
203198820,stavangeraftenblad,1910,Stavanger
202554178,namdalensblad,1910,
200217460,bergenstidende,1910,Bergen
201556965,socialdemokraten,1910,Oslo
200564580,foerstemai,1910,Stavanger
201109475,mosstilskuer,1910,Moss
200217572,bergenstidende,1910,Bergen
202621851,norskkundgjoerelsestidende,1910,Oslo
201505943,sandefjordsblad,1910,Sandefjord
202522330,more,1910,Volda
202483284,langesundsposten,1910,
200886034,kysten,1910,Oslo
201309858,oeieren,1910,
203165852,nordrebergenhusamtstidende,1910,Kinn
200044395,agderposten,1910,Arendal
200044381,agderposten,1910,Arendal
203832149,lofotposten,1910,
203117120,indheredsposten,1910,
204680882,Hamar Stiftstidende ,1910,Hamar
204319038,gjoviksbladattenattifire,1910,
202944921,aftenposten,1910,Oslo
203679455,narviktidende,1910,
201775767,tromsoeposten,1910,Tromsø
203433316,tvedestrandogomegnsavis,1910,
202500315,listerfarsundatten,1910,
204705586,Laagendalsposten ,1910,Kongsberg
204018000,oerebladet,1910,
201556782,socialdemokraten,1910,Oslo
200642836,gjengangeren,1910,Horten
200454941,faedrelandsvennen,1910,Kristiansand
202609777,nordtroenderen,1910,
202187150,finmarken,1910,Vardø
203396200,skotfosavisnittennullen,1910,
202059984,breviksposten,1910,Porsgrunn
201817110,tvedestrandsposten,1910,Tvedestrand
202790700,soendmoerefolkeblad,1910,
200564571,foerstemai,1910,Stavanger
203302855,buskerudsamtstidendedrammen,1910,
202790751,soendmoerefolkeblad,1910,
203198804,stavangeraftenblad,1910,Stavanger
201950804,agderposten,1910,Arendal
200866115,kongsbergdagblad,1910,Kongsberg
201035883,morgenbladet,1910,Oslo
202158981,egersundsposten,1910,Eigersund
200911563,lillehammertilskuer,1910,Lillehammer
204691134,Hamar Stiftstidende ,1910,Hamar
201556856,socialdemokraten,1910,Oslo
204319076,gjoviksbladattenattifire,1910,
200311162,dagbladet,1910,Oslo
203396219,skotfosavisnittennullen,1910,
201035524,morgenbladet,1910,Oslo
201506024,sandefjordsblad,1910,Sandefjord
203585047,buskerudsblad,1910,
202589618,nordlendingen,1910,
204373119,Hamar Stiftstidende ,1910,Hamar
202040830,bergensannoncetidende,1910,
201600235,solungen,1910,Kongsvinger
200885976,kysten,1910,Oslo
200676367,grimstadadressetiden,1910,Grimstad
201817133,tvedestrandsposten,1910,Tvedestrand
202621889,norskkundgjoerelsestidende,1910,Oslo
201217612,nordlys,1910,Tromsø
204319061,gjoviksbladattenattifire,1910,
202452027,jarlsbergoglarviksamtstidende,1910,Larvik
200831028,indresmaalenenesavis,1910,Indre Østfold
202541165,mossavis,1910,Moss
200601571,fredriksstadtilskuer,1910,Fredrikstad
201992959,arbeidet,1910,Bergen
202790762,soendmoerefolkeblad,1910,
202944940,aftenposten,1910,Oslo
201556925,socialdemokraten,1910,Oslo
200790897,hedemarkensamtstidende,1910,Hamar
200694067,gudbrandsdoelen,1910,Lillehammer
203841332,buskerudsblad,1910,
202041036,bergensannoncetidende,1910,
201035841,morgenbladet,1910,Oslo
200676349,grimstadadressetiden,1910,Grimstad
204404111,Samhold (Gjøvik: 1885-1920) ,1910,Gjøvik
200928316,lillesandsposten,1910,Lillesand
203430472,tunsbergeren,1910,
200928336,lillesandsposten,1910,Lillesand
202059999,breviksposten,1910,Porsgrunn
202479205,landmandsposten,1910,
200694104,gudbrandsdoelen,1910,Lillehammer
201671721,svelviksposten,1910,Drammen
201817062,tvedestrandsposten,1910,Tvedestrand
202479233,landmandsposten,1910,
202944607,aftenposten,1910,Oslo
201170420,nordkapp,1910,
201345484,osterdolen,1910,Tynset
203386843,sarpen,1910,
204241611,gudbrandsdalensfolkebladgjoevik,1910,
204241624,gudbrandsdalensfolkebladgjoevik,1910,
202536061,mossaftenblad,1910,
201345495,osterdolen,1910,Tynset
200866208,kongsbergdagblad,1910,Kongsberg
200667730,glommendalen,1910,Kongsvinger
201471497,romsdalsamtstidende,1910,Kristiansund
203683656,lofotposten,1910,
201316112,ofotenstidende,1910,Narvik
200693996,gudbrandsdoelen,1910,Lillehammer
201833904,valdres,1910,Nord-Aurdal
203117083,indheredsposten,1910,
204572640,Hamar Stiftstidende ,1910,Hamar
203716413,buskerudsblad,1910,
202944728,aftenposten,1910,Oslo
202568310,nordfjord,1910,
202621856,norskkundgjoerelsestidende,1910,Oslo
201781587,tromsoestiftstidende,1910,Tromsø
202452001,jarlsbergoglarviksamtstidende,1910,Larvik
200311163,dagbladet,1910,Oslo
203125168,indtrondelagen,1910,
202500378,listerfarsundatten,1910,
202500382,listerfarsundatten,1910,
203153821,nordenfjeldsktidende,1910,Levanger
200027818,agder,1910,
202040800,bergensannoncetidende,1910,
200454933,faedrelandsvennen,1910,Kristiansand
203923139,nordland,1910,
203871160,helgeland,1910,
200455177,faedrelandsvennen,1910,Kristiansand
201979068,akersposten,1910,Oslo
201817078,tvedestrandsposten,1910,Tvedestrand
202554060,namdalensblad,1910,
203303035,buskerudsamtstidendedrammen,1910,
202302516,grimstadposten,1910,
200928328,lillesandsposten,1910,Lillesand
203411588,soloerposten,1910,
201276420,norgessjoefartstidende,1910,Oslo
201276596,norgessjoefartstidende,1910,Oslo
203430417,tunsbergeren,1910,
201950757,agderposten,1910,Arendal
200311064,dagbladet,1910,Oslo
200436791,dunderlandsdoelen,1910,Rana
203455822,vestfoldsandefjordatten,1910,
201941524,vortlandosloattennitti,1910,Oslo
203981584,helgeland,1910,
203463183,vossavis,1910,
204319010,gjoviksbladattenattifire,1910,
204479952,unglyden ,1910,Voss
204691430,Samhold (Gjøvik: 1885-1920) ,1910,Gjøvik
203303014,buskerudsamtstidendedrammen,1910,
202060004,breviksposten,1910,Porsgrunn
203303082,buskerudsamtstidendedrammen,1910,
200027819,agder,1910,
201452108,romerikesblad,1910,Lillestrøm
202023235,bergensaftenbladbergenattenattini,1910,Bergen
202642240,oplandenesavis,1910,Hamar
203817507,oerebladet,1910,
201345560,osterdolen,1910,Tynset
200358221,dagensnytt,1910,
203393413,senjensbladnittennullsju,1910,
201572939,sogningen,1910,Sogndal
201316090,ofotenstidende,1910,Narvik
202059931,breviksposten,1910,Porsgrunn
202585467,nordlandsposten,1910,Bodø
200866279,kongsbergdagblad,1910,Kongsberg
200311079,dagbladet,1910,Oslo
201967648,akershus,1910,Lillestrøm
200311157,dagbladet,1910,Oslo
202023273,bergensaftenbladbergenattenattini,1910,Bergen
202554185,namdalensblad,1910,
200601497,fredriksstadtilskuer,1910,Fredrikstad
201035341,morgenbladet,1910,Oslo
201600248,solungen,1910,Kongsvinger
203117084,indheredsposten,1910,
202505787,listerogmandalsamtstidendeogadresseavis,1910,Lindesnes
202222916,folketidendetrondheimattennittien,1910,Trondheim
201316108,ofotenstidende,1910,Narvik
201276424,norgessjoefartstidende,1910,Oslo
200601509,fredriksstadtilskuer,1910,Fredrikstad
201471546,romsdalsamtstidende,1910,Kristiansund
202521418,moldeannonceblad,1910,
202568257,nordfjord,1910,
203125266,indtrondelagen,1910,
201035303,morgenbladet,1910,Oslo
202495562,lindesnes,1910,Mandal
202579905,nordlandsfolkeblad,1910,
202589638,nordlendingen,1910,
203433317,tvedestrandogomegnsavis,1910,
203165845,nordrebergenhusamtstidende,1910,Kinn
201556775,socialdemokraten,1910,Oslo
204390063,Samhold (Gjøvik: 1885-1920) ,1910,Gjøvik
202239726,fredrikshaldsavis,1910,
203411550,soloerposten,1910,
202556337,namdalensfolkeblad,1910,
202579993,nordlandsfolkeblad,1910,
200885972,kysten,1910,Oslo
203125188,indtrondelagen,1910,
200454894,faedrelandsvennen,1910,Kristiansand
201594635,sognstidend,1910,Sogndal
202050494,bodotidende,1910,Bodø
201967743,akershus,1910,Lillestrøm
200217345,bergenstidende,1910,Bergen
200885953,kysten,1910,Oslo
204293402,vestoplaendingen,1910,
202621683,norskkundgjoerelsestidende,1910,Oslo
204506796,Hamar Stiftstidende ,1910,Hamar
200694076,gudbrandsdoelen,1910,Lillehammer
201775744,tromsoeposten,1910,Tromsø
200455060,faedrelandsvennen,1910,Kristiansand
201798059,trondhjemsadresseavis,1910,Trondheim
201316093,ofotenstidende,1910,Narvik
201797728,trondhjemsadresseavis,1910,Trondheim
200667874,glommendalen,1910,Kongsvinger
201471542,romsdalsamtstidende,1910,Kristiansund
201594634,sognstidend,1910,Sogndal
201797660,trondhjemsadresseavis,1910,Trondheim
203019983,askerogbaerumsbudstikke,1910,Bærum
201506010,sandefjordsblad,1910,Sandefjord
201797778,trondhjemsadresseavis,1910,Trondheim
203302884,buskerudsamtstidendedrammen,1910,
203765660,nordland,1910,
200886206,kysten,1910,Oslo
201035612,morgenbladet,1910,Oslo
202023304,bergensaftenbladbergenattenattini,1910,Bergen
201798081,trondhjemsadresseavis,1910,Trondheim
202944432,aftenposten,1910,Oslo
203396189,skotfosavisnittennullen,1910,
200676443,grimstadadressetiden,1910,Grimstad
202302441,grimstadposten,1910,
200455149,faedrelandsvennen,1910,Kristiansand
200886137,kysten,1910,Oslo
202756637,romsdalstidende,1910,
201797747,trondhjemsadresseavis,1910,Trondheim
200027776,agder,1910,
202521417,moldeannonceblad,1910,
200790903,hedemarkensamtstidende,1910,Hamar
203926528,buskerudsblad,1910,
201471441,romsdalsamtstidende,1910,Kristiansund
200455129,faedrelandsvennen,1910,Kristiansand
201797705,trondhjemsadresseavis,1910,Trondheim
202500294,listerfarsundatten,1910,
202474810,kristiansundspostenatten,1910,
203455739,vestfoldsandefjordatten,1910,
201950702,agderposten,1910,Arendal
201797693,trondhjemsadresseavis,1910,Trondheim
202023472,bergensaftenbladbergenattenattini,1910,Bergen
203118892,indherred,1910,Steinkjer
202483300,langesundsposten,1910,
203463186,vossavis,1910,
201452169,romerikesblad,1910,Lillestrøm
204319084,gjoviksbladattenattifire,1910,
200601647,fredriksstadtilskuer,1910,Fredrikstad
200217553,bergenstidende,1910,Bergen
203455610,vestfoldsandefjordatten,1910,
201152862,nedenaesamtstidende,1910,Risør
202642246,oplandenesavis,1910,Hamar
201556898,socialdemokraten,1910,Oslo
201817121,tvedestrandsposten,1910,Tvedestrand
202479240,landmandsposten,1910,
202554192,namdalensblad,1910,
202040894,bergensannoncetidende,1910,
202601765,nordretrondhjemsamtstidende,1910,
203386851,sarpen,1910,
200886011,kysten,1910,Oslo
202452018,jarlsbergoglarviksamtstidende,1910,Larvik
203433346,tvedestrandogomegnsavis,1910,
202944747,aftenposten,1910,Oslo
203302950,buskerudsamtstidendedrammen,1910,
202790746,soendmoerefolkeblad,1910,
202756589,romsdalstidende,1910,
200885995,kysten,1910,Oslo
201975036,akershuspostenlillestroemnitten,1910,Lørenskog
202410626,hordalandfolkeblad,1910,Kvam
201950834,agderposten,1910,Arendal
200601733,fredriksstadtilskuer,1910,Fredrikstad
203198762,stavangeraftenblad,1910,Stavanger
200562541,flekkefjordsposten,1910,
200866246,kongsbergdagblad,1910,Kongsberg
200027771,agder,1910,
203455823,vestfoldsandefjordatten,1910,
200454969,faedrelandsvennen,1910,Kristiansand
200642956,gjengangeren,1910,Horten
201941510,vortlandosloattennitti,1910,Oslo
203818992,lofotposten,1910,
201950777,agderposten,1910,Arendal
201217560,nordlys,1910,Tromsø
202012923,baerumogaskersblad,1910,
204241481,gudbrandsdalensfolkebladgjoevik,1910,
204025832,nordland,1910,
201505906,sandefjordsblad,1910,Sandefjord
202621696,norskkundgjoerelsestidende,1910,Oslo
200886190,kysten,1910,Oslo
201629303,stjordalensblad,1910,Stjørdal
201572953,sogningen,1910,Sogndal
204010202,helgeland,1910,
201452121,romerikesblad,1910,Lillestrøm
201217542,nordlys,1910,Tromsø
202621879,norskkundgjoerelsestidende,1910,Oslo
202474895,kristiansundspostenatten,1910,
202424270,indlandsposten,1910,
201817057,tvedestrandsposten,1910,Tvedestrand
204241525,gudbrandsdalensfolkebladgjoevik,1910,
202057336,breidablik,1910,
202424261,indlandsposten,1910,
203430356,tunsbergeren,1910,
202944261,aftenposten,1910,Oslo
202181474,farsundsavis,1910,Farsund
202424207,indlandsposten,1910,
200564496,foerstemai,1910,Stavanger
200667881,glommendalen,1910,Kongsvinger
202568259,nordfjord,1910,
203430376,tunsbergeren,1910,
202756574,romsdalstidende,1910,
202239766,fredrikshaldsavis,1910,
202059927,breviksposten,1910,Porsgrunn
201035727,morgenbladet,1910,Oslo
202239791,fredrikshaldsavis,1910,
201035780,morgenbladet,1910,Oslo
203358883,oevresmaalenene,1910,Indre Østfold
202023420,bergensaftenbladbergenattenattini,1910,Bergen
202479122,landmandsposten,1910,
204735618,Laagendalsposten ,1910,Kongsberg
201035351,morgenbladet,1910,Oslo
201471549,romsdalsamtstidende,1910,Kristiansund
202474854,kristiansundspostenatten,1910,
200217494,bergenstidende,1910,Bergen
200253785,bratsbergdemokraten,1910,Skien
200928390,lillesandsposten,1910,Lillesand
202222941,folketidendetrondheimattennittien,1910,Trondheim
201629267,stjordalensblad,1910,Stjørdal
203411607,soloerposten,1910,
204293474,vestoplaendingen,1910,
204319040,gjoviksbladattenattifire,1910,
202541177,mossavis,1910,Moss
201452177,romerikesblad,1910,Lillestrøm
203396267,skotfosavisnittennullen,1910,
203411556,soloerposten,1910,
203430387,tunsbergeren,1910,
203455723,vestfoldsandefjordatten,1910,
200601491,fredriksstadtilskuer,1910,Fredrikstad
200866105,kongsbergdagblad,1910,Kongsberg
202944723,aftenposten,1910,Oslo
201560771,soendretrondhjemsamtstidende,1910,Orkdal
202500385,listerfarsundatten,1910,
202222709,folketidendetrondheimattennittien,1910,Trondheim
201629295,stjordalensblad,1910,Stjørdal
201560870,soendretrondhjemsamtstidende,1910,Orkdal
201671738,svelviksposten,1910,Drammen
202239776,fredrikshaldsavis,1910,
204577373,Samhold (Gjøvik: 1885-1920) ,1910,Gjøvik
201797650,trondhjemsadresseavis,1910,Trondheim
201035631,morgenbladet,1910,Oslo
203153738,nordenfjeldsktidende,1910,Levanger
200676435,grimstadadressetiden,1910,Grimstad
202944660,aftenposten,1910,Oslo
202556350,namdalensfolkeblad,1910,
203836665,warensardne,1910,
201035371,morgenbladet,1910,Oslo
200436776,dunderlandsdoelen,1910,Rana
201797902,trondhjemsadresseavis,1910,Trondheim
204293432,vestoplaendingen,1910,
201345498,osterdolen,1910,Tynset
202222934,folketidendetrondheimattennittien,1910,Trondheim
201967735,akershus,1910,Lillestrøm
201572988,sogningen,1910,Sogndal
202479258,landmandsposten,1910,
200885988,kysten,1910,Oslo
201217597,nordlys,1910,Tromsø
202944692,aftenposten,1910,Oslo
201316176,ofotenstidende,1910,Narvik
202495561,lindesnes,1910,Mandal
203430402,tunsbergeren,1910,
201556951,socialdemokraten,1910,Oslo
200217496,bergenstidende,1910,Bergen
203019996,askerogbaerumsbudstikke,1910,Bærum
201556912,socialdemokraten,1910,Oslo
201556985,socialdemokraten,1910,Oslo
202023221,bergensaftenbladbergenattenattini,1910,Bergen
200911479,lillehammertilskuer,1910,Lillehammer
204483968,Hamar Stiftstidende ,1910,Hamar
201992894,arbeidet,1910,Bergen
202474806,kristiansundspostenatten,1910,
202500390,listerfarsundatten,1910,
200790842,hedemarkensamtstidende,1910,Hamar
200866345,kongsbergdagblad,1910,Kongsberg
202023491,bergensaftenbladbergenattenattini,1910,Bergen
201276449,norgessjoefartstidende,1910,Oslo
202944674,aftenposten,1910,Oslo
202944264,aftenposten,1910,Oslo
202181443,farsundsavis,1910,Farsund
202944209,aftenposten,1910,Oslo
202410644,hordalandfolkeblad,1910,Kvam
201560800,soendretrondhjemsamtstidende,1910,Orkdal
202222806,folketidendetrondheimattennittien,1910,Trondheim
200310918,dagbladet,1910,Oslo
203165822,nordrebergenhusamtstidende,1910,Kinn
203198834,stavangeraftenblad,1910,Stavanger
204586399,unglyden ,1910,Voss
202541191,mossavis,1910,Moss
202521422,moldeannonceblad,1910,
201276561,norgessjoefartstidende,1910,Oslo
201967730,akershus,1910,Lillestrøm
200358159,dagensnytt,1910,
200642811,gjengangeren,1910,Horten
202059971,breviksposten,1910,Porsgrunn
202609759,nordtroenderen,1910,
201316135,ofotenstidende,1910,Narvik
202500313,listerfarsundatten,1910,
201471513,romsdalsamtstidende,1910,Kristiansund
202239771,fredrikshaldsavis,1910,
201594588,sognstidend,1910,Sogndal
201471577,romsdalsamtstidende,1910,Kristiansund
201797863,trondhjemsadresseavis,1910,Trondheim
204293472,vestoplaendingen,1910,
202944300,aftenposten,1910,Oslo
201276404,norgessjoefartstidende,1910,Oslo
203952592,fjellposten,1910,
201950765,agderposten,1910,Arendal
201477487,romsdalsbudstikke,1910,Molde
201035867,morgenbladet,1910,Oslo
202585460,nordlandsposten,1910,Bodø
200217655,bergenstidende,1910,Bergen
202556317,namdalensfolkeblad,1910,
202050564,bodotidende,1910,Bodø
200790851,hedemarkensamtstidende,1910,Hamar
200601505,fredriksstadtilskuer,1910,Fredrikstad
201975017,akershuspostenlillestroemnitten,1910,Lørenskog
203386908,sarpen,1910,
202944256,aftenposten,1910,Oslo
203198994,stavangeraftenblad,1910,Stavanger
203521105,oerebladet,1910,
203481945,lofotposten,1910,
202621691,norskkundgjoerelsestidende,1910,Oslo
200676439,grimstadadressetiden,1910,Grimstad
201572947,sogningen,1910,Sogndal
200525837,finnmarksposten,1910,Nordkapp
201217591,nordlys,1910,Tromsø
203744338,buskerudsblad,1910,
202621827,norskkundgjoerelsestidende,1910,Oslo
203117106,indheredsposten,1910,
200836039,indtrondelagen,1910,
201833901,valdres,1910,Nord-Aurdal
202181456,farsundsavis,1910,Farsund
202158986,egersundsposten,1910,Eigersund
202579965,nordlandsfolkeblad,1910,
201505941,sandefjordsblad,1910,Sandefjord
203153841,nordenfjeldsktidende,1910,Levanger
202621811,norskkundgjoerelsestidende,1910,Oslo
202568265,nordfjord,1910,
204417904,Samhold (Gjøvik: 1885-1920) ,1910,Gjøvik
203396268,skotfosavisnittennullen,1910,
201950772,agderposten,1910,Arendal
202609782,nordtroenderen,1910,
201217619,nordlys,1910,Tromsø
202756628,romsdalstidende,1910,
202642273,oplandenesavis,1910,Hamar
202579972,nordlandsfolkeblad,1910,
202585502,nordlandsposten,1910,Bodø
200454904,faedrelandsvennen,1910,Kristiansand
201967724,akershus,1910,Lillestrøm
203125130,indtrondelagen,1910,
203939734,buskerudsblad,1910,
201035372,morgenbladet,1910,Oslo
201109414,mosstilskuer,1910,Moss
202040706,bergensannoncetidende,1910,
204497448,Samhold (Gjøvik: 1885-1920) ,1910,Gjøvik
202040711,bergensannoncetidende,1910,
201671751,svelviksposten,1910,Drammen
200752870,harstadtidende,1910,Harstad
204151331,fjordenestidende,1910,
201170370,nordkapp,1910,
202050527,bodotidende,1910,Bodø
203303070,buskerudsamtstidendedrammen,1910,
200886136,kysten,1910,Oslo
201276604,norgessjoefartstidende,1910,Oslo
200811206,helgelandsblad,1910,
202944901,aftenposten,1910,Oslo
200601513,fredriksstadtilskuer,1910,Fredrikstad
201629293,stjordalensblad,1910,Stjørdal
202474885,kristiansundspostenatten,1910,
201973552,akershusfolkebladdroebak,1910,Oslo
202474819,kristiansundspostenatten,1910,
203430477,tunsbergeren,1910,
203455781,vestfoldsandefjordatten,1910,
203358811,oevresmaalenene,1910,Indre Østfold
200358257,dagensnytt,1910,
202786894,skandinaven,1910,
203593366,aftenpostenukensnytt,1910,
203303008,buskerudsamtstidendedrammen,1910,
201600286,solungen,1910,Kongsvinger
200811190,helgelandsblad,1910,
201975021,akershuspostenlillestroemnitten,1910,Lørenskog
202505745,listerogmandalsamtstidendeogadresseavis,1910,Lindesnes
201797691,trondhjemsadresseavis,1910,Trondheim
200310964,dagbladet,1910,Oslo
201993009,arbeidet,1910,Bergen
203455571,vestfoldsandefjordatten,1910,
201471543,romsdalsamtstidende,1910,Kristiansund
202585516,nordlandsposten,1910,Bodø
200310868,dagbladet,1910,Oslo
200454920,faedrelandsvennen,1910,Kristiansand
204293390,vestoplaendingen,1910,
201671749,svelviksposten,1910,Drammen
200217323,bergenstidende,1910,Bergen
201035533,morgenbladet,1910,Oslo
204151354,fjordenestidende,1910,
202012930,baerumogaskersblad,1910,
202239783,fredrikshaldsavis,1910,
201452125,romerikesblad,1910,Lillestrøm
201781512,tromsoestiftstidende,1910,Tromsø
201600252,solungen,1910,Kongsvinger
201797861,trondhjemsadresseavis,1910,Trondheim
201505925,sandefjordsblad,1910,Sandefjord
201560773,soendretrondhjemsamtstidende,1910,Orkdal
200667732,glommendalen,1910,Kongsvinger
202023242,bergensaftenbladbergenattenattini,1910,Bergen
203791096,narviktidende,1910,
204044482,fjellposten,1910,
202222984,folketidendetrondheimattennittien,1910,Trondheim
202239814,fredrikshaldsavis,1910,
201629229,stjordalensblad,1910,Stjørdal
203463220,vossavis,1910,
202023210,bergensaftenbladbergenattenattini,1910,Bergen
202944830,aftenposten,1910,Oslo
203198816,stavangeraftenblad,1910,Stavanger
202479244,landmandsposten,1910,
200886084,kysten,1910,Oslo
200601485,fredriksstadtilskuer,1910,Fredrikstad
202521434,moldeannonceblad,1910,
200217426,bergenstidende,1910,Bergen
203875691,oerebladet,1910,
200886125,kysten,1910,Oslo
200455007,faedrelandsvennen,1910,Kristiansand
203020008,askerogbaerumsbudstikke,1910,Bærum
202452073,jarlsbergoglarviksamtstidende,1910,Larvik
200866130,kongsbergdagblad,1910,Kongsberg
203167968,nordrebergenhusfolkeblad,1910,Kinn
201993183,arbeidet,1910,Bergen
200667848,glommendalen,1910,Kongsvinger
202609724,nordtroenderen,1910,
203966812,aftenpostenukensnytt,1910,
200602357,fremover,1910,Narvik
201316131,ofotenstidende,1910,Narvik
204151370,fjordenestidende,1910,
203302903,buskerudsamtstidendedrammen,1910,
203455700,vestfoldsandefjordatten,1910,
201817054,tvedestrandsposten,1910,Tvedestrand
202500280,listerfarsundatten,1910,
200885949,kysten,1910,Oslo
202505768,listerogmandalsamtstidendeogadresseavis,1910,Lindesnes
200886179,kysten,1910,Oslo
202579949,nordlandsfolkeblad,1910,
201557042,socialdemokraten,1910,Oslo
203117025,indheredsposten,1910,
201035299,morgenbladet,1910,Oslo
201556918,socialdemokraten,1910,Oslo
203796074,nordland,1910,
200027901,agder,1910,
202556311,namdalensfolkeblad,1910,
202790768,soendmoerefolkeblad,1910,
201109381,mosstilskuer,1910,Moss
201035318,morgenbladet,1910,Oslo
201152877,nedenaesamtstidende,1910,Risør
201505973,sandefjordsblad,1910,Sandefjord
200601655,fredriksstadtilskuer,1910,Fredrikstad
202505754,listerogmandalsamtstidendeogadresseavis,1910,Lindesnes
203872276,nordland,1910,
202944343,aftenposten,1910,Oslo
201170452,nordkapp,1910,
200667818,glommendalen,1910,Kongsvinger
201163493,nordisktidende,1910,
203591936,nordland,1910,
202505742,listerogmandalsamtstidendeogadresseavis,1910,Lindesnes
201950715,agderposten,1910,Arendal
202452128,jarlsbergoglarviksamtstidende,1910,Larvik
203411640,soloerposten,1910,
202050516,bodotidende,1910,Bodø
203480278,oerebladet,1910,
201600277,solungen,1910,Kongsvinger
201556950,socialdemokraten,1910,Oslo
204381719,Hamar Stiftstidende ,1910,Hamar
200601552,fredriksstadtilskuer,1910,Fredrikstad
202556376,namdalensfolkeblad,1910,
200311110,dagbladet,1910,Oslo
201572952,sogningen,1910,Sogndal
202621832,norskkundgjoerelsestidende,1910,Oslo
201534654,selbyggen,1910,Selbu
202012901,baerumogaskersblad,1910,
202944369,aftenposten,1910,Oslo
202474948,kristiansundspostenatten,1910,
202040764,bergensannoncetidende,1910,
202181434,farsundsavis,1910,Farsund
200811186,helgelandsblad,1910,
200790908,hedemarkensamtstidende,1910,Hamar
203455653,vestfoldsandefjordatten,1910,
200358217,dagensnytt,1910,
202040819,bergensannoncetidende,1910,
203386803,sarpen,1910,
202536021,mossaftenblad,1910,
204418841,Bergensposten Fram (Bergen 1892-1893) ,1910,Bergen
200752811,harstadtidende,1910,Harstad
201950750,agderposten,1910,Arendal
202452171,jarlsbergoglarviksamtstidende,1910,Larvik
203455815,vestfoldsandefjordatten,1910,
202541098,mossavis,1910,Moss
202756630,romsdalstidende,1910,
201109421,mosstilskuer,1910,Moss
201560821,soendretrondhjemsamtstidende,1910,Orkdal
203019976,askerogbaerumsbudstikke,1910,Bærum
203455795,vestfoldsandefjordatten,1910,
200436778,dunderlandsdoelen,1910,Rana
201452095,romerikesblad,1910,Lillestrøm
202302474,grimstadposten,1910,
201109438,mosstilskuer,1910,Moss
202040724,bergensannoncetidende,1910,
201797862,trondhjemsadresseavis,1910,Trondheim
201797668,trondhjemsadresseavis,1910,Trondheim
201471445,romsdalsamtstidende,1910,Kristiansund
201560803,soendretrondhjemsamtstidende,1910,Orkdal
200358132,dagensnytt,1910,
203939319,helgeland,1910,
202786845,skandinaven,1910,
201950700,agderposten,1910,Arendal
201170441,nordkapp,1910,
200790895,hedemarkensamtstidende,1910,Hamar
200667854,glommendalen,1910,Kongsvinger
202589613,nordlendingen,1910,
201471530,romsdalsamtstidende,1910,Kristiansund
200694019,gudbrandsdoelen,1910,Lillehammer
203198931,stavangeraftenblad,1910,Stavanger
202474824,kristiansundspostenatten,1910,
200217592,bergenstidende,1910,Bergen
202452091,jarlsbergoglarviksamtstidende,1910,Larvik
200601610,fredriksstadtilskuer,1910,Fredrikstad
201600283,solungen,1910,Kongsvinger
201471490,romsdalsamtstidende,1910,Kristiansund
201109379,mosstilskuer,1910,Moss
200525856,finnmarksposten,1910,Nordkapp
201276440,norgessjoefartstidende,1910,Oslo
203455665,vestfoldsandefjordatten,1910,
200601559,fredriksstadtilskuer,1910,Fredrikstad
202050509,bodotidende,1910,Bodø
201035816,morgenbladet,1910,Oslo
202505744,listerogmandalsamtstidendeogadresseavis,1910,Lindesnes
202589626,nordlendingen,1910,
200455152,faedrelandsvennen,1910,Kristiansand
201594624,sognstidend,1910,Sogndal
201505850,sandefjordsblad,1910,Sandefjord
201560826,soendretrondhjemsamtstidende,1910,Orkdal
203303134,buskerudsamtstidendedrammen,1910,
201979056,akersposten,1910,Oslo
203165879,nordrebergenhusamtstidende,1910,Kinn
203951988,helgeland,1910,
202944338,aftenposten,1910,Oslo
202023393,bergensaftenbladbergenattenattini,1910,Bergen
200886022,kysten,1910,Oslo
203455655,vestfoldsandefjordatten,1910,
200623985,fremtiden,1910,Drammen
200310879,dagbladet,1910,Oslo
200886126,kysten,1910,Oslo
203386895,sarpen,1910,
202609748,nordtroenderen,1910,
201798064,trondhjemsadresseavis,1910,Trondheim
203865278,aftenpostenukensnytt,1910,
202601771,nordretrondhjemsamtstidende,1910,
202302558,grimstadposten,1910,
202479173,landmandsposten,1910,
204729850,Laagendalsposten ,1910,Kongsberg
203455615,vestfoldsandefjordatten,1910,
203455782,vestfoldsandefjordatten,1910,
200642799,gjengangeren,1910,Horten
201035650,morgenbladet,1910,Oslo
203198887,stavangeraftenblad,1910,Stavanger
202059978,breviksposten,1910,Porsgrunn
200253710,bratsbergdemokraten,1910,Skien
201505965,sandefjordsblad,1910,Sandefjord
203165809,nordrebergenhusamtstidende,1910,Kinn
200562462,flekkefjordsposten,1910,
200623992,fremtiden,1910,Drammen
204293392,vestoplaendingen,1910,
201035738,morgenbladet,1910,Oslo
203993166,helgeland,1910,
204356933,Samhold (Gjøvik: 1885-1920) ,1910,Gjøvik
202944907,aftenposten,1910,Oslo
203463222,vossavis,1910,
201345534,osterdolen,1910,Tynset
203358878,oevresmaalenene,1910,Indre Østfold
202479179,landmandsposten,1910,
201797995,trondhjemsadresseavis,1910,Trondheim
201572998,sogningen,1910,Sogndal
201345595,osterdolen,1910,Tynset
202500297,listerfarsundatten,1910,
202050595,bodotidende,1910,Bodø
202239773,fredrikshaldsavis,1910,
203303041,buskerudsamtstidendedrammen,1910,
201276591,norgessjoefartstidende,1910,Oslo
203694738,oerebladet,1910,
202621686,norskkundgjoerelsestidende,1910,Oslo
203534375,narviktidende,1910,
201950786,agderposten,1910,Arendal
200811204,helgelandsblad,1910,
202242349,fredrikshaldstilskuer,1910,Halden
200694044,gudbrandsdoelen,1910,Lillehammer
202579968,nordlandsfolkeblad,1910,
202424340,indlandsposten,1910,
201035468,morgenbladet,1910,Oslo
201556995,socialdemokraten,1910,Oslo
200564472,foerstemai,1910,Stavanger
203455711,vestfoldsandefjordatten,1910,
201276554,norgessjoefartstidende,1910,Oslo
202040912,bergensannoncetidende,1910,
202944678,aftenposten,1910,Oslo
204039629,lofotposten,1910,
203117034,indheredsposten,1910,
203455645,vestfoldsandefjordatten,1910,
203433308,tvedestrandogomegnsavis,1910,
200642985,gjengangeren,1910,Horten
200676464,grimstadadressetiden,1910,Grimstad
202500323,listerfarsundatten,1910,
202483377,langesundsposten,1910,
201967694,akershus,1910,Lillestrøm
201775773,tromsoeposten,1910,Tromsø
200623897,fremtiden,1910,Drammen
203854556,oerebladet,1910,
200667762,glommendalen,1910,Kongsvinger
202944767,aftenposten,1910,Oslo
201506016,sandefjordsblad,1910,Sandefjord
202642223,oplandenesavis,1910,Hamar
201797803,trondhjemsadresseavis,1910,Trondheim
201975060,akershuspostenlillestroemnitten,1910,Lørenskog
201477490,romsdalsbudstikke,1910,Molde
204485773,Hamar Stiftstidende ,1910,Hamar
202483324,langesundsposten,1910,
204241554,gudbrandsdalensfolkebladgjoevik,1910,
202495578,lindesnes,1910,Mandal
202060014,breviksposten,1910,Porsgrunn
201276560,norgessjoefartstidende,1910,Oslo
200311006,dagbladet,1910,Oslo
202060005,breviksposten,1910,Porsgrunn
200790888,hedemarkensamtstidende,1910,Hamar
202521455,moldeannonceblad,1910,
200866205,kongsbergdagblad,1910,Kongsberg
200790811,hedemarkensamtstidende,1910,Hamar
201109459,mosstilskuer,1910,Moss
200667801,glommendalen,1910,Kongsvinger
201035555,morgenbladet,1910,Oslo
202536124,mossaftenblad,1910,
201109430,mosstilskuer,1910,Moss
203507835,helgeland,1910,
201992867,arbeidet,1910,Bergen
203185195,ranenstidende,1910,Hemnes
202944700,aftenposten,1910,Oslo
202222756,folketidendetrondheimattennittien,1910,Trondheim
200928403,lillesandsposten,1910,Lillesand
202944480,aftenposten,1910,Oslo
202302485,grimstadposten,1910,
200911601,lillehammertilskuer,1910,Lillehammer
202944924,aftenposten,1910,Oslo
202601743,nordretrondhjemsamtstidende,1910,
201594557,sognstidend,1910,Sogndal
203396203,skotfosavisnittennullen,1910,
202495527,lindesnes,1910,Mandal
203433334,tvedestrandogomegnsavis,1910,
202474853,kristiansundspostenatten,1910,
200358262,dagensnytt,1910,
202023350,bergensaftenbladbergenattenattini,1910,Bergen
201477501,romsdalsbudstikke,1910,Molde
203153776,nordenfjeldsktidende,1910,Levanger
202222968,folketidendetrondheimattennittien,1910,Trondheim
204151388,fjordenestidende,1910,
202505764,listerogmandalsamtstidendeogadresseavis,1910,Lindesnes
200831031,indresmaalenenesavis,1910,Indre Østfold
202041022,bergensannoncetidende,1910,
201797849,trondhjemsadresseavis,1910,Trondheim
201170425,nordkapp,1910,
202495569,lindesnes,1910,Mandal
204371036,Hamar Stiftstidende ,1910,Hamar
203910361,buskerudsblad,1910,
202452191,jarlsbergoglarviksamtstidende,1910,Larvik
200253787,bratsbergdemokraten,1910,Skien
202181451,farsundsavis,1910,Farsund
201035340,morgenbladet,1910,Oslo
203455718,vestfoldsandefjordatten,1910,
202786812,skandinaven,1910,
202756662,romsdalstidende,1910,
200601528,fredriksstadtilskuer,1910,Fredrikstad
202944382,aftenposten,1910,Oslo
202609791,nordtroenderen,1910,
203303045,buskerudsamtstidendedrammen,1910,
203303004,buskerudsamtstidendedrammen,1910,
201573017,sogningen,1910,Sogndal
203358750,oevresmaalenene,1910,Indre Østfold
201797701,trondhjemsadresseavis,1910,Trondheim
200623935,fremtiden,1910,Drammen
202601760,nordretrondhjemsamtstidende,1910,
202505807,listerogmandalsamtstidendeogadresseavis,1910,Lindesnes
200601572,fredriksstadtilskuer,1910,Fredrikstad
200642982,gjengangeren,1910,Horten
201967682,akershus,1910,Lillestrøm
200217634,bergenstidende,1910,Bergen
202223006,folketidendetrondheimattennittien,1910,Trondheim
203020031,askerogbaerumsbudstikke,1910,Bærum
201035515,morgenbladet,1910,Oslo
204685592,Samhold (Gjøvik: 1885-1920) ,1910,Gjøvik
203198903,stavangeraftenblad,1910,Stavanger
202040851,bergensannoncetidende,1910,
202944553,aftenposten,1910,Oslo
201035671,morgenbladet,1910,Oslo
200454996,faedrelandsvennen,1910,Kristiansand
203185186,ranenstidende,1910,Hemnes
202609833,nordtroenderen,1910,
203411555,soloerposten,1910,
203165871,nordrebergenhusamtstidende,1910,Kinn
201152872,nedenaesamtstidende,1910,Risør
204151322,fjordenestidende,1910,
203905494,nordland,1910,
202479177,landmandsposten,1910,
200601545,fredriksstadtilskuer,1910,Fredrikstad
202041009,bergensannoncetidende,1910,
201505926,sandefjordsblad,1910,Sandefjord
201600231,solungen,1910,Kongsvinger
203463158,vossavis,1910,
204319114,gjoviksbladattenattifire,1910,
201276477,norgessjoefartstidende,1910,Oslo
202944301,aftenposten,1910,Oslo
202944586,aftenposten,1910,Oslo
202944871,aftenposten,1910,Oslo
201477498,romsdalsbudstikke,1910,Molde
202756614,romsdalstidende,1910,
203125243,indtrondelagen,1910,
201560815,soendretrondhjemsamtstidende,1910,Orkdal
203358888,oevresmaalenene,1910,Indre Østfold
203167965,nordrebergenhusfolkeblad,1910,Kinn
200253801,bratsbergdemokraten,1910,Skien
202158957,egersundsposten,1910,Eigersund
201035605,morgenbladet,1910,Oslo
202521450,moldeannonceblad,1910,
201600197,solungen,1910,Kongsvinger
200217300,bergenstidende,1910,Bergen
202944942,aftenposten,1910,Oslo
200436786,dunderlandsdoelen,1910,Rana
201833875,valdres,1910,Nord-Aurdal
203505019,buskerudsblad,1910,
202424259,indlandsposten,1910,
200601570,fredriksstadtilskuer,1910,Fredrikstad
204151341,fjordenestidende,1910,
202041037,bergensannoncetidende,1910,
200217618,bergenstidende,1910,Bergen
202500399,listerfarsundatten,1910,
202424234,indlandsposten,1910,
204722299,Laagendalsposten ,1910,Kongsberg
203455667,vestfoldsandefjordatten,1910,
200358192,dagensnytt,1910,
201975002,akershuspostenlillestroemnitten,1910,Lørenskog
202041028,bergensannoncetidende,1910,
200454977,faedrelandsvennen,1910,Kristiansand
201833887,valdres,1910,Nord-Aurdal
203153752,nordenfjeldsktidende,1910,Levanger
200217416,bergenstidende,1910,Bergen
203125221,indtrondelagen,1910,
200885957,kysten,1910,Oslo
203655905,lofotposten,1910,
202302520,grimstadposten,1910,
202554114,namdalensblad,1910,
203358835,oevresmaalenene,1910,Indre Østfold
202944935,aftenposten,1910,Oslo
203625319,nordland,1910,
200455094,faedrelandsvennen,1910,Kristiansand
200454948,faedrelandsvennen,1910,Kristiansand
202040906,bergensannoncetidende,1910,
201505944,sandefjordsblad,1910,Sandefjord
202500268,listerfarsundatten,1910,
203411687,soloerposten,1910,
200885984,kysten,1910,Oslo
203386850,sarpen,1910,
203396217,skotfosavisnittennullen,1910,
203629867,buskerudsblad,1910,
201109366,mosstilskuer,1910,Moss
202589631,nordlendingen,1910,
201505917,sandefjordsblad,1910,Sandefjord
202556361,namdalensfolkeblad,1910,
202522303,more,1910,Volda
200217467,bergenstidende,1910,Bergen
200311158,dagbladet,1910,Oslo
201194338,nordlandsposten,1910,Bodø
201671740,svelviksposten,1910,Drammen
201505877,sandefjordsblad,1910,Sandefjord
203198916,stavangeraftenblad,1910,Stavanger
200831128,indresmaalenenesavis,1910,Indre Østfold
200311063,dagbladet,1910,Oslo
200790881,hedemarkensamtstidende,1910,Hamar
200217552,bergenstidende,1910,Bergen
200602350,fremover,1910,Narvik
201276576,norgessjoefartstidende,1910,Oslo
200217475,bergenstidende,1910,Bergen
200455068,faedrelandsvennen,1910,Kristiansand
200044486,agderposten,1910,Arendal
201600200,solungen,1910,Kongsvinger
200525846,finnmarksposten,1910,Nordkapp
200027912,agder,1910,
202944284,aftenposten,1910,Oslo
201594629,sognstidend,1910,Sogndal
201534658,selbyggen,1910,Selbu
200831148,indresmaalenenesavis,1910,Indre Østfold
202522346,more,1910,Volda
201505860,sandefjordsblad,1910,Sandefjord
203478268,nordland,1910,
200601562,fredriksstadtilskuer,1910,Fredrikstad
203948454,nordland,1910,
201797960,trondhjemsadresseavis,1910,Trondheim
204368449,unglyden ,1910,Voss
201035889,morgenbladet,1910,Oslo
202222711,folketidendetrondheimattennittien,1910,Trondheim
202222923,folketidendetrondheimattennittien,1910,Trondheim
200811198,helgelandsblad,1910,
201797892,trondhjemsadresseavis,1910,Trondheim
202023349,bergensaftenbladbergenattenattini,1910,Bergen
200667782,glommendalen,1910,Kongsvinger
200911584,lillehammertilskuer,1910,Lillehammer
202050526,bodotidende,1910,Bodø
200676425,grimstadadressetiden,1910,Grimstad
203198992,stavangeraftenblad,1910,Stavanger
202944699,aftenposten,1910,Oslo
202609720,nordtroenderen,1910,
202944277,aftenposten,1910,Oslo
203198765,stavangeraftenblad,1910,Stavanger
201194357,nordlandsposten,1910,Bodø
202239732,fredrikshaldsavis,1910,
202181466,farsundsavis,1910,Farsund
200623998,fremtiden,1910,Drammen
201817102,tvedestrandsposten,1910,Tvedestrand
202495592,lindesnes,1910,Mandal
203198924,stavangeraftenblad,1910,Stavanger
201109411,mosstilskuer,1910,Moss
202536088,mossaftenblad,1910,
200310931,dagbladet,1910,Oslo
201950785,agderposten,1910,Arendal
202554125,namdalensblad,1910,
202479253,landmandsposten,1910,
201506005,sandefjordsblad,1910,Sandefjord
200044387,agderposten,1910,Arendal
200601463,fredriksstadtilskuer,1910,Fredrikstad
200601684,fredriksstadtilskuer,1910,Fredrikstad
203433336,tvedestrandogomegnsavis,1910,
202944841,aftenposten,1910,Oslo
200928374,lillesandsposten,1910,Lillesand
201993164,arbeidet,1910,Bergen
201560822,soendretrondhjemsamtstidende,1910,Orkdal
201316120,ofotenstidende,1910,Narvik
200694102,gudbrandsdoelen,1910,Lillehammer
203198864,stavangeraftenblad,1910,Stavanger
203602501,helgeland,1910,
201471536,romsdalsamtstidende,1910,Kristiansund
204707309,Laagendalsposten ,1910,Kongsberg
201035278,morgenbladet,1910,Oslo
200601612,fredriksstadtilskuer,1910,Fredrikstad
202023509,bergensaftenbladbergenattenattini,1910,Bergen
203963624,helgeland,1910,
201194352,nordlandsposten,1910,Bodø
200642960,gjengangeren,1910,Horten
200790831,hedemarkensamtstidende,1910,Hamar
203430462,tunsbergeren,1910,
202050531,bodotidende,1910,Bodø
204383630,Samhold (Gjøvik: 1885-1920) ,1910,Gjøvik
201797704,trondhjemsadresseavis,1910,Trondheim
203962411,nordland,1910,
201434736,rogalandnittensju,1910,Stavanger
202187078,finmarken,1910,Vardø
201629241,stjordalensblad,1910,Stjørdal
201035763,morgenbladet,1910,Oslo
201309823,oeieren,1910,
202642150,oplandenesavis,1910,Hamar
201833955,valdres,1910,Nord-Aurdal
202536076,mossaftenblad,1910,
202790749,soendmoerefolkeblad,1910,
200027829,agder,1910,
204293398,vestoplaendingen,1910,
203153787,nordenfjeldsktidende,1910,Levanger
200310960,dagbladet,1910,Oslo
202059953,breviksposten,1910,Porsgrunn
204151336,fjordenestidende,1910,
201035567,morgenbladet,1910,Oslo
202012893,baerumogaskersblad,1910,
201993067,arbeidet,1910,Bergen
200217453,bergenstidende,1910,Bergen
201471498,romsdalsamtstidende,1910,Kristiansund
201163477,nordisktidende,1910,
202579986,nordlandsfolkeblad,1910,
202302439,grimstadposten,1910,
203198791,stavangeraftenblad,1910,Stavanger
202222920,folketidendetrondheimattennittien,1910,Trondheim
201471458,romsdalsamtstidende,1910,Kristiansund
203411546,soloerposten,1910,
202621810,norskkundgjoerelsestidende,1910,Oslo
202495586,lindesnes,1910,Mandal
202222791,folketidendetrondheimattennittien,1910,Trondheim
202621951,norskkundgjoerelsestidende,1910,Oslo
200911626,lillehammertilskuer,1910,Lillehammer
200642804,gjengangeren,1910,Horten
202609818,nordtroenderen,1910,
202040971,bergensannoncetidende,1910,
201170458,nordkapp,1910,
200217545,bergenstidende,1910,Bergen
202159024,egersundsposten,1910,Eigersund
201194377,nordlandsposten,1910,Bodø
203556622,oerebladet,1910,
201671719,svelviksposten,1910,Drammen
200752890,harstadtidende,1910,Harstad
202944811,aftenposten,1910,Oslo
200866336,kongsbergdagblad,1910,Kongsberg
200311199,dagbladet,1910,Oslo
201556911,socialdemokraten,1910,Oslo
202944332,aftenposten,1910,Oslo
203198846,stavangeraftenblad,1910,Stavanger
200601498,fredriksstadtilskuer,1910,Fredrikstad
203679001,lofotposten,1910,
201600284,solungen,1910,Kongsvinger
200623957,fremtiden,1910,Drammen
201109344,mosstilskuer,1910,Moss
203020013,askerogbaerumsbudstikke,1910,Bærum
200911503,lillehammertilskuer,1910,Lillehammer
204241553,gudbrandsdalensfolkebladgjoevik,1910,
204672440,Hamar Stiftstidende ,1910,Hamar
203125242,indtrondelagen,1910,
202609719,nordtroenderen,1910,
200027895,agder,1910,
202239822,fredrikshaldsavis,1910,
201775740,tromsoeposten,1910,Tromsø
202554141,namdalensblad,1910,
202012886,baerumogaskersblad,1910,
200642931,gjengangeren,1910,Horten
202495543,lindesnes,1910,Mandal
203165848,nordrebergenhusamtstidende,1910,Kinn
201973539,akershusfolkebladdroebak,1910,Oslo
201170395,nordkapp,1910,
201775749,tromsoeposten,1910,Tromsø
200886033,kysten,1910,Oslo
203430421,tunsbergeren,1910,
203463170,vossavis,1910,
201967722,akershus,1910,Lillestrøm
203019984,askerogbaerumsbudstikke,1910,Bærum
201979117,akersposten,1910,Oslo
203396210,skotfosavisnittennullen,1910,
202500408,listerfarsundatten,1910,
200044494,agderposten,1910,Arendal
200253815,bratsbergdemokraten,1910,Skien
202483320,langesundsposten,1910,
202944400,aftenposten,1910,Oslo
203677829,buskerudsblad,1910,
200886166,kysten,1910,Oslo
203020038,askerogbaerumsbudstikke,1910,Bærum
202023301,bergensaftenbladbergenattenattini,1910,Bergen
203402166,soendhordland,1910,
203504347,nordland,1910,
202589612,nordlendingen,1910,
202187151,finmarken,1910,Vardø
203455836,vestfoldsandefjordatten,1910,
202040879,bergensannoncetidende,1910,
202944621,aftenposten,1910,Oslo
202040749,bergensannoncetidende,1910,
200044393,agderposten,1910,Arendal
201950698,agderposten,1910,Arendal
201309810,oeieren,1910,
202556356,namdalensfolkeblad,1910,
202621947,norskkundgjoerelsestidende,1910,Oslo
202239735,fredrikshaldsavis,1910,
201035660,morgenbladet,1910,Oslo
201797754,trondhjemsadresseavis,1910,Trondheim
202040827,bergensannoncetidende,1910,
200831133,indresmaalenenesavis,1910,Indre Østfold
201797905,trondhjemsadresseavis,1910,Trondheim
200676347,grimstadadressetiden,1910,Grimstad
202050571,bodotidende,1910,Bodø
201798105,trondhjemsadresseavis,1910,Trondheim
201594608,sognstidend,1910,Sogndal
200642957,gjengangeren,1910,Horten
202187096,finmarken,1910,Vardø
201276582,norgessjoefartstidende,1910,Oslo
204581102,Hamar Stiftstidende ,1910,Hamar
201594598,sognstidend,1910,Sogndal
203411624,soloerposten,1910,
201973522,akershusfolkebladdroebak,1910,Oslo
203430409,tunsbergeren,1910,
200310961,dagbladet,1910,Oslo
203430406,tunsbergeren,1910,
201797734,trondhjemsadresseavis,1910,Trondheim
204439649,unglyden ,1910,Voss
202452150,jarlsbergoglarviksamtstidende,1910,Larvik
200253814,bratsbergdemokraten,1910,Skien
200601723,fredriksstadtilskuer,1910,Fredrikstad
204470505,Samhold (Gjøvik: 1885-1920) ,1910,Gjøvik
204494088,Samhold (Gjøvik: 1885-1920) ,1910,Gjøvik
201534665,selbyggen,1910,Selbu
201671744,svelviksposten,1910,Drammen
203303075,buskerudsamtstidendedrammen,1910,
202944454,aftenposten,1910,Oslo
201035429,morgenbladet,1910,Oslo
204724569,Laagendalsposten ,1910,Kongsberg
201035766,morgenbladet,1910,Oslo
201170399,nordkapp,1910,
203866553,warensardne,1910,
202601721,nordretrondhjemsamtstidende,1910,
204425866,Bergensposten Fram (Bergen 1892-1893) ,1910,Bergen
201992889,arbeidet,1910,Bergen
203455635,vestfoldsandefjordatten,1910,
203358886,oevresmaalenene,1910,Indre Østfold
203303093,buskerudsamtstidendedrammen,1910,
200564560,foerstemai,1910,Stavanger
203153714,nordenfjeldsktidende,1910,Levanger
201992995,arbeidet,1910,Bergen
202554149,namdalensblad,1910,
202023265,bergensaftenbladbergenattenattini,1910,Bergen
201505824,sandefjordsblad,1910,Sandefjord
202944721,aftenposten,1910,Oslo
202944675,aftenposten,1910,Oslo
200886180,kysten,1910,Oslo
202601689,nordretrondhjemsamtstidende,1910,
201170409,nordkapp,1910,
200866124,kongsbergdagblad,1910,Kongsberg
201629262,stjordalensblad,1910,Stjørdal
204047804,helgeland,1910,
202790773,soendmoerefolkeblad,1910,
203302895,buskerudsamtstidendedrammen,1910,
202944835,aftenposten,1910,Oslo
200601721,fredriksstadtilskuer,1910,Fredrikstad
202483329,langesundsposten,1910,
201833994,valdres,1910,Nord-Aurdal
201992987,arbeidet,1910,Bergen
204471405,Samhold (Gjøvik: 1885-1920) ,1910,Gjøvik
201950701,agderposten,1910,Arendal
203198774,stavangeraftenblad,1910,Stavanger
202302454,grimstadposten,1910,
201557019,socialdemokraten,1910,Oslo
201035694,morgenbladet,1910,Oslo
200623939,fremtiden,1910,Drammen
203801222,helgeland,1910,
202483303,langesundsposten,1910,
200253817,bratsbergdemokraten,1910,Skien
202424213,indlandsposten,1910,
201194367,nordlandsposten,1910,Bodø
200253777,bratsbergdemokraten,1910,Skien
200525795,finnmarksposten,1910,Nordkapp
202040810,bergensannoncetidende,1910,
202642247,oplandenesavis,1910,Hamar
203455627,vestfoldsandefjordatten,1910,
203199034,stavangeraftenblad,1910,Stavanger
203168008,nordrebergenhusfolkeblad,1910,Kinn
203430370,tunsbergeren,1910,
204726264,Laagendalsposten ,1910,Kongsberg
202495560,lindesnes,1910,Mandal
201109335,mosstilskuer,1910,Moss
202222955,folketidendetrondheimattennittien,1910,Trondheim
202040874,bergensannoncetidende,1910,
201797724,trondhjemsadresseavis,1910,Trondheim
200694105,gudbrandsdoelen,1910,Lillehammer
204318985,gjoviksbladattenattifire,1910,
203153729,nordenfjeldsktidende,1910,Levanger
200601581,fredriksstadtilskuer,1910,Fredrikstad
203198866,stavangeraftenblad,1910,Stavanger
203396196,skotfosavisnittennullen,1910,
201170382,nordkapp,1910,
203020043,askerogbaerumsbudstikke,1910,Bærum
200217577,bergenstidende,1910,Bergen
203463195,vossavis,1910,
202410664,hordalandfolkeblad,1910,Kvam
203303051,buskerudsamtstidendedrammen,1910,
202158998,egersundsposten,1910,Eigersund
204399819,Samhold (Gjøvik: 1885-1920) ,1910,Gjøvik
200676415,grimstadadressetiden,1910,Grimstad
201471476,romsdalsamtstidende,1910,Kristiansund
204319006,gjoviksbladattenattifire,1910,
202474873,kristiansundspostenatten,1910,
201345499,osterdolen,1910,Tynset
204151340,fjordenestidende,1910,
202050528,bodotidende,1910,Bodø
200667850,glommendalen,1910,Kongsvinger
201035384,morgenbladet,1910,Oslo
200310883,dagbladet,1910,Oslo
201557032,socialdemokraten,1910,Oslo
203153818,nordenfjeldsktidende,1910,Levanger
201993015,arbeidet,1910,Bergen
200217432,bergenstidende,1910,Bergen
203455710,vestfoldsandefjordatten,1910,
203358784,oevresmaalenene,1910,Indre Østfold
203396170,skotfosavisnittennullen,1910,
201594606,sognstidend,1910,Sogndal
203117113,indheredsposten,1910,
203020052,askerogbaerumsbudstikke,1910,Bærum
203976237,aftenpostenukensnytt,1910,
203165867,nordrebergenhusamtstidende,1910,Kinn
201967747,akershus,1910,Lillestrøm
202944363,aftenposten,1910,Oslo
202522354,more,1910,Volda
200564538,foerstemai,1910,Stavanger
201560871,soendretrondhjemsamtstidende,1910,Orkdal
204380166,Samhold (Gjøvik: 1885-1920) ,1910,Gjøvik
202505776,listerogmandalsamtstidendeogadresseavis,1910,Lindesnes
201035884,morgenbladet,1910,Oslo
202642187,oplandenesavis,1910,Hamar
202187146,finmarken,1910,Vardø
201629236,stjordalensblad,1910,Stjørdal
200790914,hedemarkensamtstidende,1910,Hamar
201152896,nedenaesamtstidende,1910,Risør
203167966,nordrebergenhusfolkeblad,1910,Kinn
202187114,finmarken,1910,Vardø
202222873,folketidendetrondheimattennittien,1910,Trondheim
200310893,dagbladet,1910,Oslo
202410697,hordalandfolkeblad,1910,Kvam
201477541,romsdalsbudstikke,1910,Molde
202621821,norskkundgjoerelsestidende,1910,Oslo
200311183,dagbladet,1910,Oslo
203580548,nordland,1910,
201967628,akershus,1910,Lillestrøm
202786878,skandinaven,1910,
202410703,hordalandfolkeblad,1910,Kvam
202786871,skandinaven,1910,
203358880,oevresmaalenene,1910,Indre Østfold
203832150,lofotposten,1910,
203455852,vestfoldsandefjordatten,1910,
203125224,indtrondelagen,1910,
202642174,oplandenesavis,1910,Hamar
202756603,romsdalstidende,1910,
201152878,nedenaesamtstidende,1910,Risør
200564542,foerstemai,1910,Stavanger
200866225,kongsbergdagblad,1910,Kongsberg
202554081,namdalensblad,1910,
201309833,oeieren,1910,
200311128,dagbladet,1910,Oslo
202222943,folketidendetrondheimattennittien,1910,Trondheim
203411579,soloerposten,1910,
201194340,nordlandsposten,1910,Bodø
202556334,namdalensfolkeblad,1910,
201781581,tromsoestiftstidende,1910,Tromsø
202302482,grimstadposten,1910,
201276570,norgessjoefartstidende,1910,Oslo
203302912,buskerudsamtstidendedrammen,1910,
200455000,faedrelandsvennen,1910,Kristiansand
202181408,farsundsavis,1910,Farsund
202424256,indlandsposten,1910,
203430384,tunsbergeren,1910,
202057339,breidablik,1910,
202541206,mossavis,1910,Moss
202222851,folketidendetrondheimattennittien,1910,Trondheim
200667794,glommendalen,1910,Kongsvinger
201817065,tvedestrandsposten,1910,Tvedestrand
201035443,morgenbladet,1910,Oslo
202505773,listerogmandalsamtstidendeogadresseavis,1910,Lindesnes
202452030,jarlsbergoglarviksamtstidende,1910,Larvik
201276585,norgessjoefartstidende,1910,Oslo
201170445,nordkapp,1910,
201797946,trondhjemsadresseavis,1910,Trondheim
201035667,morgenbladet,1910,Oslo
202159011,egersundsposten,1910,Eigersund
204241607,gudbrandsdalensfolkebladgjoevik,1910,
203556777,fjellposten,1910,
202239781,fredrikshaldsavis,1910,
200694013,gudbrandsdoelen,1910,Lillehammer
200866277,kongsbergdagblad,1910,Kongsberg
200455143,faedrelandsvennen,1910,Kristiansand
201505889,sandefjordsblad,1910,Sandefjord
201600242,solungen,1910,Kongsvinger
204293499,vestoplaendingen,1910,
202452004,jarlsbergoglarviksamtstidende,1910,Larvik
200311082,dagbladet,1910,Oslo
202424313,indlandsposten,1910,
202621963,norskkundgjoerelsestidende,1910,Oslo
202621774,norskkundgjoerelsestidende,1910,Oslo
202483363,langesundsposten,1910,
202424194,indlandsposten,1910,
200455088,faedrelandsvennen,1910,Kristiansand
201992881,arbeidet,1910,Bergen
202579964,nordlandsfolkeblad,1910,
203198909,stavangeraftenblad,1910,Stavanger
204698851,Laagendalsposten ,1910,Kongsberg
202023423,bergensaftenbladbergenattenattini,1910,Bergen
200044509,agderposten,1910,Arendal
203118897,indherred,1910,Steinkjer
200885937,kysten,1910,Oslo
202012892,baerumogaskersblad,1910,
203198865,stavangeraftenblad,1910,Stavanger
204606407,Samhold (Gjøvik: 1885-1920) ,1910,Gjøvik
203386883,sarpen,1910,
201975094,akershuspostenlillestroemnitten,1910,Lørenskog
203430467,tunsbergeren,1910,
200886147,kysten,1910,Oslo
201152879,nedenaesamtstidende,1910,Risør
202541086,mossavis,1910,Moss
201152899,nedenaesamtstidende,1910,Risør
204046662,aftenpostenukensnytt,1910,
201217610,nordlys,1910,Tromsø
200885996,kysten,1910,Oslo
204515016,Samhold (Gjøvik: 1885-1920) ,1910,Gjøvik
200602407,fremover,1910,Narvik
203609312,warensardne,1910,
201556747,socialdemokraten,1910,Oslo
202424258,indlandsposten,1910,
202556327,namdalensfolkeblad,1910,
200667824,glommendalen,1910,Kongsvinger
203198795,stavangeraftenblad,1910,Stavanger
204241623,gudbrandsdalensfolkebladgjoevik,1910,
202944604,aftenposten,1910,Oslo
200866370,kongsbergdagblad,1910,Kongsberg
201817060,tvedestrandsposten,1910,Tvedestrand
202023382,bergensaftenbladbergenattenattini,1910,Bergen
201152901,nedenaesamtstidende,1910,Risør
202479135,landmandsposten,1910,
202040962,bergensannoncetidende,1910,
200886051,kysten,1910,Oslo
200217525,bergenstidende,1910,Bergen
200525851,finnmarksposten,1910,Nordkapp
203386799,sarpen,1910,
203153830,nordenfjeldsktidende,1910,Levanger
201434738,rogalandnittensju,1910,Stavanger
200601653,fredriksstadtilskuer,1910,Fredrikstad
200911577,lillehammertilskuer,1910,Lillehammer
203125274,indtrondelagen,1910,
201035466,morgenbladet,1910,Oslo
202222727,folketidendetrondheimattennittien,1910,Trondheim
203715159,aftenpostenukensnytt,1910,
201345479,osterdolen,1910,Tynset
203165824,nordrebergenhusamtstidende,1910,Kinn
202500379,listerfarsundatten,1910,
203198974,stavangeraftenblad,1910,Stavanger
200601553,fredriksstadtilskuer,1910,Fredrikstad
202621704,norskkundgjoerelsestidende,1910,Oslo
201797689,trondhjemsadresseavis,1910,Trondheim
203358830,oevresmaalenene,1910,Indre Østfold
202483290,langesundsposten,1910,
202479250,landmandsposten,1910,
202609730,nordtroenderen,1910,
203433392,tvedestrandogomegnsavis,1910,
201797721,trondhjemsadresseavis,1910,Trondheim
201471518,romsdalsamtstidende,1910,Kristiansund
203167986,nordrebergenhusfolkeblad,1910,Kinn
200642935,gjengangeren,1910,Horten
202023215,bergensaftenbladbergenattenattini,1910,Bergen
203698442,fjellposten,1910,
203302961,buskerudsamtstidendedrammen,1910,
203358847,oevresmaalenene,1910,Indre Østfold
200525857,finnmarksposten,1910,Nordkapp
203546634,narviktidende,1910,
201797678,trondhjemsadresseavis,1910,Trondheim
200886070,kysten,1910,Oslo
203433351,tvedestrandogomegnsavis,1910,
201556753,socialdemokraten,1910,Oslo
202621719,norskkundgjoerelsestidende,1910,Oslo
204674313,Hamar Stiftstidende ,1910,Hamar
200601645,fredriksstadtilskuer,1910,Fredrikstad
200217513,bergenstidende,1910,Bergen
202222911,folketidendetrondheimattennittien,1910,Trondheim
200358207,dagensnytt,1910,
201434751,rogalandnittensju,1910,Stavanger
201217565,nordlys,1910,Tromsø
202944476,aftenposten,1910,Oslo
201979085,akersposten,1910,Oslo
200602400,fremover,1910,Narvik
203396238,skotfosavisnittennullen,1910,
200831104,indresmaalenenesavis,1910,Indre Østfold
200217371,bergenstidende,1910,Bergen
203570727,buskerudsblad,1910,
201594605,sognstidend,1910,Sogndal
204460428,Samhold (Gjøvik: 1885-1920) ,1910,Gjøvik
200928371,lillesandsposten,1910,Lillesand
200217641,bergenstidende,1910,Bergen
201797866,trondhjemsadresseavis,1910,Trondheim
201035547,morgenbladet,1910,Oslo
201798085,trondhjemsadresseavis,1910,Trondheim
200454954,faedrelandsvennen,1910,Kristiansand
201276520,norgessjoefartstidende,1910,Oslo
200027799,agder,1910,
203455796,vestfoldsandefjordatten,1910,
201797788,trondhjemsadresseavis,1910,Trondheim
203167974,nordrebergenhusfolkeblad,1910,Kinn
201797722,trondhjemsadresseavis,1910,Trondheim
200642868,gjengangeren,1910,Horten
201629308,stjordalensblad,1910,Stjørdal
201505950,sandefjordsblad,1910,Sandefjord
200811235,helgelandsblad,1910,
203535011,buskerudsblad,1910,
200831014,indresmaalenenesavis,1910,Indre Østfold
200790817,hedemarkensamtstidende,1910,Hamar
204293397,vestoplaendingen,1910,
203430368,tunsbergeren,1910,
202944698,aftenposten,1910,Oslo
201035290,morgenbladet,1910,Oslo
202040859,bergensannoncetidende,1910,
203303011,buskerudsamtstidendedrammen,1910,
201797858,trondhjemsadresseavis,1910,Trondheim
202536121,mossaftenblad,1910,
203463128,vossavis,1910,
202621961,norskkundgjoerelsestidende,1910,Oslo
200311160,dagbladet,1910,Oslo
203981503,buskerudsblad,1910,
200623928,fremtiden,1910,Drammen
201941521,vortlandosloattennitti,1910,Oslo
200311055,dagbladet,1910,Oslo
201950783,agderposten,1910,Arendal
200831143,indresmaalenenesavis,1910,Indre Østfold
203942489,oerebladet,1910,
202568225,nordfjord,1910,
203303127,buskerudsamtstidendedrammen,1910,
202790784,soendmoerefolkeblad,1910,
202187124,finmarken,1910,Vardø
200562516,flekkefjordsposten,1910,
202239752,fredrikshaldsavis,1910,
200253789,bratsbergdemokraten,1910,Skien
204627960,Hamar Stiftstidende ,1910,Hamar
204241518,gudbrandsdalensfolkebladgjoevik,1910,
201671762,svelviksposten,1910,Drammen
201035856,morgenbladet,1910,Oslo
201833992,valdres,1910,Nord-Aurdal
203302915,buskerudsamtstidendedrammen,1910,
203788358,helgeland,1910,
202944608,aftenposten,1910,Oslo
201629281,stjordalensblad,1910,Stjørdal
200562500,flekkefjordsposten,1910,
200866204,kongsbergdagblad,1910,Kongsberg
201817073,tvedestrandsposten,1910,Tvedestrand
200044425,agderposten,1910,Arendal
204489518,Hamar Stiftstidende ,1910,Hamar
201781525,tromsoestiftstidende,1910,Tromsø
203198867,stavangeraftenblad,1910,Stavanger
203463178,vossavis,1910,
202790750,soendmoerefolkeblad,1910,
202474879,kristiansundspostenatten,1910,
202187059,finmarken,1910,Vardø
201505982,sandefjordsblad,1910,Sandefjord
200044403,agderposten,1910,Arendal
203393429,senjensbladnittennullsju,1910,
203433344,tvedestrandogomegnsavis,1910,
200044409,agderposten,1910,Arendal
201797941,trondhjemsadresseavis,1910,Trondheim
201534662,selbyggen,1910,Selbu
201471588,romsdalsamtstidende,1910,Kristiansund
203198936,stavangeraftenblad,1910,Stavanger
203463226,vossavis,1910,
202621785,norskkundgjoerelsestidende,1910,Oslo
204737070,Laagendalsposten ,1910,Kongsberg
203198893,stavangeraftenblad,1910,Stavanger
203455617,vestfoldsandefjordatten,1910,
201950789,agderposten,1910,Arendal
203198975,stavangeraftenblad,1910,Stavanger
200027816,agder,1910,
203475464,helgeland,1910,
200525873,finnmarksposten,1910,Nordkapp
202944599,aftenposten,1910,Oslo
202479217,landmandsposten,1910,
202756650,romsdalstidende,1910,
200928409,lillesandsposten,1910,Lillesand
200886053,kysten,1910,Oslo
201833979,valdres,1910,Nord-Aurdal
201276425,norgessjoefartstidende,1910,Oslo
201035844,morgenbladet,1910,Oslo
202023217,bergensaftenbladbergenattenattini,1910,Bergen
201217569,nordlys,1910,Tromsø
202222725,folketidendetrondheimattennittien,1910,Trondheim
201109350,mosstilskuer,1910,Moss
201556778,socialdemokraten,1910,Oslo
201993057,arbeidet,1910,Bergen
200667873,glommendalen,1910,Kongsvinger
201505852,sandefjordsblad,1910,Sandefjord
202944475,aftenposten,1910,Oslo
202059928,breviksposten,1910,Porsgrunn
203125170,indtrondelagen,1910,
200044433,agderposten,1910,Arendal
201967602,akershus,1910,Lillestrøm
203402139,soendhordland,1910,
204596129,Hamar Stiftstidende ,1910,Hamar
200790868,hedemarkensamtstidende,1910,Hamar
201152865,nedenaesamtstidende,1910,Risør
201993024,arbeidet,1910,Bergen
204241608,gudbrandsdalensfolkebladgjoevik,1910,
202187070,finmarken,1910,Vardø
200454888,faedrelandsvennen,1910,Kristiansand
202786870,skandinaven,1910,
202187098,finmarken,1910,Vardø
200886077,kysten,1910,Oslo
200623903,fremtiden,1910,Drammen
202495509,lindesnes,1910,Mandal
201035404,morgenbladet,1910,Oslo
204293375,vestoplaendingen,1910,
204596638,unglyden ,1910,Voss
200455039,faedrelandsvennen,1910,Kristiansand
201797876,trondhjemsadresseavis,1910,Trondheim
202495462,lindesnes,1910,Mandal
203402151,soendhordland,1910,
201781500,tromsoestiftstidende,1910,Tromsø
202181422,farsundsavis,1910,Farsund
203358881,oevresmaalenene,1910,Indre Østfold
203402127,soendhordland,1910,
203125143,indtrondelagen,1910,
200831095,indresmaalenenesavis,1910,Indre Østfold
202609808,nordtroenderen,1910,
201452165,romerikesblad,1910,Lillestrøm
202642149,oplandenesavis,1910,Hamar
200885967,kysten,1910,Oslo
202059994,breviksposten,1910,Porsgrunn
200790942,hedemarkensamtstidende,1910,Hamar
202181440,farsundsavis,1910,Farsund
201109439,mosstilskuer,1910,Moss
200676362,grimstadadressetiden,1910,Grimstad
203610198,fjellposten,1910,
202040932,bergensannoncetidende,1910,
202495449,lindesnes,1910,Mandal
202556300,namdalensfolkeblad,1910,
202181461,farsundsavis,1910,Farsund
203167983,nordrebergenhusfolkeblad,1910,Kinn
202302545,grimstadposten,1910,
202479176,landmandsposten,1910,
202541068,mossavis,1910,Moss
203386832,sarpen,1910,
203433388,tvedestrandogomegnsavis,1910,
202554088,namdalensblad,1910,
201163504,nordisktidende,1910,
200866232,kongsbergdagblad,1910,Kongsberg
201109487,mosstilskuer,1910,Moss
203769640,oerebladet,1910,
201035716,morgenbladet,1910,Oslo
203433370,tvedestrandogomegnsavis,1910,
202050498,bodotidende,1910,Bodø
203809733,buskerudsblad,1910,
202609731,nordtroenderen,1910,
202609786,nordtroenderen,1910,
202181415,farsundsavis,1910,Farsund
201276325,norgessjoefartstidende,1910,Oslo
200601605,fredriksstadtilskuer,1910,Fredrikstad
201035834,morgenbladet,1910,Oslo
203430346,tunsbergeren,1910,
204002228,lofotposten,1910,
201194358,nordlandsposten,1910,Bodø
202944711,aftenposten,1910,Oslo
201557022,socialdemokraten,1910,Oslo
202302444,grimstadposten,1910,
202585492,nordlandsposten,1910,Bodø
200623916,fremtiden,1910,Drammen
201556987,socialdemokraten,1910,Oslo
202642203,oplandenesavis,1910,Hamar
204241530,gudbrandsdalensfolkebladgjoevik,1910,
201163464,nordisktidende,1910,
202944199,aftenposten,1910,Oslo
201950808,agderposten,1910,Arendal
202158945,egersundsposten,1910,Eigersund
203678002,narviktidende,1910,
200667815,glommendalen,1910,Kongsvinger
201170415,nordkapp,1910,
201556910,socialdemokraten,1910,Oslo
202060007,breviksposten,1910,Porsgrunn
201817080,tvedestrandsposten,1910,Tvedestrand
202410652,hordalandfolkeblad,1910,Kvam
200310937,dagbladet,1910,Oslo
201992965,arbeidet,1910,Bergen
200217510,bergenstidende,1910,Bergen
200831131,indresmaalenenesavis,1910,Indre Østfold
201557040,socialdemokraten,1910,Oslo
202479172,landmandsposten,1910,
203199032,stavangeraftenblad,1910,Stavanger
203386774,sarpen,1910,
202500361,listerfarsundatten,1910,
201775806,tromsoeposten,1910,Tromsø
200454905,faedrelandsvennen,1910,Kristiansand
202495587,lindesnes,1910,Mandal
204729445,Laagendalsposten ,1910,Kongsberg
202756670,romsdalstidende,1910,
201194355,nordlandsposten,1910,Bodø
203813718,salten,1910,
202302466,grimstadposten,1910,
202756585,romsdalstidende,1910,
202040777,bergensannoncetidende,1910,
200310889,dagbladet,1910,Oslo
200027798,agder,1910,
201556915,socialdemokraten,1910,Oslo
202536040,mossaftenblad,1910,
202541066,mossavis,1910,Moss
202579974,nordlandsfolkeblad,1910,
200436780,dunderlandsdoelen,1910,Rana
200642856,gjengangeren,1910,Horten
202023397,bergensaftenbladbergenattenattini,1910,Bergen
200752840,harstadtidende,1910,Harstad
201109448,mosstilskuer,1910,Moss
200811148,helgelandsblad,1910,
201452126,romerikesblad,1910,Lillestrøm
200601502,fredriksstadtilskuer,1910,Fredrikstad
201797907,trondhjemsadresseavis,1910,Trondheim
202222760,folketidendetrondheimattennittien,1910,Trondheim
201276572,norgessjoefartstidende,1910,Oslo
201993038,arbeidet,1910,Bergen
200866201,kongsbergdagblad,1910,Kongsberg
202050552,bodotidende,1910,Bodø
203567499,oerebladet,1910,
201471494,romsdalsamtstidende,1910,Kristiansund
204151352,fjordenestidende,1910,
200455050,faedrelandsvennen,1910,Kristiansand
202222926,folketidendetrondheimattennittien,1910,Trondheim
201992976,arbeidet,1910,Bergen
204692049,Samhold (Gjøvik: 1885-1920) ,1910,Gjøvik
203455563,vestfoldsandefjordatten,1910,
200601698,fredriksstadtilskuer,1910,Fredrikstad
203386874,sarpen,1910,
203117107,indheredsposten,1910,
202944715,aftenposten,1910,Oslo
203455763,vestfoldsandefjordatten,1910,
201967708,akershus,1910,Lillestrøm
200455096,faedrelandsvennen,1910,Kristiansand
201477510,romsdalsbudstikke,1910,Molde
200866154,kongsbergdagblad,1910,Kongsberg
201471505,romsdalsamtstidende,1910,Kristiansund
201109440,mosstilskuer,1910,Moss
200601717,fredriksstadtilskuer,1910,Fredrikstad
203463189,vossavis,1910,
202500307,listerfarsundatten,1910,
201477469,romsdalsbudstikke,1910,Molde
202621724,norskkundgjoerelsestidende,1910,Oslo
200358150,dagensnytt,1910,
200601523,fredriksstadtilskuer,1910,Fredrikstad
202059980,breviksposten,1910,Porsgrunn
200676346,grimstadadressetiden,1910,Grimstad
200811149,helgelandsblad,1910,
203019968,askerogbaerumsbudstikke,1910,Bærum
202242372,fredrikshaldstilskuer,1910,Halden
203185200,ranenstidende,1910,Hemnes
203358782,oevresmaalenene,1910,Indre Østfold
202642283,oplandenesavis,1910,Hamar
200525868,finnmarksposten,1910,Nordkapp
200886111,kysten,1910,Oslo
201967656,akershus,1910,Lillestrøm
203198798,stavangeraftenblad,1910,Stavanger
202158971,egersundsposten,1910,Eigersund
204704605,Laagendalsposten ,1910,Kongsberg
203358805,oevresmaalenene,1910,Indre Østfold
202609763,nordtroenderen,1910,
201629219,stjordalensblad,1910,Stjørdal
201594641,sognstidend,1910,Sogndal
202158973,egersundsposten,1910,Eigersund
201556975,socialdemokraten,1910,Oslo
203679922,aftenpostenukensnytt,1910,
203463163,vossavis,1910,
202536024,mossaftenblad,1910,
201345509,osterdolen,1910,Tynset
201035715,morgenbladet,1910,Oslo
204319058,gjoviksbladattenattifire,1910,
203433377,tvedestrandogomegnsavis,1910,
201992964,arbeidet,1910,Bergen
202554068,namdalensblad,1910,
204033012,aftenpostenukensnytt,1910,
201556982,socialdemokraten,1910,Oslo
202944275,aftenposten,1910,Oslo
201975069,akershuspostenlillestroemnitten,1910,Lørenskog
201833871,valdres,1910,Nord-Aurdal
203430451,tunsbergeren,1910,
203019985,askerogbaerumsbudstikke,1910,Bærum
200562474,flekkefjordsposten,1910,
201556901,socialdemokraten,1910,Oslo
202756596,romsdalstidende,1910,
203544977,buskerudsblad,1910,
201109364,mosstilskuer,1910,Moss
202621969,norskkundgjoerelsestidende,1910,Oslo
202621937,norskkundgjoerelsestidende,1910,Oslo
202585501,nordlandsposten,1910,Bodø
200217304,bergenstidende,1910,Bergen
200217454,bergenstidende,1910,Bergen
204403470,Bergensposten Fram (Bergen 1892-1893) ,1910,Bergen
200601458,fredriksstadtilskuer,1910,Fredrikstad
200667739,glommendalen,1910,Kongsvinger
201345524,osterdolen,1910,Tynset
203165860,nordrebergenhusamtstidende,1910,Kinn
202521394,moldeannonceblad,1910,
204047629,nordland,1910,
203125269,indtrondelagen,1910,
203490211,buskerudsblad,1910,
202023293,bergensaftenbladbergenattenattini,1910,Bergen
201035791,morgenbladet,1910,Oslo
200694031,gudbrandsdoelen,1910,Lillehammer
203125178,indtrondelagen,1910,
202554145,namdalensblad,1910,
202222858,folketidendetrondheimattennittien,1910,Trondheim
200866162,kongsbergdagblad,1910,Kongsberg
202500362,listerfarsundatten,1910,
201797830,trondhjemsadresseavis,1910,Trondheim
201975100,akershuspostenlillestroemnitten,1910,Lørenskog
204020023,helgeland,1910,
202556371,namdalensfolkeblad,1910,
200642938,gjengangeren,1910,Horten
203932921,narviktidende,1910,
202040884,bergensannoncetidende,1910,
202579936,nordlandsfolkeblad,1910,
204010489,fjellposten,1910,
201797679,trondhjemsadresseavis,1910,Trondheim
200027880,agder,1910,
202554175,namdalensblad,1910,
202589641,nordlendingen,1910,
201941501,vortlandosloattennitti,1910,Oslo
201309879,oeieren,1910,
203455677,vestfoldsandefjordatten,1910,
200667872,glommendalen,1910,Kongsvinger
204586624,unglyden ,1910,Voss
201950800,agderposten,1910,Arendal
200642918,gjengangeren,1910,Horten
200311021,dagbladet,1910,Oslo
200866092,kongsbergdagblad,1910,Kongsberg
200928372,lillesandsposten,1910,Lillesand
202790790,soendmoerefolkeblad,1910,
202944306,aftenposten,1910,Oslo
203455760,vestfoldsandefjordatten,1910,
202424345,indlandsposten,1910,
201035840,morgenbladet,1910,Oslo
200601705,fredriksstadtilskuer,1910,Fredrikstad
202609766,nordtroenderen,1910,
202483376,langesundsposten,1910,
201316116,ofotenstidende,1910,Narvik
203726708,aftenpostenukensnytt,1910,
200667811,glommendalen,1910,Kongsvinger
202023248,bergensaftenbladbergenattenattini,1910,Bergen
203396179,skotfosavisnittennullen,1910,
201035769,morgenbladet,1910,Oslo
203358760,oevresmaalenene,1910,Indre Østfold
203198912,stavangeraftenblad,1910,Stavanger
203198899,stavangeraftenblad,1910,Stavanger
202302431,grimstadposten,1910,
202642277,oplandenesavis,1910,Hamar
200866183,kongsbergdagblad,1910,Kongsberg
201992981,arbeidet,1910,Bergen
202944666,aftenposten,1910,Oslo
201560825,soendretrondhjemsamtstidende,1910,Orkdal
201276587,norgessjoefartstidende,1910,Oslo
201217593,nordlys,1910,Tromsø
202159021,egersundsposten,1910,Eigersund
200253844,bratsbergdemokraten,1910,Skien
200642962,gjengangeren,1910,Horten
204241571,gudbrandsdalensfolkebladgjoevik,1910,
201973524,akershusfolkebladdroebak,1910,Oslo
200311026,dagbladet,1910,Oslo
200642817,gjengangeren,1910,Horten
203358859,oevresmaalenene,1910,Indre Østfold
201276336,norgessjoefartstidende,1910,Oslo
203117046,indheredsposten,1910,
201276531,norgessjoefartstidende,1910,Oslo
201152900,nedenaesamtstidende,1910,Risør
201035518,morgenbladet,1910,Oslo
202522302,more,1910,Volda
200886154,kysten,1910,Oslo
201600218,solungen,1910,Kongsvinger
201534660,selbyggen,1910,Selbu
202495459,lindesnes,1910,Mandal
201035792,morgenbladet,1910,Oslo
201276603,norgessjoefartstidende,1910,Oslo
201556884,socialdemokraten,1910,Oslo
204372031,Hamar Stiftstidende ,1910,Hamar
202302559,grimstadposten,1910,
202242359,fredrikshaldstilskuer,1910,Halden
200866299,kongsbergdagblad,1910,Kongsberg
202302500,grimstadposten,1910,
200217645,bergenstidende,1910,Bergen
202483304,langesundsposten,1910,
204293381,vestoplaendingen,1910,
201979100,akersposten,1910,Oslo
200790931,hedemarkensamtstidende,1910,Hamar
200311155,dagbladet,1910,Oslo
202944724,aftenposten,1910,Oslo
202242390,fredrikshaldstilskuer,1910,Halden
201276400,norgessjoefartstidende,1910,Oslo
201556780,socialdemokraten,1910,Oslo
200694033,gudbrandsdoelen,1910,Lillehammer
201781576,tromsoestiftstidende,1910,Tromsø
201109476,mosstilskuer,1910,Moss
200217674,bergenstidende,1910,Bergen
201594610,sognstidend,1910,Sogndal
200358145,dagensnytt,1910,
201560805,soendretrondhjemsamtstidende,1910,Orkdal
203302921,buskerudsamtstidendedrammen,1910,
202621967,norskkundgjoerelsestidende,1910,Oslo
202621804,norskkundgjoerelsestidende,1910,Oslo
201471571,romsdalsamtstidende,1910,Kristiansund
202187072,finmarken,1910,Vardø
201941519,vortlandosloattennitti,1910,Oslo
201452090,romerikesblad,1910,Lillestrøm
202158974,egersundsposten,1910,Eigersund
203396201,skotfosavisnittennullen,1910,
202621697,norskkundgjoerelsestidende,1910,Oslo
201316127,ofotenstidende,1910,Narvik
202023457,bergensaftenbladbergenattenattini,1910,Bergen
201452107,romerikesblad,1910,Lillestrøm
201992860,arbeidet,1910,Bergen
203198787,stavangeraftenblad,1910,Stavanger
203302955,buskerudsamtstidendedrammen,1910,
201797961,trondhjemsadresseavis,1910,Trondheim
203168025,nordrebergenhusfolkeblad,1910,Kinn
200358263,dagensnytt,1910,
201477496,romsdalsbudstikke,1910,Molde
202495580,lindesnes,1910,Mandal
200886107,kysten,1910,Oslo
204556467,Bergensposten Fram (Bergen 1892-1893) ,1910,Bergen
201276497,norgessjoefartstidende,1910,Oslo
203669225,oerebladet,1910,
201556768,socialdemokraten,1910,Oslo
203880948,helgeland,1910,
202040757,bergensannoncetidende,1910,
203303098,buskerudsamtstidendedrammen,1910,
203396229,skotfosavisnittennullen,1910,
202302525,grimstadposten,1910,
201477468,romsdalsbudstikke,1910,Molde
201316159,ofotenstidende,1910,Narvik
202187077,finmarken,1910,Vardø
203411691,soloerposten,1910,
200601638,fredriksstadtilskuer,1910,Fredrikstad
203198790,stavangeraftenblad,1910,Stavanger
202521382,moldeannonceblad,1910,
202424278,indlandsposten,1910,
201035419,morgenbladet,1910,Oslo
201452096,romerikesblad,1910,Lillestrøm
200885999,kysten,1910,Oslo
201477460,romsdalsbudstikke,1910,Molde
204318965,gjoviksbladattenattifire,1910,
200752901,harstadtidende,1910,Harstad
203621633,aftenpostenukensnytt,1910,
204013982,nordland,1910,
202023395,bergensaftenbladbergenattenattini,1910,Bergen
200928406,lillesandsposten,1910,Lillesand
201309824,oeieren,1910,
202786877,skandinaven,1910,
203302865,buskerudsamtstidendedrammen,1910,
204740873,Laagendalsposten ,1910,Kongsberg
203185158,ranenstidende,1910,Hemnes
200217306,bergenstidende,1910,Bergen
202479237,landmandsposten,1910,
200623882,fremtiden,1910,Drammen
203358871,oevresmaalenene,1910,Indre Østfold
200667838,glommendalen,1910,Kongsvinger
202944358,aftenposten,1910,Oslo
201452113,romerikesblad,1910,Lillestrøm
201941503,vortlandosloattennitti,1910,Oslo
202621677,norskkundgjoerelsestidende,1910,Oslo
200027853,agder,1910,
202500359,listerfarsundatten,1910,
201035828,morgenbladet,1910,Oslo
201316151,ofotenstidende,1910,Narvik
202040842,bergensannoncetidende,1910,
200562554,flekkefjordsposten,1910,
201345596,osterdolen,1910,Tynset
200601529,fredriksstadtilskuer,1910,Fredrikstad
200866207,kongsbergdagblad,1910,Kongsberg
203948598,aftenpostenukensnytt,1910,
200217585,bergenstidende,1910,Bergen
201992961,arbeidet,1910,Bergen
201594636,sognstidend,1910,Sogndal
201035577,morgenbladet,1910,Oslo
203972946,lofotposten,1910,
203117047,indheredsposten,1910,
202040732,bergensannoncetidende,1910,
204708703,Laagendalsposten ,1910,Kongsberg
200562594,flekkefjordsposten,1910,
202944780,aftenposten,1910,Oslo
200562457,flekkefjordsposten,1910,
200928364,lillesandsposten,1910,Lillesand
202222909,folketidendetrondheimattennittien,1910,Trondheim
202181430,farsundsavis,1910,Farsund
202944504,aftenposten,1910,Oslo
202187104,finmarken,1910,Vardø
201967646,akershus,1910,Lillestrøm
203571775,buskerudsblad,1910,
203386789,sarpen,1910,
202944534,aftenposten,1910,Oslo
200831054,indresmaalenenesavis,1910,Indre Østfold
204706922,Laagendalsposten ,1910,Kongsberg
200217465,bergenstidende,1910,Bergen
201556810,socialdemokraten,1910,Oslo
202621688,norskkundgjoerelsestidende,1910,Oslo
202023482,bergensaftenbladbergenattenattini,1910,Bergen
202424245,indlandsposten,1910,
200694073,gudbrandsdoelen,1910,Lillehammer
201345491,osterdolen,1910,Tynset
204509562,Samhold (Gjøvik: 1885-1920) ,1910,Gjøvik
203386801,sarpen,1910,
201217577,nordlys,1910,Tromsø
200253851,bratsbergdemokraten,1910,Skien
200866374,kongsbergdagblad,1910,Kongsberg
203696393,buskerudsblad,1910,
200310903,dagbladet,1910,Oslo
202187148,finmarken,1910,Vardø
201797991,trondhjemsadresseavis,1910,Trondheim
204587799,Hamar Stiftstidende ,1910,Hamar
202410685,hordalandfolkeblad,1910,Kvam
200693990,gudbrandsdoelen,1910,Lillehammer
202521391,moldeannonceblad,1910,
203455783,vestfoldsandefjordatten,1910,
202944470,aftenposten,1910,Oslo
201993095,arbeidet,1910,Bergen
200562461,flekkefjordsposten,1910,
204293495,vestoplaendingen,1910,
201572996,sogningen,1910,Sogndal
203199026,stavangeraftenblad,1910,Stavanger
200642831,gjengangeren,1910,Horten
201775820,tromsoeposten,1910,Tromsø
201797804,trondhjemsadresseavis,1910,Trondheim
202187105,finmarken,1910,Vardø
202756663,romsdalstidende,1910,
202483279,langesundsposten,1910,
201505994,sandefjordsblad,1910,Sandefjord
200928331,lillesandsposten,1910,Lillesand
202944752,aftenposten,1910,Oslo
203358772,oevresmaalenene,1910,Indre Østfold
202479136,landmandsposten,1910,
200886104,kysten,1910,Oslo
204318975,gjoviksbladattenattifire,1910,
201781529,tromsoestiftstidende,1910,Tromsø
202041032,bergensannoncetidende,1910,
201035375,morgenbladet,1910,Oslo
202786808,skandinaven,1910,
201217573,nordlys,1910,Tromsø
201276360,norgessjoefartstidende,1910,Oslo
200642810,gjengangeren,1910,Horten
203763262,warensardne,1910,
202601697,nordretrondhjemsamtstidende,1910,
201434752,rogalandnittensju,1910,Stavanger
201600314,solungen,1910,Kongsvinger
201560796,soendretrondhjemsamtstidende,1910,Orkdal
200217656,bergenstidende,1910,Bergen
201993059,arbeidet,1910,Bergen
204738133,Laagendalsposten ,1910,Kongsberg
201276407,norgessjoefartstidende,1910,Oslo
202944254,aftenposten,1910,Oslo
200253811,bratsbergdemokraten,1910,Skien
200676461,grimstadadressetiden,1910,Grimstad
200866184,kongsbergdagblad,1910,Kongsberg
202642179,oplandenesavis,1910,Hamar
202452158,jarlsbergoglarviksamtstidende,1910,Larvik
202239730,fredrikshaldsavis,1910,
202609722,nordtroenderen,1910,
200752891,harstadtidende,1910,Harstad
203393431,senjensbladnittennullsju,1910,
201152835,nedenaesamtstidende,1910,Risør
200642970,gjengangeren,1910,Horten
202500338,listerfarsundatten,1910,
202579975,nordlandsfolkeblad,1910,
200667804,glommendalen,1910,Kongsvinger
200886208,kysten,1910,Oslo
201781514,tromsoestiftstidende,1910,Tromsø
200790847,hedemarkensamtstidende,1910,Hamar
202181455,farsundsavis,1910,Farsund
203488885,narviktidende,1910,
202944178,aftenposten,1910,Oslo
202756664,romsdalstidende,1910,
200310942,dagbladet,1910,Oslo
201035571,morgenbladet,1910,Oslo
202944819,aftenposten,1910,Oslo
203455787,vestfoldsandefjordatten,1910,
203433337,tvedestrandogomegnsavis,1910,
202536080,mossaftenblad,1910,
201152907,nedenaesamtstidende,1910,Risør
201781573,tromsoestiftstidende,1910,Tromsø
201505893,sandefjordsblad,1910,Sandefjord
202187087,finmarken,1910,Vardø
200642881,gjengangeren,1910,Horten
201600247,solungen,1910,Kongsvinger
200642934,gjengangeren,1910,Horten
203153696,nordenfjeldsktidende,1910,Levanger
201629301,stjordalensblad,1910,Stjørdal
203632710,oerebladet,1910,
200752844,harstadtidende,1910,Harstad
201505928,sandefjordsblad,1910,Sandefjord
201600204,solungen,1910,Kongsvinger
202222776,folketidendetrondheimattennittien,1910,Trondheim
201975081,akershuspostenlillestroemnitten,1910,Lørenskog
202609711,nordtroenderen,1910,
200642870,gjengangeren,1910,Horten
201671722,svelviksposten,1910,Drammen
203681321,nordland,1910,
203463185,vossavis,1910,
201975016,akershuspostenlillestroemnitten,1910,Lørenskog
202040885,bergensannoncetidende,1910,
201781582,tromsoestiftstidende,1910,Tromsø
201798099,trondhjemsadresseavis,1910,Trondheim
202060023,breviksposten,1910,Porsgrunn
200217366,bergenstidende,1910,Bergen
203433327,tvedestrandogomegnsavis,1910,
202944378,aftenposten,1910,Oslo
203117118,indheredsposten,1910,
202023303,bergensaftenbladbergenattenattini,1910,Bergen
200831063,indresmaalenenesavis,1910,Indre Østfold
200642898,gjengangeren,1910,Horten
200676472,grimstadadressetiden,1910,Grimstad
202479245,landmandsposten,1910,
202222918,folketidendetrondheimattennittien,1910,Trondheim
201505992,sandefjordsblad,1910,Sandefjord
204293374,vestoplaendingen,1910,
201671764,svelviksposten,1910,Drammen
200676473,grimstadadressetiden,1910,Grimstad
200358270,dagensnytt,1910,
201505927,sandefjordsblad,1910,Sandefjord
200525796,finnmarksposten,1910,Nordkapp
200601696,fredriksstadtilskuer,1910,Fredrikstad
204241507,gudbrandsdalensfolkebladgjoevik,1910,
203198839,stavangeraftenblad,1910,Stavanger
202642209,oplandenesavis,1910,Hamar
203396250,skotfosavisnittennullen,1910,
203871360,aftenpostenukensnytt,1910,
200694071,gudbrandsdoelen,1910,Lillehammer
204281944,saltensfremtid,1910,
201973523,akershusfolkebladdroebak,1910,Oslo
200027885,agder,1910,
202040822,bergensannoncetidende,1910,
202302526,grimstadposten,1910,
204449588,Samhold (Gjøvik: 1885-1920) ,1910,Gjøvik
201276602,norgessjoefartstidende,1910,Oslo
203185176,ranenstidende,1910,Hemnes
204293352,vestoplaendingen,1910,
200217353,bergenstidende,1910,Bergen
200454909,faedrelandsvennen,1910,Kristiansand
202222985,folketidendetrondheimattennittien,1910,Trondheim
200811210,helgelandsblad,1910,
201950721,agderposten,1910,Arendal
200562549,flekkefjordsposten,1910,
203393426,senjensbladnittennullsju,1910,
203960451,oerebladet,1910,
202495539,lindesnes,1910,Mandal
201035446,morgenbladet,1910,Oslo
201242265,nordrebergenhusfolkeblad,1910,Kinn
202187136,finmarken,1910,Vardø
203153693,nordenfjeldsktidende,1910,Levanger
203561669,oerebladet,1910,
201035280,morgenbladet,1910,Oslo
202474870,kristiansundspostenatten,1910,
202050557,bodotidende,1910,Bodø
203302927,buskerudsamtstidendedrammen,1910,
201629224,stjordalensblad,1910,Stjørdal
202050541,bodotidende,1910,Bodø
204002219,fjellposten,1910,
202756669,romsdalstidende,1910,
203386820,sarpen,1910,
202059879,breviksposten,1910,Porsgrunn
202158972,egersundsposten,1910,Eigersund
201629279,stjordalensblad,1910,Stjørdal
202541186,mossavis,1910,Moss
200623872,fremtiden,1910,Drammen
200455013,faedrelandsvennen,1910,Kristiansand
202621796,norskkundgjoerelsestidende,1910,Oslo
200623982,fremtiden,1910,Drammen
200752898,harstadtidende,1910,Harstad
201781591,tromsoestiftstidende,1910,Tromsø
200694064,gudbrandsdoelen,1910,Lillehammer
204481816,Øvre Smaalenene ,1910,Indre Østfold
203463135,vossavis,1910,
202944364,aftenposten,1910,Oslo
200564516,foerstemai,1910,Stavanger
204293356,vestoplaendingen,1910,
202554074,namdalensblad,1910,
202040994,bergensannoncetidende,1910,
203303131,buskerudsamtstidendedrammen,1910,
202556330,namdalensfolkeblad,1910,
202944288,aftenposten,1910,Oslo
203386909,sarpen,1910,
203430465,tunsbergeren,1910,
202521433,moldeannonceblad,1910,
201967668,akershus,1910,Lillestrøm
203198932,stavangeraftenblad,1910,Stavanger
202040733,bergensannoncetidende,1910,
204716310,Laagendalsposten ,1910,Kongsberg
201975031,akershuspostenlillestroemnitten,1910,Lørenskog
202242351,fredrikshaldstilskuer,1910,Halden
202040713,bergensannoncetidende,1910,
200217424,bergenstidende,1910,Bergen
200866223,kongsbergdagblad,1910,Kongsberg
201560837,soendretrondhjemsamtstidende,1910,Orkdal
203117089,indheredsposten,1910,
201556831,socialdemokraten,1910,Oslo
202239795,fredrikshaldsavis,1910,
201967689,akershus,1910,Lillestrøm
200866306,kongsbergdagblad,1910,Kongsberg
203493195,fjellposten,1910,
200602382,fremover,1910,Narvik
200911621,lillehammertilskuer,1910,Lillehammer
203455768,vestfoldsandefjordatten,1910,
201967616,akershus,1910,Lillestrøm
203302971,buskerudsamtstidendedrammen,1910,
202790738,soendmoerefolkeblad,1910,
201671735,svelviksposten,1910,Drammen
202786829,skandinaven,1910,
201170466,nordkapp,1910,
203118900,indherred,1910,Steinkjer
202495516,lindesnes,1910,Mandal
200027849,agder,1910,
200602398,fremover,1910,Narvik
202541065,mossavis,1910,Moss
200358177,dagensnytt,1910,
202554148,namdalensblad,1910,
201345504,osterdolen,1910,Tynset
202521454,moldeannonceblad,1910,
200217440,bergenstidende,1910,Bergen
202944693,aftenposten,1910,Oslo
204151330,fjordenestidende,1910,
201797920,trondhjemsadresseavis,1910,Trondheim
201993180,arbeidet,1910,Bergen
202500391,listerfarsundatten,1910,
202059918,breviksposten,1910,Porsgrunn
203358812,oevresmaalenene,1910,Indre Østfold
201979064,akersposten,1910,Oslo
203694617,helgeland,1910,
201775816,tromsoeposten,1910,Tromsø
200885950,kysten,1910,Oslo
202023379,bergensaftenbladbergenattenattini,1910,Bergen
202756590,romsdalstidende,1910,
203125169,indtrondelagen,1910,
203411594,soloerposten,1910,
204737483,Laagendalsposten ,1910,Kongsberg
200525883,finnmarksposten,1910,Nordkapp
201505839,sandefjordsblad,1910,Sandefjord
200642886,gjengangeren,1910,Horten
200885951,kysten,1910,Oslo
200911515,lillehammertilskuer,1910,Lillehammer
203302959,buskerudsamtstidendedrammen,1910,
202944618,aftenposten,1910,Oslo
204293423,vestoplaendingen,1910,
203945905,buskerudsblad,1910,
202479186,landmandsposten,1910,
201594646,sognstidend,1910,Sogndal
201817128,tvedestrandsposten,1910,Tvedestrand
202621912,norskkundgjoerelsestidende,1910,Oslo
201477539,romsdalsbudstikke,1910,Molde
200217520,bergenstidende,1910,Bergen
204699475,Laagendalsposten ,1910,Kongsberg
203463148,vossavis,1910,
201975116,akershuspostenlillestroemnitten,1910,Lørenskog
200676376,grimstadadressetiden,1910,Grimstad
201109416,mosstilskuer,1910,Moss
201797807,trondhjemsadresseavis,1910,Trondheim
201572962,sogningen,1910,Sogndal
200885964,kysten,1910,Oslo
200027836,agder,1910,
202621997,norskkundgjoerelsestidende,1910,Oslo
201471447,romsdalsamtstidende,1910,Kristiansund
202479149,landmandsposten,1910,
202944239,aftenposten,1910,Oslo
201452116,romerikesblad,1910,Lillestrøm
203712692,helgeland,1910,
201556815,socialdemokraten,1910,Oslo
204151390,fjordenestidende,1910,
202944892,aftenposten,1910,Oslo
200866352,kongsbergdagblad,1910,Kongsberg
202621722,norskkundgjoerelsestidende,1910,Oslo
201035297,morgenbladet,1910,Oslo
203198880,stavangeraftenblad,1910,Stavanger
203165853,nordrebergenhusamtstidende,1910,Kinn
204652910,Hamar Stiftstidende ,1910,Hamar
201345487,osterdolen,1910,Tynset
201035656,morgenbladet,1910,Oslo
203185154,ranenstidende,1910,Hemnes
200601565,fredriksstadtilskuer,1910,Fredrikstad
203455585,vestfoldsandefjordatten,1910,
201035368,morgenbladet,1910,Oslo
200886010,kysten,1910,Oslo
201775753,tromsoeposten,1910,Tromsø
201950778,agderposten,1910,Arendal
202609800,nordtroenderen,1910,
200623958,fremtiden,1910,Drammen
200358215,dagensnytt,1910,
200311017,dagbladet,1910,Oslo
201477527,romsdalsbudstikke,1910,Molde
202187152,finmarken,1910,Vardø
201452175,romerikesblad,1910,Lillestrøm
202040860,bergensannoncetidende,1910,
202944951,aftenposten,1910,Oslo
201452166,romerikesblad,1910,Lillestrøm
203455806,vestfoldsandefjordatten,1910,
202505716,listerogmandalsamtstidendeogadresseavis,1910,Lindesnes
202023436,bergensaftenbladbergenattenattini,1910,Bergen
202944444,aftenposten,1910,Oslo
203707543,aftenpostenukensnytt,1910,
201992910,arbeidet,1910,Bergen
200866241,kongsbergdagblad,1910,Kongsberg
204049809,salten,1910,
201967625,akershus,1910,Lillestrøm
200694126,gudbrandsdoelen,1910,Lillehammer
200694117,gudbrandsdoelen,1910,Lillehammer
203908145,narviktidende,1910,
201276510,norgessjoefartstidende,1910,Oslo
203430350,tunsbergeren,1910,
200831076,indresmaalenenesavis,1910,Indre Østfold
201452119,romerikesblad,1910,Lillestrøm
202474919,kristiansundspostenatten,1910,
204562897,unglyden ,1910,Voss
200027898,agder,1910,
202302494,grimstadposten,1910,
201163476,nordisktidende,1910,
202642280,oplandenesavis,1910,Hamar
203168044,nordrebergenhusfolkeblad,1910,Kinn
202302434,grimstadposten,1910,
202023218,bergensaftenbladbergenattenattini,1910,Bergen
201979032,akersposten,1910,Oslo
200027828,agder,1910,
201992879,arbeidet,1910,Bergen
203153766,nordenfjeldsktidende,1910,Levanger
202495588,lindesnes,1910,Mandal
201979073,akersposten,1910,Oslo
201276358,norgessjoefartstidende,1910,Oslo
200676476,grimstadadressetiden,1910,Grimstad
202495457,lindesnes,1910,Mandal
203433338,tvedestrandogomegnsavis,1910,
202944417,aftenposten,1910,Oslo
200911507,lillehammertilskuer,1910,Lillehammer
201316133,ofotenstidende,1910,Narvik
202944649,aftenposten,1910,Oslo
201993155,arbeidet,1910,Bergen
202601714,nordretrondhjemsamtstidende,1910,
203807038,helgeland,1910,
202424302,indlandsposten,1910,
201556833,socialdemokraten,1910,Oslo
201975047,akershuspostenlillestroemnitten,1910,Lørenskog
201194371,nordlandsposten,1910,Bodø
201452179,romerikesblad,1910,Lillestrøm
202222946,folketidendetrondheimattennittien,1910,Trondheim
201797839,trondhjemsadresseavis,1910,Trondheim
201471466,romsdalsamtstidende,1910,Kristiansund
202410708,hordalandfolkeblad,1910,Kvam
203510017,lofotposten,1910,
201276409,norgessjoefartstidende,1910,Oslo
200642904,gjengangeren,1910,Horten
201798052,trondhjemsadresseavis,1910,Trondheim
203117082,indheredsposten,1910,
202483292,langesundsposten,1910,
202944639,aftenposten,1910,Oslo
200676444,grimstadadressetiden,1910,Grimstad
202239747,fredrikshaldsavis,1910,
202521445,moldeannonceblad,1910,
202500311,listerfarsundatten,1910,
202601705,nordretrondhjemsamtstidende,1910,
202452057,jarlsbergoglarviksamtstidende,1910,Larvik
200623960,fremtiden,1910,Drammen
204293408,vestoplaendingen,1910,
203455762,vestfoldsandefjordatten,1910,
200027821,agder,1910,
201035385,morgenbladet,1910,Oslo
201035623,morgenbladet,1910,Oslo
203760346,oerebladet,1910,
202536032,mossaftenblad,1910,
200525852,finnmarksposten,1910,Nordkapp
202944713,aftenposten,1910,Oslo
201817132,tvedestrandsposten,1910,Tvedestrand
201950754,agderposten,1910,Arendal
203020010,askerogbaerumsbudstikke,1910,Bærum
200455160,faedrelandsvennen,1910,Kristiansand
203402162,soendhordland,1910,
201309829,oeieren,1910,
202181393,farsundsavis,1910,Farsund
201035379,morgenbladet,1910,Oslo
203853074,oerebladet,1910,
202554142,namdalensblad,1910,
200525881,finnmarksposten,1910,Nordkapp
203791421,fjellposten,1910,
201309886,oeieren,1910,
202522352,more,1910,Volda
204565907,Samhold (Gjøvik: 1885-1920) ,1910,Gjøvik
202944798,aftenposten,1910,Oslo
200790937,hedemarkensamtstidende,1910,Hamar
202536037,mossaftenblad,1910,
202424307,indlandsposten,1910,
200694120,gudbrandsdoelen,1910,Lillehammer
202944689,aftenposten,1910,Oslo
204151323,fjordenestidende,1910,
204319112,gjoviksbladattenattifire,1910,
204293404,vestoplaendingen,1910,
202023269,bergensaftenbladbergenattenattini,1910,Bergen
202944460,aftenposten,1910,Oslo
202944414,aftenposten,1910,Oslo
201035393,morgenbladet,1910,Oslo
201797853,trondhjemsadresseavis,1910,Trondheim
202452173,jarlsbergoglarviksamtstidende,1910,Larvik
201035677,morgenbladet,1910,Oslo
202944946,aftenposten,1910,Oslo
201471514,romsdalsamtstidende,1910,Kristiansund
201992963,arbeidet,1910,Bergen
200044411,agderposten,1910,Arendal
200455089,faedrelandsvennen,1910,Kristiansand
201967729,akershus,1910,Lillestrøm
201967692,akershus,1910,Lillestrøm
201557008,socialdemokraten,1910,Oslo
202222835,folketidendetrondheimattennittien,1910,Trondheim
202500318,listerfarsundatten,1910,
203411618,soloerposten,1910,
201556787,socialdemokraten,1910,Oslo
201316110,ofotenstidende,1910,Narvik
201798040,trondhjemsadresseavis,1910,Trondheim
202786853,skandinaven,1910,
203358820,oevresmaalenene,1910,Indre Østfold
202944915,aftenposten,1910,Oslo
203198838,stavangeraftenblad,1910,Stavanger
202012928,baerumogaskersblad,1910,
201797970,trondhjemsadresseavis,1910,Trondheim
203303073,buskerudsamtstidendedrammen,1910,
203463134,vossavis,1910,
200694041,gudbrandsdoelen,1910,Lillehammer
202424220,indlandsposten,1910,
201035589,morgenbladet,1910,Oslo
202159013,egersundsposten,1910,Eigersund
203663222,lofotposten,1910,
203198832,stavangeraftenblad,1910,Stavanger
200564576,foerstemai,1910,Stavanger
201629238,stjordalensblad,1910,Stjørdal
200564591,foerstemai,1910,Stavanger
204620547,Samhold (Gjøvik: 1885-1920) ,1910,Gjøvik
203168048,nordrebergenhusfolkeblad,1910,Kinn
202541163,mossavis,1910,Moss
203455566,vestfoldsandefjordatten,1910,
202944221,aftenposten,1910,Oslo
200217396,bergenstidende,1910,Bergen
203358896,oevresmaalenene,1910,Indre Østfold
201817101,tvedestrandsposten,1910,Tvedestrand
204023086,narviktidende,1910,
204594577,Hamar Stiftstidende ,1910,Hamar
201992869,arbeidet,1910,Bergen
202181403,farsundsavis,1910,Farsund
200044468,agderposten,1910,Arendal
200886069,kysten,1910,Oslo
201797938,trondhjemsadresseavis,1910,Trondheim
200311092,dagbladet,1910,Oslo
200928352,lillesandsposten,1910,Lillesand
202187061,finmarken,1910,Vardø
203125161,indtrondelagen,1910,
203386823,sarpen,1910,
202059905,breviksposten,1910,Porsgrunn
202642259,oplandenesavis,1910,Hamar
204527777,unglyden ,1910,Voss
200253759,bratsbergdemokraten,1910,Skien
204575695,Samhold (Gjøvik: 1885-1920) ,1910,Gjøvik
201556821,socialdemokraten,1910,Oslo
201798097,trondhjemsadresseavis,1910,Trondheim
200886168,kysten,1910,Oslo
201276453,norgessjoefartstidende,1910,Oslo
202944376,aftenposten,1910,Oslo
203153731,nordenfjeldsktidende,1910,Levanger
201973547,akershusfolkebladdroebak,1910,Oslo
202050512,bodotidende,1910,Bodø
202944571,aftenposten,1910,Oslo
201276419,norgessjoefartstidende,1910,Oslo
201781522,tromsoestiftstidende,1910,Tromsø
201505838,sandefjordsblad,1910,Sandefjord
203665480,oerebladet,1910,
203411621,soloerposten,1910,
203020066,askerogbaerumsbudstikke,1910,Bærum
202483347,langesundsposten,1910,
201152858,nedenaesamtstidende,1910,Risør
200866289,kongsbergdagblad,1910,Kongsberg
200455078,faedrelandsvennen,1910,Kristiansand
202483345,langesundsposten,1910,
201993185,arbeidet,1910,Bergen
203396248,skotfosavisnittennullen,1910,
200454987,faedrelandsvennen,1910,Kristiansand
201993146,arbeidet,1910,Bergen
200866237,kongsbergdagblad,1910,Kongsberg
203856651,lofotposten,1910,
200358261,dagensnytt,1910,
203402153,soendhordland,1910,
201170386,nordkapp,1910,
200027851,agder,1910,
200885917,kysten,1910,Oslo
201035863,morgenbladet,1910,Oslo
201276506,norgessjoefartstidende,1910,Oslo
202536122,mossaftenblad,1910,
201316177,ofotenstidende,1910,Narvik
202483287,langesundsposten,1910,
202050545,bodotidende,1910,Bodø
201345463,osterdolen,1910,Tynset
202495574,lindesnes,1910,Mandal
204241582,gudbrandsdalensfolkebladgjoevik,1910,
203117044,indheredsposten,1910,
200928314,lillesandsposten,1910,Lillesand
201974994,akershuspostenlillestroemnitten,1910,Lørenskog
202521401,moldeannonceblad,1910,
203402184,soendhordland,1910,
202059903,breviksposten,1910,Porsgrunn
201316142,ofotenstidende,1910,Narvik
204424258,Samhold (Gjøvik: 1885-1920) ,1910,Gjøvik
202585482,nordlandsposten,1910,Bodø
202242385,fredrikshaldstilskuer,1910,Halden
204664672,Samhold (Gjøvik: 1885-1920) ,1910,Gjøvik
200886044,kysten,1910,Oslo
204293388,vestoplaendingen,1910,
202522315,more,1910,Volda
203198849,stavangeraftenblad,1910,Stavanger
201975096,akershuspostenlillestroemnitten,1910,Lørenskog
203622228,nordland,1910,
201629214,stjordalensblad,1910,Stjørdal
203019999,askerogbaerumsbudstikke,1910,Bærum
201276353,norgessjoefartstidende,1910,Oslo
202222809,folketidendetrondheimattennittien,1910,Trondheim
200358178,dagensnytt,1910,
201276460,norgessjoefartstidende,1910,Oslo
201950769,agderposten,1910,Arendal
201035670,morgenbladet,1910,Oslo
202474890,kristiansundspostenatten,1910,
202642165,oplandenesavis,1910,Hamar
201556860,socialdemokraten,1910,Oslo
201817145,tvedestrandsposten,1910,Tvedestrand
201035685,morgenbladet,1910,Oslo
203921016,buskerudsblad,1910,
203168027,nordrebergenhusfolkeblad,1910,Kinn
203411630,soloerposten,1910,
200866177,kongsbergdagblad,1910,Kongsberg
202302546,grimstadposten,1910,
200886027,kysten,1910,Oslo
201345608,osterdolen,1910,Tynset
200642958,gjengangeren,1910,Horten
202302495,grimstadposten,1910,
201035370,morgenbladet,1910,Oslo
201217539,nordlys,1910,Tromsø
201163494,nordisktidende,1910,
201471592,romsdalsamtstidende,1910,Kristiansund
203430420,tunsbergeren,1910,
203117042,indheredsposten,1910,
202522320,more,1910,Volda
202239797,fredrikshaldsavis,1910,
202158938,egersundsposten,1910,Eigersund
203463213,vossavis,1910,
201560798,soendretrondhjemsamtstidende,1910,Orkdal
201797829,trondhjemsadresseavis,1910,Trondheim
201035609,morgenbladet,1910,Oslo
202944931,aftenposten,1910,Oslo
201170423,nordkapp,1910,
201560846,soendretrondhjemsamtstidende,1910,Orkdal
201993172,arbeidet,1910,Bergen
202790741,soendmoerefolkeblad,1910,
202621837,norskkundgjoerelsestidende,1910,Oslo
202521469,moldeannonceblad,1910,
203411565,soloerposten,1910,
203692116,fjellposten,1910,
201035560,morgenbladet,1910,Oslo
203165851,nordrebergenhusamtstidende,1910,Kinn
202541220,mossavis,1910,Moss
200676375,grimstadadressetiden,1910,Grimstad
202944706,aftenposten,1910,Oslo
203680626,narviktidende,1910,
201035352,morgenbladet,1910,Oslo
202452101,jarlsbergoglarviksamtstidende,1910,Larvik
200601507,fredriksstadtilskuer,1910,Fredrikstad
203430405,tunsbergeren,1910,
201505898,sandefjordsblad,1910,Sandefjord
202786903,skandinaven,1910,
204376212,Hamar Stiftstidende ,1910,Hamar
202040737,bergensannoncetidende,1910,
200525860,finnmarksposten,1910,Nordkapp
202222939,folketidendetrondheimattennittien,1910,Trondheim
200253763,bratsbergdemokraten,1910,Skien
201833953,valdres,1910,Nord-Aurdal
203198825,stavangeraftenblad,1910,Stavanger
203358754,oevresmaalenene,1910,Indre Østfold
200866109,kongsbergdagblad,1910,Kongsberg
200525884,finnmarksposten,1910,Nordkapp
200601694,fredriksstadtilskuer,1910,Fredrikstad
200811144,helgelandsblad,1910,
201797768,trondhjemsadresseavis,1910,Trondheim
202023244,bergensaftenbladbergenattenattini,1910,Bergen
200601603,fredriksstadtilskuer,1910,Fredrikstad
203768273,warensardne,1910,
201967675,akershus,1910,Lillestrøm
203539709,buskerudsblad,1910,
202474838,kristiansundspostenatten,1910,
202756607,romsdalstidende,1910,
202059950,breviksposten,1910,Porsgrunn
200601524,fredriksstadtilskuer,1910,Fredrikstad
201345547,osterdolen,1910,Tynset
200044428,agderposten,1910,Arendal
200027892,agder,1910,
200866292,kongsbergdagblad,1910,Kongsberg
201993152,arbeidet,1910,Bergen
200642900,gjengangeren,1910,Horten
201035545,morgenbladet,1910,Oslo
202944880,aftenposten,1910,Oslo
200752858,harstadtidende,1910,Harstad
203125203,indtrondelagen,1910,
203903904,buskerudsblad,1910,
202521421,moldeannonceblad,1910,
201967666,akershus,1910,Lillestrøm
201035821,morgenbladet,1910,Oslo
200790863,hedemarkensamtstidende,1910,Hamar
202057340,breidablik,1910,
200454936,faedrelandsvennen,1910,Kristiansand
201217621,nordlys,1910,Tromsø
202568311,nordfjord,1910,
202554093,namdalensblad,1910,
204293492,vestoplaendingen,1910,
202944268,aftenposten,1910,Oslo
201035535,morgenbladet,1910,Oslo
202158953,egersundsposten,1910,Eigersund
204722910,Laagendalsposten ,1910,Kongsberg
203153735,nordenfjeldsktidende,1910,Levanger
202500374,listerfarsundatten,1910,
203125155,indtrondelagen,1910,
201534667,selbyggen,1910,Selbu
202756606,romsdalstidende,1910,
200694061,gudbrandsdoelen,1910,Lillehammer
200358231,dagensnytt,1910,
203609769,buskerudsblad,1910,
201798008,trondhjemsadresseavis,1910,Trondheim
202944933,aftenposten,1910,Oslo
204716302,Laagendalsposten ,1910,Kongsberg
203117079,indheredsposten,1910,
200676409,grimstadadressetiden,1910,Grimstad
201556862,socialdemokraten,1910,Oslo
202505828,listerogmandalsamtstidendeogadresseavis,1910,Lindesnes
200217505,bergenstidende,1910,Bergen
203198964,stavangeraftenblad,1910,Stavanger
203396272,skotfosavisnittennullen,1910,
204241581,gudbrandsdalensfolkebladgjoevik,1910,
200562485,flekkefjordsposten,1910,
204293420,vestoplaendingen,1910,
202579966,nordlandsfolkeblad,1910,
201671763,svelviksposten,1910,Drammen
201035326,morgenbladet,1910,Oslo
201572986,sogningen,1910,Sogndal
202944683,aftenposten,1910,Oslo
201967762,akershus,1910,Lillestrøm
202536070,mossaftenblad,1910,
201556757,socialdemokraten,1910,Oslo
200454885,faedrelandsvennen,1910,Kristiansand
203198775,stavangeraftenblad,1910,Stavanger
201992856,arbeidet,1910,Bergen
200886008,kysten,1910,Oslo
201217543,nordlys,1910,Tromsø
201975109,akershuspostenlillestroemnitten,1910,Lørenskog
200217556,bergenstidende,1910,Bergen
201276447,norgessjoefartstidende,1910,Oslo
201035600,morgenbladet,1910,Oslo
202756648,romsdalstidende,1910,
201950707,agderposten,1910,Arendal
200027817,agder,1910,
201979051,akersposten,1910,Oslo
200358174,dagensnytt,1910,
201979037,akersposten,1910,Oslo
201505868,sandefjordsblad,1910,Sandefjord
202424317,indlandsposten,1910,
203455662,vestfoldsandefjordatten,1910,
201950774,agderposten,1910,Arendal
203430449,tunsbergeren,1910,
200752877,harstadtidende,1910,Harstad
203411655,soloerposten,1910,
201556746,socialdemokraten,1910,Oslo
201035659,morgenbladet,1910,Oslo
200667834,glommendalen,1910,Kongsvinger
202410649,hordalandfolkeblad,1910,Kvam
202568231,nordfjord,1910,
204723392,Laagendalsposten ,1910,Kongsberg
201817067,tvedestrandsposten,1910,Tvedestrand
201594570,sognstidend,1910,Sogndal
201452161,romerikesblad,1910,Lillestrøm
202621897,norskkundgjoerelsestidende,1910,Oslo
200358138,dagensnytt,1910,
203531249,buskerudsblad,1910,
202302496,grimstadposten,1910,
202239757,fredrikshaldsavis,1910,
203878603,fjellposten,1910,
200886016,kysten,1910,Oslo
202585461,nordlandsposten,1910,Bodø
201345586,osterdolen,1910,Tynset
202424263,indlandsposten,1910,
202944582,aftenposten,1910,Oslo
201035499,morgenbladet,1910,Oslo
200358277,dagensnytt,1910,
202500345,listerfarsundatten,1910,
200623888,fremtiden,1910,Drammen
202944336,aftenposten,1910,Oslo
202554174,namdalensblad,1910,
201817074,tvedestrandsposten,1910,Tvedestrand
201035683,morgenbladet,1910,Oslo
202790776,soendmoerefolkeblad,1910,
201035459,morgenbladet,1910,Oslo
201556916,socialdemokraten,1910,Oslo
200642930,gjengangeren,1910,Horten
201170451,nordkapp,1910,
200217403,bergenstidende,1910,Bergen
203843512,oerebladet,1910,
203386790,sarpen,1910,
203125153,indtrondelagen,1910,
200436802,dunderlandsdoelen,1910,Rana
201194335,nordlandsposten,1910,Bodø
201600302,solungen,1910,Kongsvinger
202556304,namdalensfolkeblad,1910,
202023443,bergensaftenbladbergenattenattini,1910,Bergen
203393448,senjensbladnittennullsju,1910,
201967739,akershus,1910,Lillestrøm
203168015,nordrebergenhusfolkeblad,1910,Kinn
202500289,listerfarsundatten,1910,
202424326,indlandsposten,1910,
202521412,moldeannonceblad,1910,
200217639,bergenstidende,1910,Bergen
204052206,helgeland,1910,
203946796,aftenpostenukensnytt,1910,
201163470,nordisktidende,1910,
203198868,stavangeraftenblad,1910,Stavanger
201781504,tromsoestiftstidende,1910,Tromsø
203565688,nordland,1910,
202222921,folketidendetrondheimattennittien,1910,Trondheim
203393435,senjensbladnittennullsju,1910,
200602359,fremover,1910,Narvik
204491962,Hamar Stiftstidende ,1910,Hamar
201833916,valdres,1910,Nord-Aurdal
203303091,buskerudsamtstidendedrammen,1910,
202222808,folketidendetrondheimattennittien,1910,Trondheim
203153717,nordenfjeldsktidende,1910,Levanger
202059991,breviksposten,1910,Porsgrunn
200911572,lillehammertilskuer,1910,Lillehammer
201276355,norgessjoefartstidende,1910,Oslo
200525805,finnmarksposten,1910,Nordkapp
202159009,egersundsposten,1910,Eigersund
202505798,listerogmandalsamtstidendeogadresseavis,1910,Lindesnes
202302498,grimstadposten,1910,
200562536,flekkefjordsposten,1910,
201979078,akersposten,1910,Oslo
202302560,grimstadposten,1910,
200886186,kysten,1910,Oslo
201035525,morgenbladet,1910,Oslo
201817085,tvedestrandsposten,1910,Tvedestrand
204000541,oerebladet,1910,
202621860,norskkundgjoerelsestidende,1910,Oslo
200217484,bergenstidende,1910,Bergen
200694021,gudbrandsdoelen,1910,Lillehammer
200454973,faedrelandsvennen,1910,Kristiansand
200564537,foerstemai,1910,Stavanger
201035876,morgenbladet,1910,Oslo
201035764,morgenbladet,1910,Oslo
200911573,lillehammertilskuer,1910,Lillehammer
203607058,narviktidende,1910,
201276571,norgessjoefartstidende,1910,Oslo
201194363,nordlandsposten,1910,Bodø
200623971,fremtiden,1910,Drammen
203455740,vestfoldsandefjordatten,1910,
202222878,folketidendetrondheimattennittien,1910,Trondheim
200642924,gjengangeren,1910,Horten
202222724,folketidendetrondheimattennittien,1910,Trondheim
203198900,stavangeraftenblad,1910,Stavanger
200564497,foerstemai,1910,Stavanger
200667765,glommendalen,1910,Kongsvinger
202536044,mossaftenblad,1910,
201316174,ofotenstidende,1910,Narvik
202500395,listerfarsundatten,1910,
203125136,indtrondelagen,1910,
202541161,mossavis,1910,Moss
201276473,norgessjoefartstidende,1910,Oslo
201797652,trondhjemsadresseavis,1910,Trondheim
201775823,tromsoeposten,1910,Tromsø
200044415,agderposten,1910,Arendal
200027900,agder,1910,
200866141,kongsbergdagblad,1910,Kongsberg
201345552,osterdolen,1910,Tynset
204151377,fjordenestidende,1910,
202944705,aftenposten,1910,Oslo
201035637,morgenbladet,1910,Oslo
203303007,buskerudsamtstidendedrammen,1910,
203386866,sarpen,1910,
200562546,flekkefjordsposten,1910,
201797924,trondhjemsadresseavis,1910,Trondheim
204732529,Laagendalsposten ,1910,Kongsberg
203718069,helgeland,1910,
201817097,tvedestrandsposten,1910,Tvedestrand
203973809,helgeland,1910,
202944449,aftenposten,1910,Oslo
201975088,akershuspostenlillestroemnitten,1910,Lørenskog
204643260,Samhold (Gjøvik: 1885-1920) ,1910,Gjøvik
203303072,buskerudsamtstidendedrammen,1910,
201974986,akershuspostenlillestroemnitten,1910,Lørenskog
202568230,nordfjord,1910,
201941509,vortlandosloattennitti,1910,Oslo
201345578,osterdolen,1910,Tynset
203433394,tvedestrandogomegnsavis,1910,
202474865,kristiansundspostenatten,1910,
201035596,morgenbladet,1910,Oslo
201797784,trondhjemsadresseavis,1910,Trondheim
202554162,namdalensblad,1910,
203984918,lofotposten,1910,
202479212,landmandsposten,1910,
201556858,socialdemokraten,1910,Oslo
201109419,mosstilskuer,1910,Moss
202541213,mossavis,1910,Moss
201781578,tromsoestiftstidende,1910,Tromsø
203019974,askerogbaerumsbudstikke,1910,Bærum
201035748,morgenbladet,1910,Oslo
200455087,faedrelandsvennen,1910,Kristiansand
202944206,aftenposten,1910,Oslo
202059979,breviksposten,1910,Porsgrunn
203358768,oevresmaalenene,1910,Indre Østfold
202536130,mossaftenblad,1910,
203020042,askerogbaerumsbudstikke,1910,Bærum
203118894,indherred,1910,Steinkjer
203725758,helgeland,1910,
203393432,senjensbladnittennullsju,1910,
202642269,oplandenesavis,1910,Hamar
203402165,soendhordland,1910,
203302892,buskerudsamtstidendedrammen,1910,
200601580,fredriksstadtilskuer,1910,Fredrikstad
201560797,soendretrondhjemsamtstidende,1910,Orkdal
201833945,valdres,1910,Nord-Aurdal
201979083,akersposten,1910,Oslo
200752835,harstadtidende,1910,Harstad
202410719,hordalandfolkeblad,1910,Kvam
201798037,trondhjemsadresseavis,1910,Trondheim
200562588,flekkefjordsposten,1910,
201833966,valdres,1910,Nord-Aurdal
202495581,lindesnes,1910,Mandal
200911513,lillehammertilskuer,1910,Lillehammer
202554203,namdalensblad,1910,
202505836,listerogmandalsamtstidendeogadresseavis,1910,Lindesnes
203455685,vestfoldsandefjordatten,1910,
200310969,dagbladet,1910,Oslo
204602679,Hamar Stiftstidende ,1910,Hamar
200455054,faedrelandsvennen,1910,Kristiansand
203455727,vestfoldsandefjordatten,1910,
201600271,solungen,1910,Kongsvinger
202601704,nordretrondhjemsamtstidende,1910,
200885921,kysten,1910,Oslo
203396175,skotfosavisnittennullen,1910,
203624457,oerebladet,1910,
203303121,buskerudsamtstidendedrammen,1910,
204637063,Samhold (Gjøvik: 1885-1920) ,1910,Gjøvik
204241484,gudbrandsdalensfolkebladgjoevik,1910,
200790902,hedemarkensamtstidende,1910,Hamar
200454966,faedrelandsvennen,1910,Kristiansand
202944838,aftenposten,1910,Oslo
202040850,bergensannoncetidende,1910,
200866298,kongsbergdagblad,1910,Kongsberg
202579928,nordlandsfolkeblad,1910,
202790727,soendmoerefolkeblad,1910,
202944859,aftenposten,1910,Oslo
204293361,vestoplaendingen,1910,
200311102,dagbladet,1910,Oslo
202452047,jarlsbergoglarviksamtstidende,1910,Larvik
202944792,aftenposten,1910,Oslo
200752815,harstadtidende,1910,Harstad
201993014,arbeidet,1910,Bergen
202479113,landmandsposten,1910,
200562597,flekkefjordsposten,1910,
202302524,grimstadposten,1910,
200217338,bergenstidende,1910,Bergen
203535012,buskerudsblad,1910,
203125204,indtrondelagen,1910,
202944729,aftenposten,1910,Oslo
202452106,jarlsbergoglarviksamtstidende,1910,Larvik
200564578,foerstemai,1910,Stavanger
200311132,dagbladet,1910,Oslo
201629290,stjordalensblad,1910,Stjørdal
202609725,nordtroenderen,1910,
201797766,trondhjemsadresseavis,1910,Trondheim
202302497,grimstadposten,1910,
200642907,gjengangeren,1910,Horten
201556906,socialdemokraten,1910,Oslo
202479220,landmandsposten,1910,
203125208,indtrondelagen,1910,
201993174,arbeidet,1910,Bergen
203198990,stavangeraftenblad,1910,Stavanger
203599307,aftenpostenukensnytt,1910,
203411563,soloerposten,1910,
201993079,arbeidet,1910,Bergen
203505125,nordland,1910,
200886004,kysten,1910,Oslo
202479138,landmandsposten,1910,
200044436,agderposten,1910,Arendal
200811193,helgelandsblad,1910,
202050521,bodotidende,1910,Bodø
200253776,bratsbergdemokraten,1910,Skien
203901352,oerebladet,1910,
200866133,kongsbergdagblad,1910,Kongsberg
203433357,tvedestrandogomegnsavis,1910,
201035814,morgenbladet,1910,Oslo
202790755,soendmoerefolkeblad,1910,
200602410,fremover,1910,Narvik
200623927,fremtiden,1910,Drammen
202568305,nordfjord,1910,
201276517,norgessjoefartstidende,1910,Oslo
200642944,gjengangeren,1910,Horten
201975037,akershuspostenlillestroemnitten,1910,Lørenskog
200311118,dagbladet,1910,Oslo
200676387,grimstadadressetiden,1910,Grimstad
201152908,nedenaesamtstidende,1910,Risør
201309859,oeieren,1910,
203572827,helgeland,1910,
204532188,Samhold (Gjøvik: 1885-1920) ,1910,Gjøvik
202944232,aftenposten,1910,Oslo
201993099,arbeidet,1910,Bergen
202424265,indlandsposten,1910,
202222908,folketidendetrondheimattennittien,1910,Trondheim
204319082,gjoviksbladattenattifire,1910,
203646512,nordland,1910,
202521432,moldeannonceblad,1910,
200358209,dagensnytt,1910,
202642251,oplandenesavis,1910,Hamar
200694124,gudbrandsdoelen,1910,Lillehammer
203478144,buskerudsblad,1910,
201993141,arbeidet,1910,Bergen
203168042,nordrebergenhusfolkeblad,1910,Kinn
202040985,bergensannoncetidende,1910,
203396212,skotfosavisnittennullen,1910,
202585487,nordlandsposten,1910,Bodø
202222815,folketidendetrondheimattennittien,1910,Trondheim
201973567,akershusfolkebladdroebak,1910,Oslo
201967752,akershus,1910,Lillestrøm
203125198,indtrondelagen,1910,
201556766,socialdemokraten,1910,Oslo
201797781,trondhjemsadresseavis,1910,Trondheim
202585505,nordlandsposten,1910,Bodø
203433398,tvedestrandogomegnsavis,1910,
200217607,bergenstidende,1910,Bergen
200831139,indresmaalenenesavis,1910,Indre Østfold
202589614,nordlendingen,1910,
201797986,trondhjemsadresseavis,1910,Trondheim
204319012,gjoviksbladattenattifire,1910,
201276489,norgessjoefartstidende,1910,Oslo
201556981,socialdemokraten,1910,Oslo
200454994,faedrelandsvennen,1910,Kristiansand
200455064,faedrelandsvennen,1910,Kristiansand
202790779,soendmoerefolkeblad,1910,
203302940,buskerudsamtstidendedrammen,1910,
202060003,breviksposten,1910,Porsgrunn
203930083,helgeland,1910,
200601591,fredriksstadtilskuer,1910,Fredrikstad
203433320,tvedestrandogomegnsavis,1910,
203455584,vestfoldsandefjordatten,1910,
202541124,mossavis,1910,Moss
203402171,soendhordland,1910,
201979087,akersposten,1910,Oslo
203455659,vestfoldsandefjordatten,1910,
203153757,nordenfjeldsktidende,1910,Levanger
202222772,folketidendetrondheimattennittien,1910,Trondheim
200886152,kysten,1910,Oslo
201452091,romerikesblad,1910,Lillestrøm
202479167,landmandsposten,1910,
203593080,salten,1910,
204318978,gjoviksbladattenattifire,1910,
200866170,kongsbergdagblad,1910,Kongsberg
200601490,fredriksstadtilskuer,1910,Fredrikstad
200831066,indresmaalenenesavis,1910,Indre Østfold
201600183,solungen,1910,Kongsvinger
202601680,nordretrondhjemsamtstidende,1910,
202479218,landmandsposten,1910,
202059939,breviksposten,1910,Porsgrunn
200454923,faedrelandsvennen,1910,Kristiansand
201560792,soendretrondhjemsamtstidende,1910,Orkdal
203545264,aftenpostenukensnytt,1910,
201975003,akershuspostenlillestroemnitten,1910,Lørenskog
202040925,bergensannoncetidende,1910,
203198922,stavangeraftenblad,1910,Stavanger
201594571,sognstidend,1910,Sogndal
202023447,bergensaftenbladbergenattenattini,1910,Bergen
200811201,helgelandsblad,1910,
203955153,buskerudsblad,1910,
202642158,oplandenesavis,1910,Hamar
201276588,norgessjoefartstidende,1910,Oslo
201781499,tromsoestiftstidende,1910,Tromsø
204293458,vestoplaendingen,1910,
201833866,valdres,1910,Nord-Aurdal
203198768,stavangeraftenblad,1910,Stavanger
200885948,kysten,1910,Oslo
203938304,oerebladet,1910,
202223005,folketidendetrondheimattennittien,1910,Trondheim
204241547,gudbrandsdalensfolkebladgjoevik,1910,
202944930,aftenposten,1910,Oslo
200217391,bergenstidende,1910,Bergen
202495530,lindesnes,1910,Mandal
203561051,fjellposten,1910,
202621710,norskkundgjoerelsestidende,1910,Oslo
202944581,aftenposten,1910,Oslo
202944436,aftenposten,1910,Oslo
200667829,glommendalen,1910,Kongsvinger
202621905,norskkundgjoerelsestidende,1910,Oslo
200676370,grimstadadressetiden,1910,Grimstad
200217397,bergenstidende,1910,Bergen
202579919,nordlandsfolkeblad,1910,
204603205,Samhold (Gjøvik: 1885-1920) ,1910,Gjøvik
203481560,buskerudsblad,1910,
203358895,oevresmaalenene,1910,Indre Østfold
200044503,agderposten,1910,Arendal
201109488,mosstilskuer,1910,Moss
202522365,more,1910,Volda
201797682,trondhjemsadresseavis,1910,Trondheim
202023502,bergensaftenbladbergenattenattini,1910,Bergen
201345485,osterdolen,1910,Tynset
203020057,askerogbaerumsbudstikke,1910,Bærum
202023392,bergensaftenbladbergenattenattini,1910,Bergen
203396247,skotfosavisnittennullen,1910,
203572207,oerebladet,1910,
201109485,mosstilskuer,1910,Moss
200601634,fredriksstadtilskuer,1910,Fredrikstad
201993113,arbeidet,1910,Bergen
202621906,norskkundgjoerelsestidende,1910,Oslo
201671714,svelviksposten,1910,Drammen
202505796,listerogmandalsamtstidendeogadresseavis,1910,Lindesnes
200676462,grimstadadressetiden,1910,Grimstad
203019988,askerogbaerumsbudstikke,1910,Bærum
200752818,harstadtidende,1910,Harstad
201629270,stjordalensblad,1910,Stjørdal
203455652,vestfoldsandefjordatten,1910,
204408465,Hamar Stiftstidende ,1910,Hamar
201276597,norgessjoefartstidende,1910,Oslo
203117069,indheredsposten,1910,
201833963,valdres,1910,Nord-Aurdal
201170431,nordkapp,1910,
202059935,breviksposten,1910,Porsgrunn
202023318,bergensaftenbladbergenattenattini,1910,Bergen
203358806,oevresmaalenene,1910,Indre Østfold
204419817,Samhold (Gjøvik: 1885-1920) ,1910,Gjøvik
201973532,akershusfolkebladdroebak,1910,Oslo
203773420,aftenpostenukensnytt,1910,
201797669,trondhjemsadresseavis,1910,Trondheim
202479249,landmandsposten,1910,
200642986,gjengangeren,1910,Horten
201973525,akershusfolkebladdroebak,1910,Oslo
200253788,bratsbergdemokraten,1910,Skien
200911480,lillehammertilskuer,1910,Lillehammer
201163458,nordisktidende,1910,
204430782,Samhold (Gjøvik: 1885-1920) ,1910,Gjøvik
203411609,soloerposten,1910,
200693980,gudbrandsdoelen,1910,Lillehammer
201035737,morgenbladet,1910,Oslo
200928383,lillesandsposten,1910,Lillesand
200310994,dagbladet,1910,Oslo
202023479,bergensaftenbladbergenattenattini,1910,Bergen
200562523,flekkefjordsposten,1910,
200601688,fredriksstadtilskuer,1910,Fredrikstad
202568253,nordfjord,1910,
204319079,gjoviksbladattenattifire,1910,
200358241,dagensnytt,1910,
202158951,egersundsposten,1910,Eigersund
203455849,vestfoldsandefjordatten,1910,
200454873,faedrelandsvennen,1910,Kristiansand
203303106,buskerudsamtstidendedrammen,1910,
201557045,socialdemokraten,1910,Oslo
202222953,folketidendetrondheimattennittien,1910,Trondheim
203463143,vossavis,1910,
201600293,solungen,1910,Kongsvinger
202495465,lindesnes,1910,Mandal
201993150,arbeidet,1910,Bergen
203503576,buskerudsblad,1910,
202944391,aftenposten,1910,Oslo
203505263,aftenpostenukensnytt,1910,
200562600,flekkefjordsposten,1910,
202452075,jarlsbergoglarviksamtstidende,1910,Larvik
200027832,agder,1910,
204438706,Hamar Stiftstidende ,1910,Hamar
201600289,solungen,1910,Kongsvinger
202554196,namdalensblad,1910,
202041008,bergensannoncetidende,1910,
202944746,aftenposten,1910,Oslo
200886178,kysten,1910,Oslo
203396249,skotfosavisnittennullen,1910,
202452009,jarlsbergoglarviksamtstidende,1910,Larvik
201833855,valdres,1910,Nord-Aurdal
201434731,rogalandnittensju,1910,Stavanger
201316164,ofotenstidende,1910,Narvik
202944345,aftenposten,1910,Oslo
204318968,gjoviksbladattenattifire,1910,
202756622,romsdalstidende,1910,
201775818,tromsoeposten,1910,Tromsø
201035809,morgenbladet,1910,Oslo
201217575,nordlys,1910,Tromsø
202159029,egersundsposten,1910,Eigersund
204151348,fjordenestidende,1910,
203525781,narviktidende,1910,
202424312,indlandsposten,1910,
202495477,lindesnes,1910,Mandal
202023403,bergensaftenbladbergenattenattini,1910,Bergen
201973526,akershusfolkebladdroebak,1910,Oslo
203430392,tunsbergeren,1910,
200811205,helgelandsblad,1910,
203455780,vestfoldsandefjordatten,1910,
201471515,romsdalsamtstidende,1910,Kristiansund
203877126,buskerudsblad,1910,
201276410,norgessjoefartstidende,1910,Oslo
201781513,tromsoestiftstidende,1910,Tromsø
201471584,romsdalsamtstidende,1910,Kristiansund
203303006,buskerudsamtstidendedrammen,1910,
202642285,oplandenesavis,1910,Hamar
200602340,fremover,1910,Narvik
203430360,tunsbergeren,1910,
200311111,dagbladet,1910,Oslo
201950719,agderposten,1910,Arendal
200436770,dunderlandsdoelen,1910,Rana
203302905,buskerudsamtstidendedrammen,1910,
203396205,skotfosavisnittennullen,1910,
202609700,nordtroenderen,1910,
202505733,listerogmandalsamtstidendeogadresseavis,1910,Lindesnes
201600308,solungen,1910,Kongsvinger
202589630,nordlendingen,1910,
203358766,oevresmaalenene,1910,Indre Østfold
203746949,aftenpostenukensnytt,1910,
202621789,norskkundgjoerelsestidende,1910,Oslo
201276379,norgessjoefartstidende,1910,Oslo
200866287,kongsbergdagblad,1910,Kongsberg
201556864,socialdemokraten,1910,Oslo
200564550,foerstemai,1910,Stavanger
202944684,aftenposten,1910,Oslo
204649059,Samhold (Gjøvik: 1885-1920) ,1910,Gjøvik
202944187,aftenposten,1910,Oslo
200564528,foerstemai,1910,Stavanger
202040785,bergensannoncetidende,1910,
201967664,akershus,1910,Lillestrøm
202536025,mossaftenblad,1910,
203455560,vestfoldsandefjordatten,1910,
200358139,dagensnytt,1910,
200866222,kongsbergdagblad,1910,Kongsberg
203463167,vossavis,1910,
202500283,listerfarsundatten,1910,
201170433,nordkapp,1910,
200027773,agder,1910,
203986902,narviktidende,1910,
204241565,gudbrandsdalensfolkebladgjoevik,1910,
201505946,sandefjordsblad,1910,Sandefjord
201035451,morgenbladet,1910,Oslo
200358154,dagensnytt,1910,
201833885,valdres,1910,Nord-Aurdal
203402201,soendhordland,1910,
202522345,more,1910,Volda
202222877,folketidendetrondheimattennittien,1910,Trondheim
202621846,norskkundgjoerelsestidende,1910,Oslo
200562598,flekkefjordsposten,1910,
203020005,askerogbaerumsbudstikke,1910,Bærum
202609728,nordtroenderen,1910,
203393427,senjensbladnittennullsju,1910,
201035831,morgenbladet,1910,Oslo
201505920,sandefjordsblad,1910,Sandefjord
200811161,helgelandsblad,1910,
201170440,nordkapp,1910,
201992973,arbeidet,1910,Bergen
200525798,finnmarksposten,1910,Nordkapp
204395658,Samhold (Gjøvik: 1885-1920) ,1910,Gjøvik
200642858,gjengangeren,1910,Horten
202786902,skandinaven,1910,
201973529,akershusfolkebladdroebak,1910,Oslo
203302847,buskerudsamtstidendedrammen,1910,
204293466,vestoplaendingen,1910,
202944366,aftenposten,1910,Oslo
202944204,aftenposten,1910,Oslo
202023377,bergensaftenbladbergenattenattini,1910,Bergen
201557037,socialdemokraten,1910,Oslo
200217327,bergenstidende,1910,Bergen
200525814,finnmarksposten,1910,Nordkapp
202302504,grimstadposten,1910,
200044438,agderposten,1910,Arendal
202302486,grimstadposten,1910,
201152855,nedenaesamtstidende,1910,Risør
202505704,listerogmandalsamtstidendeogadresseavis,1910,Lindesnes
201797762,trondhjemsadresseavis,1910,Trondheim
203019998,askerogbaerumsbudstikke,1910,Bærum
201477549,romsdalsbudstikke,1910,Molde
200027893,agder,1910,
200310854,dagbladet,1910,Oslo
200928320,lillesandsposten,1910,Lillesand
202944864,aftenposten,1910,Oslo
201316146,ofotenstidende,1910,Narvik
202222758,folketidendetrondheimattennittien,1910,Trondheim
203584458,lofotposten,1910,
202621823,norskkundgjoerelsestidende,1910,Oslo
202242343,fredrikshaldstilskuer,1910,Halden
204489685,Samhold (Gjøvik: 1885-1920) ,1910,Gjøvik
200253734,bratsbergdemokraten,1910,Skien
200831011,indresmaalenenesavis,1910,Indre Østfold
204697758,Hamar Stiftstidende ,1910,Hamar
202222827,folketidendetrondheimattennittien,1910,Trondheim
201975072,akershuspostenlillestroemnitten,1910,Lørenskog
202023340,bergensaftenbladbergenattenattini,1910,Bergen
200831134,indresmaalenenesavis,1910,Indre Østfold
202239786,fredrikshaldsavis,1910,
204454234,unglyden ,1910,Voss
200790883,hedemarkensamtstidende,1910,Hamar
201967649,akershus,1910,Lillestrøm
202601692,nordretrondhjemsamtstidende,1910,
201035492,morgenbladet,1910,Oslo
201950841,agderposten,1910,Arendal
203358809,oevresmaalenene,1910,Indre Østfold
202057330,breidablik,1910,
202521466,moldeannonceblad,1910,
203433354,tvedestrandogomegnsavis,1910,
200454946,faedrelandsvennen,1910,Kristiansand
201594560,sognstidend,1910,Sogndal
200866203,kongsbergdagblad,1910,Kongsberg
203463133,vossavis,1910,
200310996,dagbladet,1910,Oslo
201035839,morgenbladet,1910,Oslo
201629228,stjordalensblad,1910,Stjørdal
204241543,gudbrandsdalensfolkebladgjoevik,1910,
201600253,solungen,1910,Kongsvinger
203198851,stavangeraftenblad,1910,Stavanger
200694006,gudbrandsdoelen,1910,Lillehammer
202187051,finmarken,1910,Vardø
204683464,Samhold (Gjøvik: 1885-1920) ,1910,Gjøvik
201941498,vortlandosloattennitti,1910,Oslo
200676447,grimstadadressetiden,1910,Grimstad
201345550,osterdolen,1910,Tynset
200310850,dagbladet,1910,Oslo
202505697,listerogmandalsamtstidendeogadresseavis,1910,Lindesnes
200217593,bergenstidende,1910,Bergen
203791400,warensardne,1910,
201833858,valdres,1910,Nord-Aurdal
203686872,aftenpostenukensnytt,1910,
202050548,bodotidende,1910,Bodø
200694114,gudbrandsdoelen,1910,Lillehammer
202302540,grimstadposten,1910,
201505949,sandefjordsblad,1910,Sandefjord
202944419,aftenposten,1910,Oslo
200310952,dagbladet,1910,Oslo
202500363,listerfarsundatten,1910,
202023449,bergensaftenbladbergenattenattini,1910,Bergen
202621894,norskkundgjoerelsestidende,1910,Oslo
203480849,helgeland,1910,
201109363,mosstilskuer,1910,Moss
201035417,morgenbladet,1910,Oslo
204241513,gudbrandsdalensfolkebladgjoevik,1910,
200642977,gjengangeren,1910,Horten
202642222,oplandenesavis,1910,Hamar
201276382,norgessjoefartstidende,1910,Oslo
201035407,morgenbladet,1910,Oslo
200562514,flekkefjordsposten,1910,
204534328,Hamar Stiftstidende ,1910,Hamar
200911562,lillehammertilskuer,1910,Lillehammer
203583731,aftenpostenukensnytt,1910,
200455091,faedrelandsvennen,1910,Kristiansand
202944512,aftenposten,1910,Oslo
202059960,breviksposten,1910,Porsgrunn
200602413,fremover,1910,Narvik
202505727,listerogmandalsamtstidendeogadresseavis,1910,Lindesnes
201797759,trondhjemsadresseavis,1910,Trondheim
203430335,tunsbergeren,1910,
201797976,trondhjemsadresseavis,1910,Trondheim
201035658,morgenbladet,1910,Oslo
200667813,glommendalen,1910,Kongsvinger
200602411,fremover,1910,Narvik
202944885,aftenposten,1910,Oslo
203393452,senjensbladnittennullsju,1910,
203302947,buskerudsamtstidendedrammen,1910,
200358189,dagensnytt,1910,
201594565,sognstidend,1910,Sogndal
202040909,bergensannoncetidende,1910,
201798027,trondhjemsadresseavis,1910,Trondheim
201775774,tromsoeposten,1910,Tromsø
200866158,kongsbergdagblad,1910,Kongsberg
201276482,norgessjoefartstidende,1910,Oslo
202023416,bergensaftenbladbergenattenattini,1910,Bergen
200811173,helgelandsblad,1910,
202622003,norskkundgjoerelsestidende,1910,Oslo
202452147,jarlsbergoglarviksamtstidende,1910,Larvik
201600311,solungen,1910,Kongsvinger
201505931,sandefjordsblad,1910,Sandefjord
201797860,trondhjemsadresseavis,1910,Trondheim
203970428,aftenpostenukensnytt,1910,
202040725,bergensannoncetidende,1910,
201276395,norgessjoefartstidende,1910,Oslo
200623941,fremtiden,1910,Drammen
201505980,sandefjordsblad,1910,Sandefjord
203455636,vestfoldsandefjordatten,1910,
200623981,fremtiden,1910,Drammen
202521385,moldeannonceblad,1910,
201798025,trondhjemsadresseavis,1910,Trondheim
202222778,folketidendetrondheimattennittien,1910,Trondheim
200623910,fremtiden,1910,Drammen
200911587,lillehammertilskuer,1910,Lillehammer
201979041,akersposten,1910,Oslo
202479185,landmandsposten,1910,
203463159,vossavis,1910,
202944598,aftenposten,1910,Oslo
202242339,fredrikshaldstilskuer,1910,Halden
204469090,Samhold (Gjøvik: 1885-1920) ,1910,Gjøvik
202536126,mossaftenblad,1910,
202302440,grimstadposten,1910,
202944367,aftenposten,1910,Oslo
202222972,folketidendetrondheimattennittien,1910,Trondheim
202040864,bergensannoncetidende,1910,
200436774,dunderlandsdoelen,1910,Rana
201035496,morgenbladet,1910,Oslo
203303097,buskerudsamtstidendedrammen,1910,
200564544,foerstemai,1910,Stavanger
200694052,gudbrandsdoelen,1910,Lillehammer
203430394,tunsbergeren,1910,
202585503,nordlandsposten,1910,Bodø
202483306,langesundsposten,1910,
201035291,morgenbladet,1910,Oslo
200454974,faedrelandsvennen,1910,Kristiansand
202500413,listerfarsundatten,1910,
201477475,romsdalsbudstikke,1910,Molde
202302488,grimstadposten,1910,
200866320,kongsbergdagblad,1910,Kongsberg
200601550,fredriksstadtilskuer,1910,Fredrikstad
200676424,grimstadadressetiden,1910,Grimstad
200217547,bergenstidende,1910,Bergen
201594558,sognstidend,1910,Sogndal
203661207,warensardne,1910,
202050569,bodotidende,1910,Bodø
202222735,folketidendetrondheimattennittien,1910,Trondheim
200623901,fremtiden,1910,Drammen
202040929,bergensannoncetidende,1910,
200911618,lillehammertilskuer,1910,Lillehammer
204035554,narviktidende,1910,
202023246,bergensaftenbladbergenattenattini,1910,Bergen
203455773,vestfoldsandefjordatten,1910,
203411578,soloerposten,1910,
202474921,kristiansundspostenatten,1910,
200693992,gudbrandsdoelen,1910,Lillehammer
202452103,jarlsbergoglarviksamtstidende,1910,Larvik
204605079,Samhold (Gjøvik: 1885-1920) ,1910,Gjøvik
203303013,buskerudsamtstidendedrammen,1910,
203198805,stavangeraftenblad,1910,Stavanger
203386829,sarpen,1910,
200525872,finnmarksposten,1910,Nordkapp
202579939,nordlandsfolkeblad,1910,
202944815,aftenposten,1910,Oslo
200667792,glommendalen,1910,Kongsvinger
202944903,aftenposten,1910,Oslo
201035519,morgenbladet,1910,Oslo
203302856,buskerudsamtstidendedrammen,1910,
202642221,oplandenesavis,1910,Hamar
200562582,flekkefjordsposten,1910,
200885922,kysten,1910,Oslo
203430385,tunsbergeren,1910,
201316113,ofotenstidende,1910,Narvik
201833878,valdres,1910,Nord-Aurdal
204711249,Laagendalsposten ,1910,Kongsberg
202601694,nordretrondhjemsamtstidende,1910,
202944668,aftenposten,1910,Oslo
201993103,arbeidet,1910,Bergen
201833910,valdres,1910,Nord-Aurdal
201316149,ofotenstidende,1910,Narvik
201967763,akershus,1910,Lillestrøm
200044440,agderposten,1910,Arendal
200886060,kysten,1910,Oslo
204391191,Samhold (Gjøvik: 1885-1920) ,1910,Gjøvik
200217666,bergenstidende,1910,Bergen
200044435,agderposten,1910,Arendal
201967721,akershus,1910,Lillestrøm
200310919,dagbladet,1910,Oslo
200044413,agderposten,1910,Arendal
204592644,Samhold (Gjøvik: 1885-1920) ,1910,Gjøvik
202483371,langesundsposten,1910,
200752865,harstadtidende,1910,Harstad
201817089,tvedestrandsposten,1910,Tvedestrand
203580484,helgeland,1910,
204015368,buskerudsblad,1910,
203641766,lofotposten,1910,
204293389,vestoplaendingen,1910,
202474868,kristiansundspostenatten,1910,
203989954,aftenpostenukensnytt,1910,
202059981,breviksposten,1910,Porsgrunn
202159025,egersundsposten,1910,Eigersund
201594593,sognstidend,1910,Sogndal
201505853,sandefjordsblad,1910,Sandefjord
203125133,indtrondelagen,1910,
202222837,folketidendetrondheimattennittien,1910,Trondheim
202609709,nordtroenderen,1910,
203499903,oerebladet,1910,
201109340,mosstilskuer,1910,Moss
201505918,sandefjordsblad,1910,Sandefjord
201109455,mosstilskuer,1910,Moss
202222717,folketidendetrondheimattennittien,1910,Trondheim
202609718,nordtroenderen,1910,
202556349,namdalensfolkeblad,1910,
201797816,trondhjemsadresseavis,1910,Trondheim
200790932,hedemarkensamtstidende,1910,Hamar
204611679,Hamar Stiftstidende ,1910,Hamar
202944616,aftenposten,1910,Oslo
202242379,fredrikshaldstilskuer,1910,Halden
203125154,indtrondelagen,1910,
204386237,Samhold (Gjøvik: 1885-1920) ,1910,Gjøvik
202621713,norskkundgjoerelsestidende,1910,Oslo
202040984,bergensannoncetidende,1910,
201798009,trondhjemsadresseavis,1910,Trondheim
204486694,Samhold (Gjøvik: 1885-1920) ,1910,Gjøvik
200642867,gjengangeren,1910,Horten
201276557,norgessjoefartstidende,1910,Oslo
200911617,lillehammertilskuer,1910,Lillehammer
202601750,nordretrondhjemsamtstidende,1910,
202040989,bergensannoncetidende,1910,
200928402,lillesandsposten,1910,Lillesand
202786868,skandinaven,1910,
204319118,gjoviksbladattenattifire,1910,
201973551,akershusfolkebladdroebak,1910,Oslo
203386831,sarpen,1910,
201967701,akershus,1910,Lillestrøm
200623956,fremtiden,1910,Drammen
201471535,romsdalsamtstidende,1910,Kristiansund
200455022,faedrelandsvennen,1910,Kristiansand
203402172,soendhordland,1910,
202222739,folketidendetrondheimattennittien,1910,Trondheim
202521471,moldeannonceblad,1910,
202505701,listerogmandalsamtstidendeogadresseavis,1910,Lindesnes
200623898,fremtiden,1910,Drammen
202023219,bergensaftenbladbergenattenattini,1910,Bergen
200358169,dagensnytt,1910,
201557007,socialdemokraten,1910,Oslo
200866286,kongsbergdagblad,1910,Kongsberg
200601649,fredriksstadtilskuer,1910,Fredrikstad
201979097,akersposten,1910,Oslo
204545188,Samhold (Gjøvik: 1885-1920) ,1910,Gjøvik
201109339,mosstilskuer,1910,Moss
201941520,vortlandosloattennitti,1910,Oslo
202187118,finmarken,1910,Vardø
201798058,trondhjemsadresseavis,1910,Trondheim
204704266,Laagendalsposten ,1910,Kongsberg
202158941,egersundsposten,1910,Eigersund
200358149,dagensnytt,1910,
200642925,gjengangeren,1910,Horten
200310925,dagbladet,1910,Oslo
201506014,sandefjordsblad,1910,Sandefjord
201452159,romerikesblad,1910,Lillestrøm
201035713,morgenbladet,1910,Oslo
201035506,morgenbladet,1910,Oslo
204241590,gudbrandsdalensfolkebladgjoevik,1910,
201035310,morgenbladet,1910,Oslo
204151350,fjordenestidende,1910,
200601729,fredriksstadtilskuer,1910,Fredrikstad
201471558,romsdalsamtstidende,1910,Kristiansund
202181378,farsundsavis,1910,Farsund
202944538,aftenposten,1910,Oslo
202424332,indlandsposten,1910,
202041002,bergensannoncetidende,1910,
202522362,more,1910,Volda
200562589,flekkefjordsposten,1910,
201967690,akershus,1910,Lillestrøm
202242332,fredrikshaldstilskuer,1910,Halden
200455100,faedrelandsvennen,1910,Kristiansand
202222796,folketidendetrondheimattennittien,1910,Trondheim
202790781,soendmoerefolkeblad,1910,
203517480,fjellposten,1910,
202424235,indlandsposten,1910,
203165855,nordrebergenhusamtstidende,1910,Kinn
202479178,landmandsposten,1910,
202222826,folketidendetrondheimattennittien,1910,Trondheim
203168035,nordrebergenhusfolkeblad,1910,Kinn
202242375,fredrikshaldstilskuer,1910,Halden
202159016,egersundsposten,1910,Eigersund
203411598,soloerposten,1910,
204705577,Laagendalsposten ,1910,Kongsberg
201833907,valdres,1910,Nord-Aurdal
201035428,morgenbladet,1910,Oslo
203153761,nordenfjeldsktidende,1910,Levanger
200911525,lillehammertilskuer,1910,Lillehammer
202242355,fredrikshaldstilskuer,1910,Halden
200866245,kongsbergdagblad,1910,Kongsberg
202222965,folketidendetrondheimattennittien,1910,Trondheim
200601492,fredriksstadtilskuer,1910,Fredrikstad
203303067,buskerudsamtstidendedrammen,1910,
200562570,flekkefjordsposten,1910,
201557017,socialdemokraten,1910,Oslo
201950743,agderposten,1910,Arendal
201950738,agderposten,1910,Arendal
203302857,buskerudsamtstidendedrammen,1910,
200217570,bergenstidende,1910,Bergen
204575774,Hamar Stiftstidende ,1910,Hamar
202556295,namdalensfolkeblad,1910,
203198749,stavangeraftenblad,1910,Stavanger
202585488,nordlandsposten,1910,Bodø
200886012,kysten,1910,Oslo
201556928,socialdemokraten,1910,Oslo
202222889,folketidendetrondheimattennittien,1910,Trondheim
201035377,morgenbladet,1910,Oslo
201594555,sognstidend,1910,Sogndal
203167963,nordrebergenhusfolkeblad,1910,Kinn
201833924,valdres,1910,Nord-Aurdal
200027809,agder,1910,
201950815,agderposten,1910,Arendal
201950845,agderposten,1910,Arendal
202585465,nordlandsposten,1910,Bodø
202242365,fredrikshaldstilskuer,1910,Halden
202554108,namdalensblad,1910,
202621986,norskkundgjoerelsestidende,1910,Oslo
202505724,listerogmandalsamtstidendeogadresseavis,1910,Lindesnes
203125207,indtrondelagen,1910,
202483296,langesundsposten,1910,
200866325,kongsbergdagblad,1910,Kongsberg
204396605,Samhold (Gjøvik: 1885-1920) ,1910,Gjøvik
200790837,hedemarkensamtstidende,1910,Hamar
203643582,aftenpostenukensnytt,1910,
203125281,indtrondelagen,1910,
201992934,arbeidet,1910,Bergen
202541117,mossavis,1910,Moss
203167998,nordrebergenhusfolkeblad,1910,Kinn
203199036,stavangeraftenblad,1910,Stavanger
203198891,stavangeraftenblad,1910,Stavanger
201345609,osterdolen,1910,Tynset
203198780,stavangeraftenblad,1910,Stavanger
203433400,tvedestrandogomegnsavis,1910,
203302923,buskerudsamtstidendedrammen,1910,
201833970,valdres,1910,Nord-Aurdal
202500333,listerfarsundatten,1910,
201781567,tromsoestiftstidende,1910,Tromsø
203165856,nordrebergenhusamtstidende,1910,Kinn
201775751,tromsoeposten,1910,Tromsø
203386867,sarpen,1910,
203455690,vestfoldsandefjordatten,1910,
202222738,folketidendetrondheimattennittien,1910,Trondheim
200866355,kongsbergdagblad,1910,Kongsberg
203198779,stavangeraftenblad,1910,Stavanger
201035335,morgenbladet,1910,Oslo
201276612,norgessjoefartstidende,1910,Oslo
201452086,romerikesblad,1910,Lillestrøm
204319089,gjoviksbladattenattifire,1910,
201109412,mosstilskuer,1910,Moss
202786848,skandinaven,1910,
201560779,soendretrondhjemsamtstidende,1910,Orkdal
203358833,oevresmaalenene,1910,Indre Østfold
202050537,bodotidende,1910,Bodø
201471484,romsdalsamtstidende,1910,Kristiansund
202181412,farsundsavis,1910,Farsund
203953639,buskerudsblad,1910,
202040920,bergensannoncetidende,1910,
203125252,indtrondelagen,1910,
202424267,indlandsposten,1910,
200928308,lillesandsposten,1910,Lillesand
200694055,gudbrandsdoelen,1910,Lillehammer
203430475,tunsbergeren,1910,
200601728,fredriksstadtilskuer,1910,Fredrikstad
201629296,stjordalensblad,1910,Stjørdal
200911501,lillehammertilskuer,1910,Lillehammer
203430412,tunsbergeren,1910,
203463141,vossavis,1910,
202410606,hordalandfolkeblad,1910,Kvam
203778331,salten,1910,
200217468,bergenstidende,1910,Bergen
200623867,fremtiden,1910,Drammen
202589658,nordlendingen,1910,
202944577,aftenposten,1910,Oslo
203963157,lofotposten,1910,
204507324,Hamar Stiftstidende ,1910,Hamar
201833880,valdres,1910,Nord-Aurdal
203913023,lofotposten,1910,
202554103,namdalensblad,1910,
200911606,lillehammertilskuer,1910,Lillehammer
202242360,fredrikshaldstilskuer,1910,Halden
203199033,stavangeraftenblad,1910,Stavanger
201797763,trondhjemsadresseavis,1910,Trondheim
201505882,sandefjordsblad,1910,Sandefjord
203165858,nordrebergenhusamtstidende,1910,Kinn
200358212,dagensnytt,1910,
202621695,norskkundgjoerelsestidende,1910,Oslo
202041020,bergensannoncetidende,1910,
202601738,nordretrondhjemsamtstidende,1910,
200253730,bratsbergdemokraten,1910,Skien
200601739,fredriksstadtilskuer,1910,Fredrikstad
201276431,norgessjoefartstidende,1910,Oslo
200811231,helgelandsblad,1910,
202479210,landmandsposten,1910,
203997911,nordland,1910,
200911575,lillehammertilskuer,1910,Lillehammer
202556324,namdalensfolkeblad,1910,
202474905,kristiansundspostenatten,1910,
200310900,dagbladet,1910,Oslo
202474923,kristiansundspostenatten,1910,
201309843,oeieren,1910,
201817124,tvedestrandsposten,1910,Tvedestrand
202536081,mossaftenblad,1910,
200564474,foerstemai,1910,Stavanger
201035505,morgenbladet,1910,Oslo
200454949,faedrelandsvennen,1910,Kristiansand
202944926,aftenposten,1910,Oslo
202239815,fredrikshaldsavis,1910,
202642272,oplandenesavis,1910,Hamar
200667790,glommendalen,1910,Kongsvinger
202642190,oplandenesavis,1910,Hamar
200044392,agderposten,1910,Arendal
200676468,grimstadadressetiden,1910,Grimstad
201035859,morgenbladet,1910,Oslo
202944374,aftenposten,1910,Oslo
201781589,tromsoestiftstidende,1910,Tromsø
202023417,bergensaftenbladbergenattenattini,1910,Bergen
202621998,norskkundgjoerelsestidende,1910,Oslo
203455801,vestfoldsandefjordatten,1910,
201781505,tromsoestiftstidende,1910,Tromsø
200217543,bergenstidende,1910,Bergen
204241568,gudbrandsdalensfolkebladgjoevik,1910,
203411545,soloerposten,1910,
201170391,nordkapp,1910,
203479422,oerebladet,1910,
201979036,akersposten,1910,Oslo
204293482,vestoplaendingen,1910,
201833952,valdres,1910,Nord-Aurdal
201797769,trondhjemsadresseavis,1910,Trondheim
201979065,akersposten,1910,Oslo
200044460,agderposten,1910,Arendal
203913995,oerebladet,1910,
203185189,ranenstidende,1910,Hemnes
202222810,folketidendetrondheimattennittien,1910,Trondheim
202302490,grimstadposten,1910,
200044427,agderposten,1910,Arendal
202040699,bergensannoncetidende,1910,
202621815,norskkundgjoerelsestidende,1910,Oslo
202554150,namdalensblad,1910,
201276365,norgessjoefartstidende,1910,Oslo
201993153,arbeidet,1910,Bergen
201600278,solungen,1910,Kongsvinger
200525832,finnmarksposten,1910,Nordkapp
200564445,foerstemai,1910,Stavanger
200525871,finnmarksposten,1910,Nordkapp
200866290,kongsbergdagblad,1910,Kongsberg
203878585,warensardne,1910,
202059904,breviksposten,1910,Porsgrunn
203153750,nordenfjeldsktidende,1910,Levanger
203455767,vestfoldsandefjordatten,1910,
202187066,finmarken,1910,Vardø
200217462,bergenstidende,1910,Bergen
204319016,gjoviksbladattenattifire,1910,
200044492,agderposten,1910,Arendal
202500309,listerfarsundatten,1910,
200831045,indresmaalenenesavis,1910,Indre Østfold
200311197,dagbladet,1910,Oslo
202424296,indlandsposten,1910,
200601551,fredriksstadtilskuer,1910,Fredrikstad
202556338,namdalensfolkeblad,1910,
204358753,Samhold (Gjøvik: 1885-1920) ,1910,Gjøvik
200694008,gudbrandsdoelen,1910,Lillehammer
200044491,agderposten,1910,Arendal
202568275,nordfjord,1910,
200217527,bergenstidende,1910,Bergen
200811217,helgelandsblad,1910,
200790896,hedemarkensamtstidende,1910,Hamar
201775814,tromsoeposten,1910,Tromsø
203521104,oerebladet,1910,
202621939,norskkundgjoerelsestidende,1910,Oslo
202222988,folketidendetrondheimattennittien,1910,Trondheim
202242380,fredrikshaldstilskuer,1910,Halden
203386855,sarpen,1910,
201276614,norgessjoefartstidende,1910,Oslo
202023319,bergensaftenbladbergenattenattini,1910,Bergen
202302478,grimstadposten,1910,
202621927,norskkundgjoerelsestidende,1910,Oslo
203125176,indtrondelagen,1910,
203941825,oerebladet,1910,
203153700,nordenfjeldsktidende,1910,Levanger
202222992,folketidendetrondheimattennittien,1910,Trondheim
200358258,dagensnytt,1910,
201941536,vortlandosloattennitti,1910,Oslo
200602355,fremover,1910,Narvik
202536123,mossaftenblad,1910,
200667884,glommendalen,1910,Kongsvinger
204241572,gudbrandsdalensfolkebladgjoevik,1910,
200253753,bratsbergdemokraten,1910,Skien
202479246,landmandsposten,1910,
203303000,buskerudsamtstidendedrammen,1910,
201505956,sandefjordsblad,1910,Sandefjord
200694022,gudbrandsdoelen,1910,Lillehammer
202589650,nordlendingen,1910,
201477482,romsdalsbudstikke,1910,Molde
200811197,helgelandsblad,1910,
200253837,bratsbergdemokraten,1910,Skien
203396215,skotfosavisnittennullen,1910,
202452105,jarlsbergoglarviksamtstidende,1910,Larvik
202059925,breviksposten,1910,Porsgrunn
200790879,hedemarkensamtstidende,1910,Hamar
200642973,gjengangeren,1910,Horten
203430441,tunsbergeren,1910,
202474827,kristiansundspostenatten,1910,
200601709,fredriksstadtilskuer,1910,Fredrikstad
200928339,lillesandsposten,1910,Lillesand
200790920,hedemarkensamtstidende,1910,Hamar
202452205,jarlsbergoglarviksamtstidende,1910,Larvik
202040831,bergensannoncetidende,1910,
201775817,tromsoeposten,1910,Tromsø
201775731,tromsoeposten,1910,Tromsø
202556302,namdalensfolkeblad,1910,
202452190,jarlsbergoglarviksamtstidende,1910,Larvik
201035661,morgenbladet,1910,Oslo
203741907,lofotposten,1910,
204318977,gjoviksbladattenattifire,1910,
203595861,buskerudsblad,1910,
202040996,bergensannoncetidende,1910,
200358268,dagensnytt,1910,
201477486,romsdalsbudstikke,1910,Molde
200564464,foerstemai,1910,Stavanger
203396204,skotfosavisnittennullen,1910,
201973528,akershusfolkebladdroebak,1910,Oslo
201035776,morgenbladet,1910,Oslo
201345515,osterdolen,1910,Tynset
200752837,harstadtidende,1910,Harstad
204241492,gudbrandsdalensfolkebladgjoevik,1910,
202479184,landmandsposten,1910,
203851008,fjellposten,1910,
202554100,namdalensblad,1910,
200928317,lillesandsposten,1910,Lillesand
200790901,hedemarkensamtstidende,1910,Hamar
203125244,indtrondelagen,1910,
201781503,tromsoestiftstidende,1910,Tromsø
203302973,buskerudsamtstidendedrammen,1910,
202601756,nordretrondhjemsamtstidende,1910,
203198962,stavangeraftenblad,1910,Stavanger
203358865,oevresmaalenene,1910,Indre Østfold
204241561,gudbrandsdalensfolkebladgjoevik,1910,
201973533,akershusfolkebladdroebak,1910,Oslo
201992957,arbeidet,1910,Bergen
201817088,tvedestrandsposten,1910,Tvedestrand
201170444,nordkapp,1910,
201194354,nordlandsposten,1910,Bodø
202222927,folketidendetrondheimattennittien,1910,Trondheim
201109390,mosstilskuer,1910,Moss
202479139,landmandsposten,1910,
201560827,soendretrondhjemsamtstidende,1910,Orkdal
200601461,fredriksstadtilskuer,1910,Fredrikstad
203411676,soloerposten,1910,
202536085,mossaftenblad,1910,
201035614,morgenbladet,1910,Oslo
200436757,dunderlandsdoelen,1910,Rana
202041026,bergensannoncetidende,1910,
203386870,sarpen,1910,
203411678,soloerposten,1910,
203303061,buskerudsamtstidendedrammen,1910,
201973541,akershusfolkebladdroebak,1910,Oslo
203455792,vestfoldsandefjordatten,1910,
202944630,aftenposten,1910,Oslo
201798063,trondhjemsadresseavis,1910,Trondheim
200866137,kongsbergdagblad,1910,Kongsberg
200358194,dagensnytt,1910,
202239775,fredrikshaldsavis,1910,
202187108,finmarken,1910,Vardø
200866117,kongsbergdagblad,1910,Kongsberg
201276528,norgessjoefartstidende,1910,Oslo
203358872,oevresmaalenene,1910,Indre Østfold
201975098,akershuspostenlillestroemnitten,1910,Lørenskog
201993137,arbeidet,1910,Bergen
201817095,tvedestrandsposten,1910,Tvedestrand
201556811,socialdemokraten,1910,Oslo
201217631,nordlys,1910,Tromsø
200694108,gudbrandsdoelen,1910,Lillehammer
200694077,gudbrandsdoelen,1910,Lillehammer
202541187,mossavis,1910,Moss
200358276,dagensnytt,1910,
201975055,akershuspostenlillestroemnitten,1910,Lørenskog
204241524,gudbrandsdalensfolkebladgjoevik,1910,
202242363,fredrikshaldstilskuer,1910,Halden
203455799,vestfoldsandefjordatten,1910,
200454882,faedrelandsvennen,1910,Kristiansand
201316125,ofotenstidende,1910,Narvik
202536071,mossaftenblad,1910,
202222854,folketidendetrondheimattennittien,1910,Trondheim
200253827,bratsbergdemokraten,1910,Skien
200866281,kongsbergdagblad,1910,Kongsberg
203565655,helgeland,1910,
201109348,mosstilskuer,1910,Moss
201471594,romsdalsamtstidende,1910,Kristiansund
201345601,osterdolen,1910,Tynset
200811142,helgelandsblad,1910,
202474839,kristiansundspostenatten,1910,
203168043,nordrebergenhusfolkeblad,1910,Kinn
201309864,oeieren,1910,
201993002,arbeidet,1910,Bergen
203411613,soloerposten,1910,
201992968,arbeidet,1910,Bergen
201797958,trondhjemsadresseavis,1910,Trondheim
203430471,tunsbergeren,1910,
202522348,more,1910,Volda
200027801,agder,1910,
200601651,fredriksstadtilskuer,1910,Fredrikstad
201600273,solungen,1910,Kongsvinger
203931057,aftenpostenukensnytt,1910,
202536104,mossaftenblad,1910,
201993068,arbeidet,1910,Bergen
201276483,norgessjoefartstidende,1910,Oslo
203358893,oevresmaalenene,1910,Indre Østfold
201506002,sandefjordsblad,1910,Sandefjord
201506028,sandefjordsblad,1910,Sandefjord
202023473,bergensaftenbladbergenattenattini,1910,Bergen
201163468,nordisktidende,1910,
203386828,sarpen,1910,
202023515,bergensaftenbladbergenattenattini,1910,Bergen
203651136,salten,1910,
202187101,finmarken,1910,Vardø
200217614,bergenstidende,1910,Bergen
202505837,listerogmandalsamtstidendeogadresseavis,1910,Lindesnes
201993100,arbeidet,1910,Bergen
201109378,mosstilskuer,1910,Moss
204578762,Bergensposten Fram (Bergen 1892-1893) ,1910,Bergen
201993083,arbeidet,1910,Bergen
202410655,hordalandfolkeblad,1910,Kvam
204319011,gjoviksbladattenattifire,1910,
203411589,soloerposten,1910,
200886157,kysten,1910,Oslo
201170424,nordkapp,1910,
203969423,narviktidende,1910,
203829722,narviktidende,1910,
200311178,dagbladet,1910,Oslo
203125289,indtrondelagen,1910,
202302427,grimstadposten,1910,
201629282,stjordalensblad,1910,Stjørdal
200602316,fremover,1910,Narvik
203952667,helgeland,1910,
204151362,fjordenestidende,1910,
202521431,moldeannonceblad,1910,
202040936,bergensannoncetidende,1910,
204720506,Laagendalsposten ,1910,Kongsberg
201629294,stjordalensblad,1910,Stjørdal
202040715,bergensannoncetidende,1910,
200866218,kongsbergdagblad,1910,Kongsberg
204453110,unglyden ,1910,Voss
201316178,ofotenstidende,1910,Narvik
201170377,nordkapp,1910,
203433300,tvedestrandogomegnsavis,1910,
203125125,indtrondelagen,1910,
200866209,kongsbergdagblad,1910,Kongsberg
200310880,dagbladet,1910,Oslo
203125146,indtrondelagen,1910,
202621809,norskkundgjoerelsestidende,1910,Oslo
203430393,tunsbergeren,1910,
200562596,flekkefjordsposten,1910,
201276405,norgessjoefartstidende,1910,Oslo
202554062,namdalensblad,1910,
200601573,fredriksstadtilskuer,1910,Fredrikstad
200790907,hedemarkensamtstidende,1910,Hamar
201276437,norgessjoefartstidende,1910,Oslo
203826567,oerebladet,1910,
202505766,listerogmandalsamtstidendeogadresseavis,1910,Lindesnes
200027847,agder,1910,
201217578,nordlys,1910,Tromsø
201775783,tromsoeposten,1910,Tromsø
202479228,landmandsposten,1910,
203396192,skotfosavisnittennullen,1910,
202050536,bodotidende,1910,Bodø
200253727,bratsbergdemokraten,1910,Skien
202410617,hordalandfolkeblad,1910,Kvam
200562481,flekkefjordsposten,1910,
204388178,unglyden ,1910,Voss
202452207,jarlsbergoglarviksamtstidende,1910,Larvik
201975004,akershuspostenlillestroemnitten,1910,Lørenskog
200866310,kongsbergdagblad,1910,Kongsberg
200044406,agderposten,1910,Arendal
202452136,jarlsbergoglarviksamtstidende,1910,Larvik
200642880,gjengangeren,1910,Horten
202944231,aftenposten,1910,Oslo
202505700,listerogmandalsamtstidendeogadresseavis,1910,Lindesnes
202452002,jarlsbergoglarviksamtstidende,1910,Larvik
202554092,namdalensblad,1910,
202756593,romsdalstidende,1910,
202023316,bergensaftenbladbergenattenattini,1910,Bergen
200676487,grimstadadressetiden,1910,Grimstad
201276615,norgessjoefartstidende,1910,Oslo
202944905,aftenposten,1910,Oslo
201109479,mosstilskuer,1910,Moss
203153746,nordenfjeldsktidende,1910,Levanger
200311195,dagbladet,1910,Oslo
202495553,lindesnes,1910,Mandal
200928360,lillesandsposten,1910,Lillesand
202181379,farsundsavis,1910,Farsund
202479223,landmandsposten,1910,
201950799,agderposten,1910,Arendal
200562488,flekkefjordsposten,1910,
202424325,indlandsposten,1910,
202452089,jarlsbergoglarviksamtstidende,1910,Larvik
202536107,mossaftenblad,1910,
201035916,morgenbladet,1910,Oslo
202601681,nordretrondhjemsamtstidende,1910,
202060006,breviksposten,1910,Porsgrunn
201797783,trondhjemsadresseavis,1910,Trondheim
202023305,bergensaftenbladbergenattenattini,1910,Bergen
202474901,kristiansundspostenatten,1910,
202554123,namdalensblad,1910,
201152848,nedenaesamtstidende,1910,Risør
202023343,bergensaftenbladbergenattenattini,1910,Bergen
203393410,senjensbladnittennullsju,1910,
201950794,agderposten,1910,Arendal
201035325,morgenbladet,1910,Oslo
203455604,vestfoldsandefjordatten,1910,
200676428,grimstadadressetiden,1910,Grimstad
201797770,trondhjemsadresseavis,1910,Trondheim
201345532,osterdolen,1910,Tynset
201276577,norgessjoefartstidende,1910,Oslo
200866341,kongsbergdagblad,1910,Kongsberg
203020039,askerogbaerumsbudstikke,1910,Bærum
203302851,buskerudsamtstidendedrammen,1910,
202944196,aftenposten,1910,Oslo
200436797,dunderlandsdoelen,1910,Rana
204584183,Samhold (Gjøvik: 1885-1920) ,1910,Gjøvik
202579900,nordlandsfolkeblad,1910,
201833941,valdres,1910,Nord-Aurdal
203862174,oerebladet,1910,
200601693,fredriksstadtilskuer,1910,Fredrikstad
202621966,norskkundgjoerelsestidende,1910,Oslo
201316183,ofotenstidende,1910,Narvik
201797757,trondhjemsadresseavis,1910,Trondheim
201775803,tromsoeposten,1910,Tromsø
201477466,romsdalsbudstikke,1910,Molde
201152839,nedenaesamtstidende,1910,Risør
201798057,trondhjemsadresseavis,1910,Trondheim
200455101,faedrelandsvennen,1910,Kristiansand
202621866,norskkundgjoerelsestidende,1910,Oslo
202242382,fredrikshaldstilskuer,1910,Halden
202495593,lindesnes,1910,Mandal
202944550,aftenposten,1910,Oslo
201276470,norgessjoefartstidende,1910,Oslo
203165804,nordrebergenhusamtstidende,1910,Kinn
202302475,grimstadposten,1910,
200217305,bergenstidende,1910,Bergen
201798036,trondhjemsadresseavis,1910,Trondheim
201152828,nedenaesamtstidende,1910,Risør
201797957,trondhjemsadresseavis,1910,Trondheim
200044449,agderposten,1910,Arendal
202222969,folketidendetrondheimattennittien,1910,Trondheim
202424295,indlandsposten,1910,
202222888,folketidendetrondheimattennittien,1910,Trondheim
202585489,nordlandsposten,1910,Bodø
201276579,norgessjoefartstidende,1910,Oslo
200311120,dagbladet,1910,Oslo
200667888,glommendalen,1910,Kongsvinger
201276381,norgessjoefartstidende,1910,Oslo
201152876,nedenaesamtstidende,1910,Risør
203490932,fjellposten,1910,
200866262,kongsbergdagblad,1910,Kongsberg
200601700,fredriksstadtilskuer,1910,Fredrikstad
200676401,grimstadadressetiden,1910,Grimstad
200455114,faedrelandsvennen,1910,Kristiansand
200310936,dagbladet,1910,Oslo
201170416,nordkapp,1910,
203463206,vossavis,1910,
200866244,kongsbergdagblad,1910,Kongsberg
203386830,sarpen,1910,
202302469,grimstadposten,1910,
201505884,sandefjordsblad,1910,Sandefjord
202424254,indlandsposten,1910,
202621786,norskkundgjoerelsestidende,1910,Oslo
202050565,bodotidende,1910,Bodø
200217457,bergenstidende,1910,Bergen
202522334,more,1910,Volda
203488758,buskerudsblad,1910,
201671736,svelviksposten,1910,Drammen
200676457,grimstadadressetiden,1910,Grimstad
203185162,ranenstidende,1910,Hemnes
202621793,norskkundgjoerelsestidende,1910,Oslo
201152859,nedenaesamtstidende,1910,Risør
201797859,trondhjemsadresseavis,1910,Trondheim
203433304,tvedestrandogomegnsavis,1910,
202500409,listerfarsundatten,1910,
202536038,mossaftenblad,1910,
204241562,gudbrandsdalensfolkebladgjoevik,1910,
201833902,valdres,1910,Nord-Aurdal
202479192,landmandsposten,1910,
203411683,soloerposten,1910,
201152903,nedenaesamtstidende,1910,Risør
202609754,nordtroenderen,1910,
202621873,norskkundgjoerelsestidende,1910,Oslo
202222723,folketidendetrondheimattennittien,1910,Trondheim
200217334,bergenstidende,1910,Bergen
203386807,sarpen,1910,
203463154,vossavis,1910,
201560848,soendretrondhjemsamtstidende,1910,Orkdal
202944714,aftenposten,1910,Oslo
200866300,kongsbergdagblad,1910,Kongsberg
202483351,langesundsposten,1910,
201629245,stjordalensblad,1910,Stjørdal
200866202,kongsbergdagblad,1910,Kongsberg
202541183,mossavis,1910,Moss
201993148,arbeidet,1910,Bergen
201505897,sandefjordsblad,1910,Sandefjord
203125206,indtrondelagen,1910,
202474835,kristiansundspostenatten,1910,
204706276,Laagendalsposten ,1910,Kongsberg
202621942,norskkundgjoerelsestidende,1910,Oslo
204719297,Laagendalsposten ,1910,Kongsberg
204293377,vestoplaendingen,1910,
201993117,arbeidet,1910,Bergen
201975038,akershuspostenlillestroemnitten,1910,Lørenskog
202500350,listerfarsundatten,1910,
203117041,indheredsposten,1910,
201629213,stjordalensblad,1910,Stjørdal
202483354,langesundsposten,1910,
202410663,hordalandfolkeblad,1910,Kvam
201152888,nedenaesamtstidende,1910,Risør
201992926,arbeidet,1910,Bergen
200601620,fredriksstadtilskuer,1910,Fredrikstad
204241570,gudbrandsdalensfolkebladgjoevik,1910,
200027848,agder,1910,
200044456,agderposten,1910,Arendal
201941523,vortlandosloattennitti,1910,Oslo
200811224,helgelandsblad,1910,
201992947,arbeidet,1910,Bergen
201950761,agderposten,1910,Arendal
203455842,vestfoldsandefjordatten,1910,
202483334,langesundsposten,1910,
203929499,oerebladet,1910,
201600280,solungen,1910,Kongsvinger
202536096,mossaftenblad,1910,
203358831,oevresmaalenene,1910,Indre Østfold
201035870,morgenbladet,1910,Oslo
201471568,romsdalsamtstidende,1910,Kristiansund
201629269,stjordalensblad,1910,Stjørdal
200564529,foerstemai,1910,Stavanger
201572981,sogningen,1910,Sogndal
202554124,namdalensblad,1910,
202059876,breviksposten,1910,Porsgrunn
202223007,folketidendetrondheimattennittien,1910,Trondheim
201979066,akersposten,1910,Oslo
203303132,buskerudsamtstidendedrammen,1910,
202944421,aftenposten,1910,Oslo
202452060,jarlsbergoglarviksamtstidende,1910,Larvik
203168029,nordrebergenhusfolkeblad,1910,Kinn
200886074,kysten,1910,Oslo
202479152,landmandsposten,1910,
201345555,osterdolen,1910,Tynset
200866099,kongsbergdagblad,1910,Kongsberg
201573012,sogningen,1910,Sogndal
200217295,bergenstidende,1910,Bergen
204703599,Laagendalsposten ,1910,Kongsberg
202023370,bergensaftenbladbergenattenattini,1910,Bergen
202474949,kristiansundspostenatten,1910,
201035886,morgenbladet,1910,Oslo
201316171,ofotenstidende,1910,Narvik
202521457,moldeannonceblad,1910,
200217335,bergenstidende,1910,Bergen
203302977,buskerudsamtstidendedrammen,1910,
200601470,fredriksstadtilskuer,1910,Fredrikstad
203869849,aftenpostenukensnytt,1910,
203455596,vestfoldsandefjordatten,1910,
200885969,kysten,1910,Oslo
202505817,listerogmandalsamtstidendeogadresseavis,1910,Lindesnes
204561497,Hamar Stiftstidende ,1910,Hamar
200217517,bergenstidende,1910,Bergen
200455041,faedrelandsvennen,1910,Kristiansand
201276569,norgessjoefartstidende,1910,Oslo
201505962,sandefjordsblad,1910,Sandefjord
200866314,kongsbergdagblad,1910,Kongsberg
203931810,oerebladet,1910,
200928338,lillesandsposten,1910,Lillesand
200564449,foerstemai,1910,Stavanger
200436763,dunderlandsdoelen,1910,Rana
203165874,nordrebergenhusamtstidende,1910,Kinn
200886018,kysten,1910,Oslo
202424264,indlandsposten,1910,
200911529,lillehammertilskuer,1910,Lillehammer
201276465,norgessjoefartstidende,1910,Oslo
202023358,bergensaftenbladbergenattenattini,1910,Bergen
200564556,foerstemai,1910,Stavanger
201797692,trondhjemsadresseavis,1910,Trondheim
201833900,valdres,1910,Nord-Aurdal
200866302,kongsbergdagblad,1910,Kongsberg
202786822,skandinaven,1910,
200311054,dagbladet,1910,Oslo
202500273,listerfarsundatten,1910,
203518013,helgeland,1910,
200866157,kongsbergdagblad,1910,Kongsberg
203199049,stavangeraftenblad,1910,Stavanger
200311190,dagbladet,1910,Oslo
201035822,morgenbladet,1910,Oslo
200436796,dunderlandsdoelen,1910,Rana
200694112,gudbrandsdoelen,1910,Lillehammer
202554156,namdalensblad,1910,
203167979,nordrebergenhusfolkeblad,1910,Kinn
204293491,vestoplaendingen,1910,
201974998,akershuspostenlillestroemnitten,1910,Lørenskog
203020063,askerogbaerumsbudstikke,1910,Bærum
203556675,aftenpostenukensnytt,1910,
200310972,dagbladet,1910,Oslo
202579938,nordlandsfolkeblad,1910,
202944676,aftenposten,1910,Oslo
204293394,vestoplaendingen,1910,
200752851,harstadtidende,1910,Harstad
203358816,oevresmaalenene,1910,Indre Østfold
202786896,skandinaven,1910,
202505689,listerogmandalsamtstidendeogadresseavis,1910,Lindesnes
203898387,lofotposten,1910,
200311104,dagbladet,1910,Oslo
202621795,norskkundgjoerelsestidende,1910,Oslo
202242391,fredrikshaldstilskuer,1910,Halden
201217548,nordlys,1910,Tromsø
203724122,nordland,1910,
202944506,aftenposten,1910,Oslo
202410611,hordalandfolkeblad,1910,Kvam
200667879,glommendalen,1910,Kongsvinger
203168052,nordrebergenhusfolkeblad,1910,Kinn
200886214,kysten,1910,Oslo
202495558,lindesnes,1910,Mandal
201975030,akershuspostenlillestroemnitten,1910,Lørenskog
201560774,soendretrondhjemsamtstidende,1910,Orkdal
202452076,jarlsbergoglarviksamtstidende,1910,Larvik
202944641,aftenposten,1910,Oslo
204241606,gudbrandsdalensfolkebladgjoevik,1910,
202944463,aftenposten,1910,Oslo
202023437,bergensaftenbladbergenattenattini,1910,Bergen
202040809,bergensannoncetidende,1910,
203455588,vestfoldsandefjordatten,1910,
204564062,Hamar Stiftstidende ,1910,Hamar
203386844,sarpen,1910,
202239754,fredrikshaldsavis,1910,
200601629,fredriksstadtilskuer,1910,Fredrikstad
200694056,gudbrandsdoelen,1910,Lillehammer
200027842,agder,1910,
201152905,nedenaesamtstidende,1910,Risør
204241551,gudbrandsdalensfolkebladgjoevik,1910,
204281949,saltensfremtid,1910,
203433348,tvedestrandogomegnsavis,1910,
200911500,lillehammertilskuer,1910,Lillehammer
202944750,aftenposten,1910,Oslo
202479187,landmandsposten,1910,
201975092,akershuspostenlillestroemnitten,1910,Lørenskog
201556919,socialdemokraten,1910,Oslo
204699316,Laagendalsposten ,1910,Kongsberg
200911496,lillehammertilskuer,1910,Lillehammer
202556348,namdalensfolkeblad,1910,
200866264,kongsbergdagblad,1910,Kongsberg
203198910,stavangeraftenblad,1910,Stavanger
200027841,agder,1910,
200694020,gudbrandsdoelen,1910,Lillehammer
204018059,aftenpostenukensnytt,1910,
202621723,norskkundgjoerelsestidende,1910,Oslo
201471595,romsdalsamtstidende,1910,Kristiansund
204019306,nordland,1910,
200886129,kysten,1910,Oslo
200601592,fredriksstadtilskuer,1910,Fredrikstad
201833914,valdres,1910,Nord-Aurdal
200790917,hedemarkensamtstidende,1910,Hamar
202621788,norskkundgjoerelsestidende,1910,Oslo
203455619,vestfoldsandefjordatten,1910,
202554090,namdalensblad,1910,
201950775,agderposten,1910,Arendal
201452145,romerikesblad,1910,Lillestrøm
200831087,indresmaalenenesavis,1910,Indre Østfold
202479164,landmandsposten,1910,
203455749,vestfoldsandefjordatten,1910,
203117054,indheredsposten,1910,
202621859,norskkundgjoerelsestidende,1910,Oslo
203386839,sarpen,1910,
201833934,valdres,1910,Nord-Aurdal
200642852,gjengangeren,1910,Horten
200217423,bergenstidende,1910,Bergen
201993162,arbeidet,1910,Bergen
200911514,lillehammertilskuer,1910,Lillehammer
203533499,buskerudsblad,1910,
202222784,folketidendetrondheimattennittien,1910,Trondheim
202601703,nordretrondhjemsamtstidende,1910,
200752855,harstadtidende,1910,Harstad
204293441,vestoplaendingen,1910,
200311022,dagbladet,1910,Oslo
202479238,landmandsposten,1910,
203396222,skotfosavisnittennullen,1910,
200217540,bergenstidende,1910,Bergen
202944453,aftenposten,1910,Oslo
200886000,kysten,1910,Oslo
203572208,oerebladet,1910,
204293383,vestoplaendingen,1910,
202944568,aftenposten,1910,Oslo
201035903,morgenbladet,1910,Oslo
203402187,soendhordland,1910,
202239729,fredrikshaldsavis,1910,
200455043,faedrelandsvennen,1910,Kristiansand
203411639,soloerposten,1910,
201797930,trondhjemsadresseavis,1910,Trondheim
201035414,morgenbladet,1910,Oslo
201035575,morgenbladet,1910,Oslo
200866293,kongsbergdagblad,1910,Kongsberg
200358161,dagensnytt,1910,
202222973,folketidendetrondheimattennittien,1910,Trondheim
201471489,romsdalsamtstidende,1910,Kristiansund
202589619,nordlendingen,1910,
202944918,aftenposten,1910,Oslo
202621900,norskkundgjoerelsestidende,1910,Oslo
204241586,gudbrandsdalensfolkebladgjoevik,1910,
201797873,trondhjemsadresseavis,1910,Trondheim
202239750,fredrikshaldsavis,1910,
201797984,trondhjemsadresseavis,1910,Trondheim
200676402,grimstadadressetiden,1910,Grimstad
201471521,romsdalsamtstidende,1910,Kristiansund
203619549,aftenpostenukensnytt,1910,
202786901,skandinaven,1910,
200310981,dagbladet,1910,Oslo
203165830,nordrebergenhusamtstidende,1910,Kinn
202944516,aftenposten,1910,Oslo
200601689,fredriksstadtilskuer,1910,Fredrikstad
203455641,vestfoldsandefjordatten,1910,
203302916,buskerudsamtstidendedrammen,1910,
200601596,fredriksstadtilskuer,1910,Fredrikstad
202554089,namdalensblad,1910,
202944467,aftenposten,1910,Oslo
202944216,aftenposten,1910,Oslo
202222947,folketidendetrondheimattennittien,1910,Trondheim
201345529,osterdolen,1910,Tynset
203167977,nordrebergenhusfolkeblad,1910,Kinn
203386767,sarpen,1910,
202181395,farsundsavis,1910,Farsund
203396230,skotfosavisnittennullen,1910,
204500788,Hamar Stiftstidende ,1910,Hamar
202944197,aftenposten,1910,Oslo
203940802,lofotposten,1910,
202541208,mossavis,1910,Moss
202159031,egersundsposten,1910,Eigersund
202452019,jarlsbergoglarviksamtstidende,1910,Larvik
203402157,soendhordland,1910,
204621831,Samhold (Gjøvik: 1885-1920) ,1910,Gjøvik
201797973,trondhjemsadresseavis,1910,Trondheim
201797881,trondhjemsadresseavis,1910,Trondheim
202944672,aftenposten,1910,Oslo
201276575,norgessjoefartstidende,1910,Oslo
203198782,stavangeraftenblad,1910,Stavanger
200525807,finnmarksposten,1910,Nordkapp
200253739,bratsbergdemokraten,1910,Skien
200667858,glommendalen,1910,Kongsvinger
203484094,helgeland,1910,
201950797,agderposten,1910,Arendal
204594669,Samhold (Gjøvik: 1885-1920) ,1910,Gjøvik
200311153,dagbladet,1910,Oslo
200667759,glommendalen,1910,Kongsvinger
201309840,oeieren,1910,
202505694,listerogmandalsamtstidendeogadresseavis,1910,Lindesnes
200601665,fredriksstadtilskuer,1910,Fredrikstad
203153817,nordenfjeldsktidende,1910,Levanger
200790910,hedemarkensamtstidende,1910,Hamar
202040844,bergensannoncetidende,1910,
201276327,norgessjoefartstidende,1910,Oslo
202786895,skandinaven,1910,
200217441,bergenstidende,1910,Bergen
200623870,fremtiden,1910,Drammen
200311070,dagbladet,1910,Oslo
203627740,salten,1910,
200790935,hedemarkensamtstidende,1910,Hamar
204358837,Bergensposten Fram (Bergen 1892-1893) ,1910,Bergen
202609778,nordtroenderen,1910,
204613277,Samhold (Gjøvik: 1885-1920) ,1910,Gjøvik
203198996,stavangeraftenblad,1910,Stavanger
201798002,trondhjemsadresseavis,1910,Trondheim
203430354,tunsbergeren,1910,
201471481,romsdalsamtstidende,1910,Kristiansund
201556903,socialdemokraten,1910,Oslo
204293400,vestoplaendingen,1910,
201035798,morgenbladet,1910,Oslo
202023338,bergensaftenbladbergenattenattini,1910,Bergen
202521388,moldeannonceblad,1910,
203125265,indtrondelagen,1910,
202302433,grimstadposten,1910,
202239812,fredrikshaldsavis,1910,
202302428,grimstadposten,1910,
202452119,jarlsbergoglarviksamtstidende,1910,Larvik
201817136,tvedestrandsposten,1910,Tvedestrand
202242346,fredrikshaldstilskuer,1910,Halden
203411638,soloerposten,1910,
202556354,namdalensfolkeblad,1910,
203303124,buskerudsamtstidendedrammen,1910,
201556929,socialdemokraten,1910,Oslo
202601751,nordretrondhjemsamtstidende,1910,
203430364,tunsbergeren,1910,
203455831,vestfoldsandefjordatten,1910,
201798075,trondhjemsadresseavis,1910,Trondheim
203609923,nordland,1910,
200525831,finnmarksposten,1910,Nordkapp
202040935,bergensannoncetidende,1910,
200044474,agderposten,1910,Arendal
201345545,osterdolen,1910,Tynset
201109354,mosstilskuer,1910,Moss
202944846,aftenposten,1910,Oslo
200831061,indresmaalenenesavis,1910,Indre Østfold
202410642,hordalandfolkeblad,1910,Kvam
204523112,Samhold (Gjøvik: 1885-1920) ,1910,Gjøvik
200811238,helgelandsblad,1910,
200911588,lillehammertilskuer,1910,Lillehammer
203153772,nordenfjeldsktidende,1910,Levanger
200885934,kysten,1910,Oslo
202452145,jarlsbergoglarviksamtstidende,1910,Larvik
202474805,kristiansundspostenatten,1910,
202495598,lindesnes,1910,Mandal
202944738,aftenposten,1910,Oslo
203358813,oevresmaalenene,1910,Indre Østfold
200311047,dagbladet,1910,Oslo
203455753,vestfoldsandefjordatten,1910,
202059972,breviksposten,1910,Porsgrunn
200642891,gjengangeren,1910,Horten
201572941,sogningen,1910,Sogndal
200623895,fremtiden,1910,Drammen
203302931,buskerudsamtstidendedrammen,1910,
201797952,trondhjemsadresseavis,1910,Trondheim
203411610,soloerposten,1910,
201993060,arbeidet,1910,Bergen
200358226,dagensnytt,1910,
202023308,bergensaftenbladbergenattenattini,1910,Bergen
202944776,aftenposten,1910,Oslo
202187109,finmarken,1910,Vardø
200311083,dagbladet,1910,Oslo
201035922,morgenbladet,1910,Oslo
203117056,indheredsposten,1910,
203455846,vestfoldsandefjordatten,1910,
202158992,egersundsposten,1910,Eigersund
200886015,kysten,1910,Oslo
202012915,baerumogaskersblad,1910,
204293494,vestoplaendingen,1910,
202944743,aftenposten,1910,Oslo
203463191,vossavis,1910,
202585510,nordlandsposten,1910,Bodø
203393423,senjensbladnittennullsju,1910,
202222734,folketidendetrondheimattennittien,1910,Trondheim
203430457,tunsbergeren,1910,
201950784,agderposten,1910,Arendal
200667851,glommendalen,1910,Kongsvinger
201276438,norgessjoefartstidende,1910,Oslo
200601632,fredriksstadtilskuer,1910,Fredrikstad
201573009,sogningen,1910,Sogndal
202541146,mossavis,1910,Moss
202057337,breidablik,1910,
203411584,soloerposten,1910,
201556984,socialdemokraten,1910,Oslo
203698286,oerebladet,1910,
203125239,indtrondelagen,1910,
202579946,nordlandsfolkeblad,1910,
202585509,nordlandsposten,1910,Bodø
200811147,helgelandsblad,1910,
203393450,senjensbladnittennullsju,1910,
200642807,gjengangeren,1910,Horten
201967645,akershus,1910,Lillestrøm
202505784,listerogmandalsamtstidendeogadresseavis,1910,Lindesnes
201035752,morgenbladet,1910,Oslo
200454965,faedrelandsvennen,1910,Kristiansand
201035761,morgenbladet,1910,Oslo
202944861,aftenposten,1910,Oslo
200217588,bergenstidende,1910,Bergen
200562508,flekkefjordsposten,1910,
201797729,trondhjemsadresseavis,1910,Trondheim
203795909,buskerudsblad,1910,
203303104,buskerudsamtstidendedrammen,1910,
201629242,stjordalensblad,1910,Stjørdal
202187140,finmarken,1910,Vardø
202944234,aftenposten,1910,Oslo
201035448,morgenbladet,1910,Oslo
203198944,stavangeraftenblad,1910,Stavanger
200217573,bergenstidende,1910,Bergen
200886075,kysten,1910,Oslo
200811163,helgelandsblad,1910,
201477495,romsdalsbudstikke,1910,Molde
202483294,langesundsposten,1910,
203622302,oerebladet,1910,
202410671,hordalandfolkeblad,1910,Kvam
202790705,soendmoerefolkeblad,1910,
200562470,flekkefjordsposten,1910,
201775777,tromsoeposten,1910,Tromsø
200564568,foerstemai,1910,Stavanger
200911510,lillehammertilskuer,1910,Lillehammer
200027854,agder,1910,
202505811,listerogmandalsamtstidendeogadresseavis,1910,Lindesnes
200642901,gjengangeren,1910,Horten
202541087,mossavis,1910,Moss
203844863,oerebladet,1910,
200811146,helgelandsblad,1910,
202452055,jarlsbergoglarviksamtstidende,1910,Larvik
202452077,jarlsbergoglarviksamtstidende,1910,Larvik
202424202,indlandsposten,1910,
203125132,indtrondelagen,1910,
201035725,morgenbladet,1910,Oslo
200564478,foerstemai,1910,Stavanger
203153743,nordenfjeldsktidende,1910,Levanger
203455573,vestfoldsandefjordatten,1910,
201797799,trondhjemsadresseavis,1910,Trondheim
201316172,ofotenstidende,1910,Narvik
204241622,gudbrandsdalensfolkebladgjoevik,1910,
200752902,harstadtidende,1910,Harstad
201833987,valdres,1910,Nord-Aurdal
200253726,bratsbergdemokraten,1910,Skien
200623919,fremtiden,1910,Drammen
202944182,aftenposten,1910,Oslo
203430396,tunsbergeren,1910,
201316147,ofotenstidende,1910,Narvik
204722245,Laagendalsposten ,1910,Kongsberg
202642261,oplandenesavis,1910,Hamar
201775795,tromsoeposten,1910,Tromsø
201276469,norgessjoefartstidende,1910,Oslo
201109418,mosstilskuer,1910,Moss
200562468,flekkefjordsposten,1910,
201572977,sogningen,1910,Sogndal
202495496,lindesnes,1910,Mandal
202609824,nordtroenderen,1910,
202222803,folketidendetrondheimattennittien,1910,Trondheim
201775778,tromsoeposten,1910,Tromsø
202554153,namdalensblad,1910,
201316124,ofotenstidende,1910,Narvik
203411553,soloerposten,1910,
200885954,kysten,1910,Oslo
201276544,norgessjoefartstidende,1910,Oslo
204293478,vestoplaendingen,1910,
200811211,helgelandsblad,1910,
203411567,soloerposten,1910,
201217618,nordlys,1910,Tromsø
201477508,romsdalsbudstikke,1910,Molde
200694025,gudbrandsdoelen,1910,Lillehammer
201600310,solungen,1910,Kongsvinger
203641328,oerebladet,1910,
200253740,bratsbergdemokraten,1910,Skien
202556315,namdalensfolkeblad,1910,
200310966,dagbladet,1910,Oslo
202023296,bergensaftenbladbergenattenattini,1910,Bergen
201217625,nordlys,1910,Tromsø
203165859,nordrebergenhusamtstidende,1910,Kinn
203591652,nordland,1910,
204044382,aftenpostenukensnytt,1910,
202060021,breviksposten,1910,Porsgrunn
200866193,kongsbergdagblad,1910,Kongsberg
200601533,fredriksstadtilskuer,1910,Fredrikstad
201035868,morgenbladet,1910,Oslo
200911542,lillehammertilskuer,1910,Lillehammer
204715155,Laagendalsposten ,1910,Kongsberg
201035421,morgenbladet,1910,Oslo
202500371,listerfarsundatten,1910,
204731977,Laagendalsposten ,1910,Kongsberg
203504244,buskerudsblad,1910,
203302860,buskerudsamtstidendedrammen,1910,
203463197,vossavis,1910,
200525840,finnmarksposten,1910,Nordkapp
203430461,tunsbergeren,1910,
201276450,norgessjoefartstidende,1910,Oslo
200564535,foerstemai,1910,Stavanger
202495575,lindesnes,1910,Mandal
200027872,agder,1910,
203386902,sarpen,1910,
204042232,warensardne,1910,
202040760,bergensannoncetidende,1910,
202609836,nordtroenderen,1910,
201505902,sandefjordsblad,1910,Sandefjord
203198759,stavangeraftenblad,1910,Stavanger
201817082,tvedestrandsposten,1910,Tvedestrand
200831141,indresmaalenenesavis,1910,Indre Østfold
201035651,morgenbladet,1910,Oslo
203463227,vossavis,1910,
202410641,hordalandfolkeblad,1910,Kvam
201557021,socialdemokraten,1910,Oslo
201775792,tromsoeposten,1910,Tromsø
203455693,vestfoldsandefjordatten,1910,
200601536,fredriksstadtilskuer,1910,Fredrikstad
201557023,socialdemokraten,1910,Oslo
200601585,fredriksstadtilskuer,1910,Fredrikstad
203358826,oevresmaalenene,1910,Indre Østfold
201471582,romsdalsamtstidende,1910,Kristiansund
204381233,Samhold (Gjøvik: 1885-1920) ,1910,Gjøvik
200601548,fredriksstadtilskuer,1910,Fredrikstad
201992935,arbeidet,1910,Bergen
201950837,agderposten,1910,Arendal
202944194,aftenposten,1910,Oslo
200217357,bergenstidende,1910,Bergen
200831036,indresmaalenenesavis,1910,Indre Østfold
200623993,fremtiden,1910,Drammen
203455646,vestfoldsandefjordatten,1910,
201316085,ofotenstidende,1910,Narvik
200790846,hedemarkensamtstidende,1910,Hamar
201556962,socialdemokraten,1910,Oslo
204241619,gudbrandsdalensfolkebladgjoevik,1910,
203118893,indherred,1910,Steinkjer
200564467,foerstemai,1910,Stavanger
203386838,sarpen,1910,
200601641,fredriksstadtilskuer,1910,Fredrikstad
202621763,norskkundgjoerelsestidende,1910,Oslo
200564573,foerstemai,1910,Stavanger
202239761,fredrikshaldsavis,1910,
202050583,bodotidende,1910,Bodø
200790951,hedemarkensamtstidende,1910,Hamar
202222962,folketidendetrondheimattennittien,1910,Trondheim
202059889,breviksposten,1910,Porsgrunn
201035905,morgenbladet,1910,Oslo
202452052,jarlsbergoglarviksamtstidende,1910,Larvik
201833883,valdres,1910,Nord-Aurdal
201217588,nordlys,1910,Tromsø
201556836,socialdemokraten,1910,Oslo
202521393,moldeannonceblad,1910,
202500328,listerfarsundatten,1910,
203117049,indheredsposten,1910,
203302877,buskerudsamtstidendedrammen,1910,
201170467,nordkapp,1910,
200310836,dagbladet,1910,Oslo
203617017,oerebladet,1910,
202642270,oplandenesavis,1910,Hamar
200790944,hedemarkensamtstidende,1910,Hamar
201556842,socialdemokraten,1910,Oslo
202187142,finmarken,1910,Vardø
202522336,more,1910,Volda
201345554,osterdolen,1910,Tynset
201276427,norgessjoefartstidende,1910,Oslo
200911583,lillehammertilskuer,1910,Lillehammer
201316161,ofotenstidende,1910,Narvik
200886142,kysten,1910,Oslo
200253848,bratsbergdemokraten,1910,Skien
203125225,indtrondelagen,1910,
200454925,faedrelandsvennen,1910,Kristiansand
202621784,norskkundgjoerelsestidende,1910,Oslo
202621797,norskkundgjoerelsestidende,1910,Oslo
201979040,akersposten,1910,Oslo
202452038,jarlsbergoglarviksamtstidende,1910,Larvik
202452151,jarlsbergoglarviksamtstidende,1910,Larvik
203117104,indheredsposten,1910,
201775830,tromsoeposten,1910,Tromsø
201035616,morgenbladet,1910,Oslo
203663087,buskerudsblad,1910,
203411635,soloerposten,1910,
203117117,indheredsposten,1910,
201797792,trondhjemsadresseavis,1910,Trondheim
200790928,hedemarkensamtstidende,1910,Hamar
201316155,ofotenstidende,1910,Narvik
202040921,bergensannoncetidende,1910,
201797965,trondhjemsadresseavis,1910,Trondheim
203904346,salten,1910,
203402156,soendhordland,1910,
200454970,faedrelandsvennen,1910,Kristiansand
200044490,agderposten,1910,Arendal
203603994,oerebladet,1910,
201797954,trondhjemsadresseavis,1910,Trondheim
201152871,nedenaesamtstidende,1910,Risør
203303100,buskerudsamtstidendedrammen,1910,
201560873,soendretrondhjemsamtstidende,1910,Orkdal
203386890,sarpen,1910,
200642945,gjengangeren,1910,Horten
200790891,hedemarkensamtstidende,1910,Hamar
200642865,gjengangeren,1910,Horten
204683243,Samhold (Gjøvik: 1885-1920) ,1910,Gjøvik
201109362,mosstilskuer,1910,Moss
203198898,stavangeraftenblad,1910,Stavanger
202944953,aftenposten,1910,Oslo
202040790,bergensannoncetidende,1910,
201534668,selbyggen,1910,Selbu
201979103,akersposten,1910,Oslo
202302445,grimstadposten,1910,
200928363,lillesandsposten,1910,Lillesand
201797798,trondhjemsadresseavis,1910,Trondheim
204241585,gudbrandsdalensfolkebladgjoevik,1910,
203302994,buskerudsamtstidendedrammen,1910,
203303120,buskerudsamtstidendedrammen,1910,
201452131,romerikesblad,1910,Lillestrøm
201505909,sandefjordsblad,1910,Sandefjord
202479112,landmandsposten,1910,
202790701,soendmoerefolkeblad,1910,
201109461,mosstilskuer,1910,Moss
200602361,fremover,1910,Narvik
203393430,senjensbladnittennullsju,1910,
202601713,nordretrondhjemsamtstidende,1910,
200601621,fredriksstadtilskuer,1910,Fredrikstad
200455029,faedrelandsvennen,1910,Kristiansand
202554163,namdalensblad,1910,
200866265,kongsbergdagblad,1910,Kongsberg
201035676,morgenbladet,1910,Oslo
201833861,valdres,1910,Nord-Aurdal
202040841,bergensannoncetidende,1910,
201975118,akershuspostenlillestroemnitten,1910,Lørenskog
202521375,moldeannonceblad,1910,
202239810,fredrikshaldsavis,1910,
202500321,listerfarsundatten,1910,
202554206,namdalensblad,1910,
203198894,stavangeraftenblad,1910,Stavanger
201471520,romsdalsamtstidende,1910,Kristiansund
203856650,lofotposten,1910,
202944576,aftenposten,1910,Oslo
203302939,buskerudsamtstidendedrammen,1910,
202222986,folketidendetrondheimattennittien,1910,Trondheim
202057344,breidablik,1910,
202495533,lindesnes,1910,Mandal
200752880,harstadtidende,1910,Harstad
203636033,nordland,1910,
201035862,morgenbladet,1910,Oslo
200044397,agderposten,1910,Arendal
201471503,romsdalsamtstidende,1910,Kristiansund
203803914,oerebladet,1910,
200311187,dagbladet,1910,Oslo
202452168,jarlsbergoglarviksamtstidende,1910,Larvik
200311044,dagbladet,1910,Oslo
202790711,soendmoerefolkeblad,1910,
200358183,dagensnytt,1910,
200454943,faedrelandsvennen,1910,Kristiansand
201950735,agderposten,1910,Arendal
200455112,faedrelandsvennen,1910,Kristiansand
201797918,trondhjemsadresseavis,1910,Trondheim
200311147,dagbladet,1910,Oslo
202568261,nordfjord,1910,
203893571,oerebladet,1910,
201993122,arbeidet,1910,Bergen
201035382,morgenbladet,1910,Oslo
201170380,nordkapp,1910,
202023240,bergensaftenbladbergenattenattini,1910,Bergen
204319035,gjoviksbladattenattifire,1910,
202944510,aftenposten,1910,Oslo
201573008,sogningen,1910,Sogndal
201629220,stjordalensblad,1910,Stjørdal
200602373,fremover,1910,Narvik
203185160,ranenstidende,1910,Hemnes
203303139,buskerudsamtstidendedrammen,1910,
202786899,skandinaven,1910,
201560823,soendretrondhjemsamtstidende,1910,Orkdal
201316169,ofotenstidende,1910,Narvik
200027800,agder,1910,
202059875,breviksposten,1910,Porsgrunn
203402182,soendhordland,1910,
202181441,farsundsavis,1910,Farsund
201797885,trondhjemsadresseavis,1910,Trondheim
201967695,akershus,1910,Lillestrøm
201950764,agderposten,1910,Arendal
203430338,tunsbergeren,1910,
202579971,nordlandsfolkeblad,1910,
201345521,osterdolen,1910,Tynset
200525799,finnmarksposten,1910,Nordkapp
203455587,vestfoldsandefjordatten,1910,
200752822,harstadtidende,1910,Harstad
201798095,trondhjemsadresseavis,1910,Trondheim
200601538,fredriksstadtilskuer,1910,Fredrikstad
200027808,agder,1910,
200358269,dagensnytt,1910,
202495554,lindesnes,1910,Mandal
201600192,solungen,1910,Kongsvinger
203198989,stavangeraftenblad,1910,Stavanger
203198821,stavangeraftenblad,1910,Stavanger
201163485,nordisktidende,1910,
202410660,hordalandfolkeblad,1910,Kvam
202790758,soendmoerefolkeblad,1910,
201967634,akershus,1910,Lillestrøm
200866378,kongsbergdagblad,1910,Kongsberg
201276463,norgessjoefartstidende,1910,Oslo
202187076,finmarken,1910,Vardø
200311125,dagbladet,1910,Oslo
203199041,stavangeraftenblad,1910,Stavanger
203455754,vestfoldsandefjordatten,1910,
200217442,bergenstidende,1910,Bergen
203402198,soendhordland,1910,
203020034,askerogbaerumsbudstikke,1910,Bærum
200667823,glommendalen,1910,Kongsvinger
201035760,morgenbladet,1910,Oslo
202621950,norskkundgjoerelsestidende,1910,Oslo
200911544,lillehammertilskuer,1910,Lillehammer
201560812,soendretrondhjemsamtstidende,1910,Orkdal
200885941,kysten,1910,Oslo
200310826,dagbladet,1910,Oslo
202023322,bergensaftenbladbergenattenattini,1910,Bergen
203430400,tunsbergeren,1910,
204394638,Bergensposten Fram (Bergen 1892-1893) ,1910,Bergen
200676397,grimstadadressetiden,1910,Grimstad
202642153,oplandenesavis,1910,Hamar
200886035,kysten,1910,Oslo
201950733,agderposten,1910,Arendal
203358837,oevresmaalenene,1910,Indre Østfold
203117068,indheredsposten,1910,
202474801,kristiansundspostenatten,1910,
201975014,akershuspostenlillestroemnitten,1910,Lørenskog
202040846,bergensannoncetidende,1910,
202239816,fredrikshaldsavis,1910,
201797982,trondhjemsadresseavis,1910,Trondheim
202505691,listerogmandalsamtstidendeogadresseavis,1910,Lindesnes
203165835,nordrebergenhusamtstidende,1910,Kinn
201967717,akershus,1910,Lillestrøm
200217333,bergenstidende,1910,Bergen
200601518,fredriksstadtilskuer,1910,Fredrikstad
201035722,morgenbladet,1910,Oslo
200027835,agder,1910,
201309878,oeieren,1910,
202505746,listerogmandalsamtstidendeogadresseavis,1910,Lindesnes
202187054,finmarken,1910,Vardø
200602363,fremover,1910,Narvik
203549661,salten,1910,
200623873,fremtiden,1910,Drammen
201560843,soendretrondhjemsamtstidende,1910,Orkdal
200253822,bratsbergdemokraten,1910,Skien
202424224,indlandsposten,1910,
200866259,kongsbergdagblad,1910,Kongsberg
200642849,gjengangeren,1910,Horten
202556312,namdalensfolkeblad,1910,
201152906,nedenaesamtstidende,1910,Risør
202302521,grimstadposten,1910,
200831052,indresmaalenenesavis,1910,Indre Østfold
202187119,finmarken,1910,Vardø
201797979,trondhjemsadresseavis,1910,Trondheim
201109338,mosstilskuer,1910,Moss
200831047,indresmaalenenesavis,1910,Indre Østfold
203463149,vossavis,1910,
202474807,kristiansundspostenatten,1910,
201556837,socialdemokraten,1910,Oslo
202023271,bergensaftenbladbergenattenattini,1910,Bergen
202023389,bergensaftenbladbergenattenattini,1910,Bergen
202505804,listerogmandalsamtstidendeogadresseavis,1910,Lindesnes
203560776,helgeland,1910,
202505786,listerogmandalsamtstidendeogadresseavis,1910,Lindesnes
201452094,romerikesblad,1910,Lillestrøm
200911527,lillehammertilskuer,1910,Lillehammer
203430375,tunsbergeren,1910,
201797771,trondhjemsadresseavis,1910,Trondheim
203642340,buskerudsblad,1910,
200601664,fredriksstadtilskuer,1910,Fredrikstad
201797928,trondhjemsadresseavis,1910,Trondheim
202012876,baerumogaskersblad,1910,
201477547,romsdalsbudstikke,1910,Molde
203402174,soendhordland,1910,
203809972,aftenpostenukensnytt,1910,
201950850,agderposten,1910,Arendal
201471507,romsdalsamtstidende,1910,Kristiansund
203396213,skotfosavisnittennullen,1910,
204419790,unglyden ,1910,Voss
201035899,morgenbladet,1910,Oslo
200044412,agderposten,1910,Arendal
201600181,solungen,1910,Kongsvinger
200562590,flekkefjordsposten,1910,
203659438,nordland,1910,
201345540,osterdolen,1910,Tynset
202059897,breviksposten,1910,Porsgrunn
204741304,Laagendalsposten ,1910,Kongsberg
203961620,lofotposten,1910,
200253798,bratsbergdemokraten,1910,Skien
200253828,bratsbergdemokraten,1910,Skien
202040876,bergensannoncetidende,1910,
200623979,fremtiden,1910,Drammen
203906087,fjellposten,1910,
202479202,landmandsposten,1910,
200866219,kongsbergdagblad,1910,Kongsberg
202222849,folketidendetrondheimattennittien,1910,Trondheim
200911611,lillehammertilskuer,1910,Lillehammer
204151328,fjordenestidende,1910,
201797780,trondhjemsadresseavis,1910,Trondheim
202181421,farsundsavis,1910,Farsund
202158937,egersundsposten,1910,Eigersund
203393459,senjensbladnittennullsju,1910,
202222744,folketidendetrondheimattennittien,1910,Trondheim
200831147,indresmaalenenesavis,1910,Indre Østfold
200217476,bergenstidende,1910,Bergen
200601496,fredriksstadtilskuer,1910,Fredrikstad
200694107,gudbrandsdoelen,1910,Lillehammer
201035708,morgenbladet,1910,Oslo
202222919,folketidendetrondheimattennittien,1910,Trondheim
203117071,indheredsposten,1910,
202944606,aftenposten,1910,Oslo
202483368,langesundsposten,1910,
200454959,faedrelandsvennen,1910,Kristiansand
200217665,bergenstidende,1910,Bergen
203302989,buskerudsamtstidendedrammen,1910,
201797810,trondhjemsadresseavis,1910,Trondheim
202589634,nordlendingen,1910,
203386837,sarpen,1910,
200027859,agder,1910,
203020044,askerogbaerumsbudstikke,1910,Bærum
201671754,svelviksposten,1910,Drammen
200217617,bergenstidende,1910,Bergen
201309812,oeieren,1910,
202222883,folketidendetrondheimattennittien,1910,Trondheim
202410720,hordalandfolkeblad,1910,Kvam
202474925,kristiansundspostenatten,1910,
200885966,kysten,1910,Oslo
202181418,farsundsavis,1910,Farsund
202023281,bergensaftenbladbergenattenattini,1910,Bergen
202756631,romsdalstidende,1910,
202556310,namdalensfolkeblad,1910,
202239821,fredrikshaldsavis,1910,
202541168,mossavis,1910,Moss
200564452,foerstemai,1910,Stavanger
201471516,romsdalsamtstidende,1910,Kristiansund
202521460,moldeannonceblad,1910,
202040709,bergensannoncetidende,1910,
200886086,kysten,1910,Oslo
201992971,arbeidet,1910,Bergen
203430436,tunsbergeren,1910,
201170367,nordkapp,1910,
200525815,finnmarksposten,1910,Nordkapp
201797854,trondhjemsadresseavis,1910,Trondheim
202181381,farsundsavis,1910,Farsund
202568267,nordfjord,1910,
202756626,romsdalstidende,1910,
200790906,hedemarkensamtstidende,1910,Hamar
202483285,langesundsposten,1910,
203551883,narviktidende,1910,
202500412,listerfarsundatten,1910,
201505885,sandefjordsblad,1910,Sandefjord
200752885,harstadtidende,1910,Harstad
202786806,skandinaven,1910,
200676399,grimstadadressetiden,1910,Grimstad
203607264,aftenpostenukensnytt,1910,
201833959,valdres,1910,Nord-Aurdal
200525877,finnmarksposten,1910,Nordkapp
200601526,fredriksstadtilskuer,1910,Fredrikstad
200253713,bratsbergdemokraten,1910,Skien
203901933,buskerudsblad,1910,
201797718,trondhjemsadresseavis,1910,Trondheim
200928370,lillesandsposten,1910,Lillesand
201471474,romsdalsamtstidende,1910,Kristiansund
201797945,trondhjemsadresseavis,1910,Trondheim
203905698,oerebladet,1910,
202621712,norskkundgjoerelsestidende,1910,Oslo
203386780,sarpen,1910,
202187085,finmarken,1910,Vardø
201556958,socialdemokraten,1910,Oslo
203589120,lofotposten,1910,
203165831,nordrebergenhusamtstidende,1910,Kinn
200866368,kongsbergdagblad,1910,Kongsberg
201505969,sandefjordsblad,1910,Sandefjord
201573019,sogningen,1910,Sogndal
201967698,akershus,1910,Lillestrøm
200831083,indresmaalenenesavis,1910,Indre Østfold
200562460,flekkefjordsposten,1910,
202786813,skandinaven,1910,
202410620,hordalandfolkeblad,1910,Kvam
201817112,tvedestrandsposten,1910,Tvedestrand
201109343,mosstilskuer,1910,Moss
201993078,arbeidet,1910,Bergen
201345478,osterdolen,1910,Tynset
200831132,indresmaalenenesavis,1910,Indre Østfold
201471453,romsdalsamtstidende,1910,Kristiansund
202756599,romsdalstidende,1910,
200217301,bergenstidende,1910,Bergen
200642866,gjengangeren,1910,Horten
200642940,gjengangeren,1910,Horten
201035574,morgenbladet,1910,Oslo
201035827,morgenbladet,1910,Oslo
201217629,nordlys,1910,Tromsø
201797699,trondhjemsadresseavis,1910,Trondheim
200217309,bergenstidende,1910,Bergen
200217519,bergenstidende,1910,Bergen
201217613,nordlys,1910,Tromsø
202585469,nordlandsposten,1910,Bodø
200454874,faedrelandsvennen,1910,Kristiansand
201560794,soendretrondhjemsamtstidende,1910,Orkdal
202023440,bergensaftenbladbergenattenattini,1910,Bergen
203396228,skotfosavisnittennullen,1910,
201035802,morgenbladet,1910,Oslo
201941525,vortlandosloattennitti,1910,Oslo
202944541,aftenposten,1910,Oslo
202505703,listerogmandalsamtstidendeogadresseavis,1910,Lindesnes
201560844,soendretrondhjemsamtstidende,1910,Orkdal
200454937,faedrelandsvennen,1910,Kristiansand
200694043,gudbrandsdoelen,1910,Lillehammer
202609801,nordtroenderen,1910,
200911610,lillehammertilskuer,1910,Lillehammer
202944388,aftenposten,1910,Oslo
201950817,agderposten,1910,Arendal
202621930,norskkundgjoerelsestidende,1910,Oslo
203165826,nordrebergenhusamtstidende,1910,Kinn
202424236,indlandsposten,1910,
200831022,indresmaalenenesavis,1910,Indre Østfold
204241499,gudbrandsdalensfolkebladgjoevik,1910,
201950745,agderposten,1910,Arendal
203125144,indtrondelagen,1910,
202554171,namdalensblad,1910,
202242347,fredrikshaldstilskuer,1910,Halden
203411580,soloerposten,1910,
200044370,agderposten,1910,Arendal
202790772,soendmoerefolkeblad,1910,
200455008,faedrelandsvennen,1910,Kristiansand
200601537,fredriksstadtilskuer,1910,Fredrikstad
204293382,vestoplaendingen,1910,
200811194,helgelandsblad,1910,
202621685,norskkundgjoerelsestidende,1910,Oslo
201035665,morgenbladet,1910,Oslo
201345575,osterdolen,1910,Tynset
200601539,fredriksstadtilskuer,1910,Fredrikstad
202159020,egersundsposten,1910,Eigersund
204509387,Samhold (Gjøvik: 1885-1920) ,1910,Gjøvik
201109460,mosstilskuer,1910,Moss
204318987,gjoviksbladattenattifire,1910,
203411671,soloerposten,1910,
200831074,indresmaalenenesavis,1910,Indre Østfold
202222845,folketidendetrondheimattennittien,1910,Trondheim
201993001,arbeidet,1910,Bergen
201992864,arbeidet,1910,Bergen
200217590,bergenstidende,1910,Bergen
202621743,norskkundgjoerelsestidende,1910,Oslo
200752867,harstadtidende,1910,Harstad
200044446,agderposten,1910,Arendal
203165882,nordrebergenhusamtstidende,1910,Kinn
202621955,norskkundgjoerelsestidende,1910,Oslo
201276620,norgessjoefartstidende,1910,Oslo
203386885,sarpen,1910,
200044447,agderposten,1910,Arendal
202601727,nordretrondhjemsamtstidende,1910,
202790721,soendmoerefolkeblad,1910,
202944240,aftenposten,1910,Oslo
201781556,tromsoestiftstidende,1910,Tromsø
202023446,bergensaftenbladbergenattenattini,1910,Bergen
202410624,hordalandfolkeblad,1910,Kvam
203555479,buskerudsblad,1910,
201950744,agderposten,1910,Arendal
202536095,mossaftenblad,1910,
201817072,tvedestrandsposten,1910,Tvedestrand
202222862,folketidendetrondheimattennittien,1910,Trondheim
202424203,indlandsposten,1910,
200602354,fremover,1910,Narvik
200358266,dagensnytt,1910,
203165881,nordrebergenhusamtstidende,1910,Kinn
200790922,hedemarkensamtstidende,1910,Hamar
203125185,indtrondelagen,1910,
202554182,namdalensblad,1910,
202012908,baerumogaskersblad,1910,
203302975,buskerudsamtstidendedrammen,1910,
201600292,solungen,1910,Kongsvinger
202585517,nordlandsposten,1910,Bodø
202059942,breviksposten,1910,Porsgrunn
202452014,jarlsbergoglarviksamtstidende,1910,Larvik
202944849,aftenposten,1910,Oslo
202505822,listerogmandalsamtstidendeogadresseavis,1910,Lindesnes
202452044,jarlsbergoglarviksamtstidende,1910,Larvik
201950748,agderposten,1910,Arendal
203499953,aftenpostenukensnytt,1910,
202452081,jarlsbergoglarviksamtstidende,1910,Larvik
202187079,finmarken,1910,Vardø
202474897,kristiansundspostenatten,1910,
201109358,mosstilskuer,1910,Moss
202479115,landmandsposten,1910,
201775735,tromsoeposten,1910,Tromsø
203463177,vossavis,1910,
200752809,harstadtidende,1910,Harstad
201309844,oeieren,1910,
204241577,gudbrandsdalensfolkebladgjoevik,1910,
202944399,aftenposten,1910,Oslo
203393451,senjensbladnittennullsju,1910,
202944228,aftenposten,1910,Oslo
201035289,morgenbladet,1910,Oslo
204437789,Bergensposten Fram (Bergen 1892-1893) ,1910,Bergen
202181447,farsundsavis,1910,Farsund
202642228,oplandenesavis,1910,Hamar
202050539,bodotidende,1910,Bodø
201556976,socialdemokraten,1910,Oslo
202023488,bergensaftenbladbergenattenattini,1910,Bergen
203855419,nordland,1910,
200253709,bratsbergdemokraten,1910,Skien
203402169,soendhordland,1910,
203463137,vossavis,1910,
203302976,buskerudsamtstidendedrammen,1910,
203455658,vestfoldsandefjordatten,1910,
200866273,kongsbergdagblad,1910,Kongsberg
200911493,lillehammertilskuer,1910,Lillehammer
201035594,morgenbladet,1910,Oslo
204293435,vestoplaendingen,1910,
202556299,namdalensfolkeblad,1910,
203358876,oevresmaalenene,1910,Indre Østfold
201035537,morgenbladet,1910,Oslo
202642230,oplandenesavis,1910,Hamar
203198979,stavangeraftenblad,1910,Stavanger
201276486,norgessjoefartstidende,1910,Oslo
201276383,norgessjoefartstidende,1910,Oslo
203302853,buskerudsamtstidendedrammen,1910,
201817130,tvedestrandsposten,1910,Tvedestrand
200601727,fredriksstadtilskuer,1910,Fredrikstad
201573018,sogningen,1910,Sogndal
202410607,hordalandfolkeblad,1910,Kvam
200866125,kongsbergdagblad,1910,Kongsberg
202410629,hordalandfolkeblad,1910,Kvam
204674553,Samhold (Gjøvik: 1885-1920) ,1910,Gjøvik
201035620,morgenbladet,1910,Oslo
204151355,fjordenestidende,1910,
201505833,sandefjordsblad,1910,Sandefjord
204726307,Laagendalsposten ,1910,Kongsberg
203199004,stavangeraftenblad,1910,Stavanger
201781518,tromsoestiftstidende,1910,Tromsø
203020000,askerogbaerumsbudstikke,1910,Bærum
200866316,kongsbergdagblad,1910,Kongsberg
202536060,mossaftenblad,1910,
202023312,bergensaftenbladbergenattenattini,1910,Bergen
201471487,romsdalsamtstidende,1910,Kristiansund
201506029,sandefjordsblad,1910,Sandefjord
201035882,morgenbladet,1910,Oslo
203168023,nordrebergenhusfolkeblad,1910,Kinn
201035283,morgenbladet,1910,Oslo
204358334,unglyden ,1910,Voss
201992949,arbeidet,1910,Bergen
201967604,akershus,1910,Lillestrøm
203731209,lofotposten,1910,
201775796,tromsoeposten,1910,Tromsø
203455750,vestfoldsandefjordatten,1910,
202568294,nordfjord,1910,
200790824,hedemarkensamtstidende,1910,Hamar
202944411,aftenposten,1910,Oslo
201950773,agderposten,1910,Arendal
203358761,oevresmaalenene,1910,Indre Østfold
203701736,lofotposten,1910,
202040744,bergensannoncetidende,1910,
201217634,nordlys,1910,Tromsø
201594642,sognstidend,1910,Sogndal
200601604,fredriksstadtilskuer,1910,Fredrikstad
201560801,soendretrondhjemsamtstidende,1910,Orkdal
201345503,osterdolen,1910,Tynset
202040992,bergensannoncetidende,1910,
200866268,kongsbergdagblad,1910,Kongsberg
201557001,socialdemokraten,1910,Oslo
203588424,oerebladet,1910,
203455629,vestfoldsandefjordatten,1910,
200562535,flekkefjordsposten,1910,
204241534,gudbrandsdalensfolkebladgjoevik,1910,
202023422,bergensaftenbladbergenattenattini,1910,Bergen
202302455,grimstadposten,1910,
202023396,bergensaftenbladbergenattenattini,1910,Bergen
200027881,agder,1910,
202944543,aftenposten,1910,Oslo
201629249,stjordalensblad,1910,Stjørdal
200601658,fredriksstadtilskuer,1910,Fredrikstad
203168030,nordrebergenhusfolkeblad,1910,Kinn
201833873,valdres,1910,Nord-Aurdal
204319105,gjoviksbladattenattifire,1910,
204414044,Samhold (Gjøvik: 1885-1920) ,1910,Gjøvik
202554120,namdalensblad,1910,
200310968,dagbladet,1910,Oslo
200694062,gudbrandsdoelen,1910,Lillehammer
203411564,soloerposten,1910,
200886151,kysten,1910,Oslo
200602401,fremover,1910,Narvik
202944362,aftenposten,1910,Oslo
200886102,kysten,1910,Oslo
202944959,aftenposten,1910,Oslo
202452020,jarlsbergoglarviksamtstidende,1910,Larvik
200027772,agder,1910,
202944580,aftenposten,1910,Oslo
203303010,buskerudsamtstidendedrammen,1910,
200676384,grimstadadressetiden,1910,Grimstad
204721860,Laagendalsposten ,1910,Kongsberg
202536059,mossaftenblad,1910,
203165873,nordrebergenhusamtstidende,1910,Kinn
201560861,soendretrondhjemsamtstidende,1910,Orkdal
202222929,folketidendetrondheimattennittien,1910,Trondheim
203411547,soloerposten,1910,
201194336,nordlandsposten,1910,Bodø
203430380,tunsbergeren,1910,
201505827,sandefjordsblad,1910,Sandefjord
201557025,socialdemokraten,1910,Oslo
201967719,akershus,1910,Lillestrøm
203396207,skotfosavisnittennullen,1910,
201993130,arbeidet,1910,Bergen
201594590,sognstidend,1910,Sogndal
202944759,aftenposten,1910,Oslo
200217555,bergenstidende,1910,Bergen
204281948,saltensfremtid,1910,
200667744,glommendalen,1910,Kongsvinger
200886062,kysten,1910,Oslo
203847478,warensardne,1910,
200562483,flekkefjordsposten,1910,
200886203,kysten,1910,Oslo
201797978,trondhjemsadresseavis,1910,Trondheim
204054776,narviktidende,1910,
202790707,soendmoerefolkeblad,1910,
201798017,trondhjemsadresseavis,1910,Trondheim
200752845,harstadtidende,1910,Harstad
201600303,solungen,1910,Kongsvinger
201950780,agderposten,1910,Arendal
203386861,sarpen,1910,
202536072,mossaftenblad,1910,
201035721,morgenbladet,1910,Oslo
201170373,nordkapp,1910,
200886050,kysten,1910,Oslo
201671760,svelviksposten,1910,Drammen
202474898,kristiansundspostenatten,1910,
203751523,lofotposten,1910,
202060013,breviksposten,1910,Porsgrunn
201035338,morgenbladet,1910,Oslo
204029472,nordland,1910,
202609744,nordtroenderen,1910,
202944862,aftenposten,1910,Oslo
201276555,norgessjoefartstidende,1910,Oslo
200676420,grimstadadressetiden,1910,Grimstad
203942138,narviktidende,1910,
204727711,Laagendalsposten ,1910,Kongsberg
201035796,morgenbladet,1910,Oslo
202242389,fredrikshaldstilskuer,1910,Halden
200694116,gudbrandsdoelen,1910,Lillehammer
202621698,norskkundgjoerelsestidende,1910,Oslo
202012890,baerumogaskersblad,1910,
204151375,fjordenestidende,1910,
201035302,morgenbladet,1910,Oslo
201152826,nedenaesamtstidende,1910,Risør
202410634,hordalandfolkeblad,1910,Kvam
202556325,namdalensfolkeblad,1910,
201560819,soendretrondhjemsamtstidende,1910,Orkdal
201797883,trondhjemsadresseavis,1910,Trondheim
200454942,faedrelandsvennen,1910,Kristiansand
200676438,grimstadadressetiden,1910,Grimstad
203165865,nordrebergenhusamtstidende,1910,Kinn
200885978,kysten,1910,Oslo
201434745,rogalandnittensju,1910,Stavanger
203776596,lofotposten,1910,
203512992,nordland,1910,
201560868,soendretrondhjemsamtstidende,1910,Orkdal
204369252,Samhold (Gjøvik: 1885-1920) ,1910,Gjøvik
201572931,sogningen,1910,Sogndal
200866349,kongsbergdagblad,1910,Kongsberg
201775812,tromsoeposten,1910,Tromsø
200866188,kongsbergdagblad,1910,Kongsberg
200601456,fredriksstadtilskuer,1910,Fredrikstad
203402168,soendhordland,1910,
201798069,trondhjemsadresseavis,1910,Trondheim
203199021,stavangeraftenblad,1910,Stavanger
203393456,senjensbladnittennullsju,1910,
202944464,aftenposten,1910,Oslo
204717182,Laagendalsposten ,1910,Kongsberg
201973549,akershusfolkebladdroebak,1910,Oslo
202579916,nordlandsfolkeblad,1910,
201992859,arbeidet,1910,Bergen
200667853,glommendalen,1910,Kongsvinger
200811202,helgelandsblad,1910,
203167982,nordrebergenhusfolkeblad,1910,Kinn
200436784,dunderlandsdoelen,1910,Rana
201194366,nordlandsposten,1910,Bodø
202944296,aftenposten,1910,Oslo
203125163,indtrondelagen,1910,
201163489,nordisktidende,1910,
202944547,aftenposten,1910,Oslo
200044372,agderposten,1910,Arendal
203971350,aftenpostenukensnytt,1910,
203879369,lofotposten,1910,
203969707,lofotposten,1910,
201775759,tromsoeposten,1910,Tromsø
200310978,dagbladet,1910,Oslo
201600227,solungen,1910,Kongsvinger
200866354,kongsbergdagblad,1910,Kongsberg
203644474,warensardne,1910,
201797727,trondhjemsadresseavis,1910,Trondheim
202495563,lindesnes,1910,Mandal
201797785,trondhjemsadresseavis,1910,Trondheim
201781536,tromsoestiftstidende,1910,Tromsø
202410686,hordalandfolkeblad,1910,Kvam
201556991,socialdemokraten,1910,Oslo
201035293,morgenbladet,1910,Oslo
201505866,sandefjordsblad,1910,Sandefjord
203165850,nordrebergenhusamtstidende,1910,Kinn
202554064,namdalensblad,1910,
202944936,aftenposten,1910,Oslo
202474862,kristiansundspostenatten,1910,
203696089,buskerudsblad,1910,
200310899,dagbladet,1910,Oslo
203198985,stavangeraftenblad,1910,Stavanger
201992929,arbeidet,1910,Bergen
201600262,solungen,1910,Kongsvinger
201170447,nordkapp,1910,
202452200,jarlsbergoglarviksamtstidende,1910,Larvik
201992954,arbeidet,1910,Bergen
202756671,romsdalstidende,1910,
202554161,namdalensblad,1910,
201572957,sogningen,1910,Sogndal
203433382,tvedestrandogomegnsavis,1910,
201629234,stjordalensblad,1910,Stjørdal
200310944,dagbladet,1910,Oslo
200602328,fremover,1910,Narvik
203019971,askerogbaerumsbudstikke,1910,Bærum
200642910,gjengangeren,1910,Horten
201477545,romsdalsbudstikke,1910,Molde
202944851,aftenposten,1910,Oslo
202474837,kristiansundspostenatten,1910,
203433352,tvedestrandogomegnsavis,1910,
204151327,fjordenestidende,1910,
204376364,Samhold (Gjøvik: 1885-1920) ,1910,Gjøvik
203433361,tvedestrandogomegnsavis,1910,
200601707,fredriksstadtilskuer,1910,Fredrikstad
202500383,listerfarsundatten,1910,
202642275,oplandenesavis,1910,Hamar
201276566,norgessjoefartstidende,1910,Oslo
202040782,bergensannoncetidende,1910,
203969578,aftenpostenukensnytt,1910,
202483335,langesundsposten,1910,
200642927,gjengangeren,1910,Horten
204319045,gjoviksbladattenattifire,1910,
201194331,nordlandsposten,1910,Bodø
203455639,vestfoldsandefjordatten,1910,
204151364,fjordenestidende,1910,
201035296,morgenbladet,1910,Oslo
203430452,tunsbergeren,1910,
203198829,stavangeraftenblad,1910,Stavanger
201993082,arbeidet,1910,Bergen
203199010,stavangeraftenblad,1910,Stavanger
200667783,glommendalen,1910,Kongsvinger
201316138,ofotenstidende,1910,Narvik
203433303,tvedestrandogomegnsavis,1910,
201345599,osterdolen,1910,Tynset
203153811,nordenfjeldsktidende,1910,Levanger
202541070,mossavis,1910,Moss
200601711,fredriksstadtilskuer,1910,Fredrikstad
201979057,akersposten,1910,Oslo
200436783,dunderlandsdoelen,1910,Rana
203396177,skotfosavisnittennullen,1910,
203705777,oerebladet,1910,
202505753,listerogmandalsamtstidendeogadresseavis,1910,Lindesnes
202790787,soendmoerefolkeblad,1910,
202554059,namdalensblad,1910,
202452078,jarlsbergoglarviksamtstidende,1910,Larvik
200217633,bergenstidende,1910,Bergen
202040970,bergensannoncetidende,1910,
202452194,jarlsbergoglarviksamtstidende,1910,Larvik
203708284,aftenpostenukensnytt,1910,
202786847,skandinaven,1910,
200642812,gjengangeren,1910,Horten
202023401,bergensaftenbladbergenattenattini,1910,Bergen
203167989,nordrebergenhusfolkeblad,1910,Kinn
201950840,agderposten,1910,Arendal
204738834,Laagendalsposten ,1910,Kongsberg
203411591,soloerposten,1910,
200601597,fredriksstadtilskuer,1910,Fredrikstad
201309849,oeieren,1910,
203153769,nordenfjeldsktidende,1910,Levanger
202944384,aftenposten,1910,Oslo
201797951,trondhjemsadresseavis,1910,Trondheim
201506000,sandefjordsblad,1910,Sandefjord
202242364,fredrikshaldstilskuer,1910,Halden
200836037,indtrondelagen,1910,
200454880,faedrelandsvennen,1910,Kristiansand
200667757,glommendalen,1910,Kongsvinger
204626760,Hamar Stiftstidende ,1910,Hamar
203955527,lofotposten,1910,
203791422,fjellposten,1910,
201992944,arbeidet,1910,Bergen
200790882,hedemarkensamtstidende,1910,Hamar
202410690,hordalandfolkeblad,1910,Kvam
202621729,norskkundgjoerelsestidende,1910,Oslo
200358250,dagensnytt,1910,
201556797,socialdemokraten,1910,Oslo
202424323,indlandsposten,1910,
201572948,sogningen,1910,Sogndal
202023325,bergensaftenbladbergenattenattini,1910,Bergen
202944766,aftenposten,1910,Oslo
201781558,tromsoestiftstidende,1910,Tromsø
200217368,bergenstidende,1910,Bergen
201035782,morgenbladet,1910,Oslo
200358187,dagensnytt,1910,
201967621,akershus,1910,Lillestrøm
201505896,sandefjordsblad,1910,Sandefjord
202786809,skandinaven,1910,
201798023,trondhjemsadresseavis,1910,Trondheim
203402128,soendhordland,1910,
201345510,osterdolen,1910,Tynset
200358134,dagensnytt,1910,
201556921,socialdemokraten,1910,Oslo
202500322,listerfarsundatten,1910,
202239813,fredrikshaldsavis,1910,
200311133,dagbladet,1910,Oslo
202424218,indlandsposten,1910,
200667871,glommendalen,1910,Kongsvinger
203153820,nordenfjeldsktidende,1910,Levanger
200027906,agder,1910,
202944192,aftenposten,1910,Oslo
201170374,nordkapp,1910,
200311060,dagbladet,1910,Oslo
202642279,oplandenesavis,1910,Hamar
200455127,faedrelandsvennen,1910,Kristiansand
201276607,norgessjoefartstidende,1910,Oslo
203303059,buskerudsamtstidendedrammen,1910,
200217668,bergenstidende,1910,Bergen
201170461,nordkapp,1910,
203430428,tunsbergeren,1910,
202554104,namdalensblad,1910,
203165888,nordrebergenhusamtstidende,1910,Kinn
201345476,osterdolen,1910,Tynset
200311185,dagbladet,1910,Oslo
200623966,fremtiden,1910,Drammen
201556873,socialdemokraten,1910,Oslo
200310915,dagbladet,1910,Oslo
201035706,morgenbladet,1910,Oslo
202222733,folketidendetrondheimattennittien,1910,Trondheim
200358199,dagensnytt,1910,
204319023,gjoviksbladattenattifire,1910,
202568280,nordfjord,1910,
202621771,norskkundgjoerelsestidende,1910,Oslo
202040896,bergensannoncetidende,1910,
203168014,nordrebergenhusfolkeblad,1910,Kinn
203402180,soendhordland,1910,
203386888,sarpen,1910,
200866175,kongsbergdagblad,1910,Kongsberg
201035292,morgenbladet,1910,Oslo
200217579,bergenstidende,1910,Bergen
200601735,fredriksstadtilskuer,1910,Fredrikstad
202158995,egersundsposten,1910,Eigersund
202621890,norskkundgjoerelsestidende,1910,Oslo
204241604,gudbrandsdalensfolkebladgjoevik,1910,
204454854,Bergensposten Fram (Bergen 1892-1893) ,1910,Bergen
202522318,more,1910,Volda
202944190,aftenposten,1910,Oslo
201798076,trondhjemsadresseavis,1910,Trondheim
202239734,fredrikshaldsavis,1910,
201556852,socialdemokraten,1910,Oslo
200564574,foerstemai,1910,Stavanger
200253850,bratsbergdemokraten,1910,Skien
201217554,nordlys,1910,Tromsø
201556963,socialdemokraten,1910,Oslo
202500400,listerfarsundatten,1910,
201594578,sognstidend,1910,Sogndal
201974991,akershuspostenlillestroemnitten,1910,Lørenskog
201035754,morgenbladet,1910,Oslo
202554173,namdalensblad,1910,
201309894,oeieren,1910,
204369669,Samhold (Gjøvik: 1885-1920) ,1910,Gjøvik
202944657,aftenposten,1910,Oslo
201276384,norgessjoefartstidende,1910,Oslo
200358271,dagensnytt,1910,
201194362,nordlandsposten,1910,Bodø
200562518,flekkefjordsposten,1910,
202239728,fredrikshaldsavis,1910,
203302839,buskerudsamtstidendedrammen,1910,
202023367,bergensaftenbladbergenattenattini,1910,Bergen
201572955,sogningen,1910,Sogndal
203938714,aftenpostenukensnytt,1910,
201477548,romsdalsbudstikke,1910,Molde
202944661,aftenposten,1910,Oslo
202023245,bergensaftenbladbergenattenattini,1910,Bergen
200525828,finnmarksposten,1910,Nordkapp
201345569,osterdolen,1910,Tynset
202944278,aftenposten,1910,Oslo
202621848,norskkundgjoerelsestidende,1910,Oslo
202944622,aftenposten,1910,Oslo
200866282,kongsbergdagblad,1910,Kongsberg
203386882,sarpen,1910,
203386898,sarpen,1910,
202040865,bergensannoncetidende,1910,
200311112,dagbladet,1910,Oslo
204241519,gudbrandsdalensfolkebladgjoevik,1910,
202944799,aftenposten,1910,Oslo
202621996,norskkundgjoerelsestidende,1910,Oslo
200310933,dagbladet,1910,Oslo
204589601,Bergensposten Fram (Bergen 1892-1893) ,1910,Bergen
203433360,tvedestrandogomegnsavis,1910,
202452154,jarlsbergoglarviksamtstidende,1910,Larvik
204293364,vestoplaendingen,1910,
200217359,bergenstidende,1910,Bergen
204652016,Samhold (Gjøvik: 1885-1920) ,1910,Gjøvik
202554106,namdalensblad,1910,
200676408,grimstadadressetiden,1910,Grimstad
202521410,moldeannonceblad,1910,
200790905,hedemarkensamtstidende,1910,Hamar
201345518,osterdolen,1910,Tynset
202452131,jarlsbergoglarviksamtstidende,1910,Larvik
204319005,gjoviksbladattenattifire,1910,
202579944,nordlandsfolkeblad,1910,
202568266,nordfjord,1910,
203125287,indtrondelagen,1910,
200455044,faedrelandsvennen,1910,Kristiansand
200217491,bergenstidende,1910,Bergen
200027769,agder,1910,
204639321,Samhold (Gjøvik: 1885-1920) ,1910,Gjøvik
203990064,warensardne,1910,
204694883,Samhold (Gjøvik: 1885-1920) ,1910,Gjøvik
202521389,moldeannonceblad,1910,
203168011,nordrebergenhusfolkeblad,1910,Kinn
200601636,fredriksstadtilskuer,1910,Fredrikstad
202944501,aftenposten,1910,Oslo
200811221,helgelandsblad,1910,
200642835,gjengangeren,1910,Horten
200454938,faedrelandsvennen,1910,Kristiansand
202222850,folketidendetrondheimattennittien,1910,Trondheim
202424240,indlandsposten,1910,
202642258,oplandenesavis,1910,Hamar
202181450,farsundsavis,1910,Farsund
202944909,aftenposten,1910,Oslo
200831033,indresmaalenenesavis,1910,Indre Østfold
202302468,grimstadposten,1910,
200044454,agderposten,1910,Arendal
203125257,indtrondelagen,1910,
202023352,bergensaftenbladbergenattenattini,1910,Bergen
202554094,namdalensblad,1910,
201993005,arbeidet,1910,Bergen
201276417,norgessjoefartstidende,1910,Oslo
204293475,vestoplaendingen,1910,
200358225,dagensnytt,1910,
202585458,nordlandsposten,1910,Bodø
202944626,aftenposten,1910,Oslo
204544458,Samhold (Gjøvik: 1885-1920) ,1910,Gjøvik
202474860,kristiansundspostenatten,1910,
202521383,moldeannonceblad,1910,
200911605,lillehammertilskuer,1910,Lillehammer
201345570,osterdolen,1910,Tynset
200311114,dagbladet,1910,Oslo
203820848,salten,1910,
203393420,senjensbladnittennullsju,1910,
203358857,oevresmaalenene,1910,Indre Østfold
202040916,bergensannoncetidende,1910,
201345588,osterdolen,1910,Tynset
202242366,fredrikshaldstilskuer,1910,Halden
200311188,dagbladet,1910,Oslo
201556878,socialdemokraten,1910,Oslo
200253807,bratsbergdemokraten,1910,Skien
203960178,fjellposten,1910,
204241549,gudbrandsdalensfolkebladgjoevik,1910,
201781531,tromsoestiftstidende,1910,Tromsø
203411643,soloerposten,1910,
201560872,soendretrondhjemsamtstidende,1910,Orkdal
202023483,bergensaftenbladbergenattenattini,1910,Bergen
202483370,langesundsposten,1910,
201950832,agderposten,1910,Arendal
201629248,stjordalensblad,1910,Stjørdal
204412217,Samhold (Gjøvik: 1885-1920) ,1910,Gjøvik
202483353,langesundsposten,1910,
203303022,buskerudsamtstidendedrammen,1910,
204151343,fjordenestidende,1910,
201572976,sogningen,1910,Sogndal
202041007,bergensannoncetidende,1910,
201309856,oeieren,1910,
200455033,faedrelandsvennen,1910,Kristiansand
203801826,lofotposten,1910,
201573007,sogningen,1910,Sogndal
201345468,osterdolen,1910,Tynset
202239806,fredrikshaldsavis,1910,
201557002,socialdemokraten,1910,Oslo
201993084,arbeidet,1910,Bergen
202554197,namdalensblad,1910,
204019952,buskerudsblad,1910,
204037425,nordland,1910,
200358176,dagensnytt,1910,
202040741,bergensannoncetidende,1910,
201556904,socialdemokraten,1910,Oslo
201471525,romsdalsamtstidende,1910,Kristiansund
203430431,tunsbergeren,1910,
200667810,glommendalen,1910,Kongsvinger
202521408,moldeannonceblad,1910,
204017221,lofotposten,1910,
201973566,akershusfolkebladdroebak,1910,Oslo
201775736,tromsoeposten,1910,Tromsø
200811141,helgelandsblad,1910,
202479259,landmandsposten,1910,
203463168,vossavis,1910,
203303039,buskerudsamtstidendedrammen,1910,
202556319,namdalensfolkeblad,1910,
201035888,morgenbladet,1910,Oslo
200601563,fredriksstadtilskuer,1910,Fredrikstad
203117063,indheredsposten,1910,
200831105,indresmaalenenesavis,1910,Indre Østfold
202944334,aftenposten,1910,Oslo
202609799,nordtroenderen,1910,
202609783,nordtroenderen,1910,
202568325,nordfjord,1910,
201276606,norgessjoefartstidende,1910,Oslo
204405618,Hamar Stiftstidende ,1910,Hamar
202040951,bergensannoncetidende,1910,
202495565,lindesnes,1910,Mandal
200928392,lillesandsposten,1910,Lillesand
200253764,bratsbergdemokraten,1910,Skien
202222869,folketidendetrondheimattennittien,1910,Trondheim
201833942,valdres,1910,Nord-Aurdal
203303033,buskerudsamtstidendedrammen,1910,
201556957,socialdemokraten,1910,Oslo
200455131,faedrelandsvennen,1910,Kristiansand
204522240,Samhold (Gjøvik: 1885-1920) ,1910,Gjøvik
202222802,folketidendetrondheimattennittien,1910,Trondheim
201817116,tvedestrandsposten,1910,Tvedestrand
201629276,stjordalensblad,1910,Stjørdal
201992999,arbeidet,1910,Bergen
202944707,aftenposten,1910,Oslo
200866312,kongsbergdagblad,1910,Kongsberg
201993053,arbeidet,1910,Bergen
202790696,soendmoerefolkeblad,1910,
202522321,more,1910,Volda
201152811,nedenaesamtstidende,1910,Risør
202554136,namdalensblad,1910,
200525820,finnmarksposten,1910,Nordkapp
200454960,faedrelandsvennen,1910,Kristiansand
200217350,bergenstidende,1910,Bergen
202050501,bodotidende,1910,Bodø
202479225,landmandsposten,1910,
203198850,stavangeraftenblad,1910,Stavanger
202642178,oplandenesavis,1910,Hamar
201993186,arbeidet,1910,Bergen
202536116,mossaftenblad,1910,
200642790,gjengangeren,1910,Horten
202222936,folketidendetrondheimattennittien,1910,Trondheim
202609802,nordtroenderen,1910,
200667748,glommendalen,1910,Kongsvinger
202790733,soendmoerefolkeblad,1910,
200525819,finnmarksposten,1910,Nordkapp
204318979,gjoviksbladattenattifire,1910,
202500301,listerfarsundatten,1910,
202621968,norskkundgjoerelsestidende,1910,Oslo
200311080,dagbladet,1910,Oslo
200455079,faedrelandsvennen,1910,Kristiansand
202609795,nordtroenderen,1910,
201950716,agderposten,1910,Arendal
201572928,sogningen,1910,Sogndal
202040969,bergensannoncetidende,1910,
201316088,ofotenstidende,1910,Narvik
201629278,stjordalensblad,1910,Stjørdal
202786804,skandinaven,1910,
202181470,farsundsavis,1910,Farsund
202483349,langesundsposten,1910,
202621911,norskkundgjoerelsestidende,1910,Oslo
202302464,grimstadposten,1910,
203527175,buskerudsblad,1910,
200310884,dagbladet,1910,Oslo
200623922,fremtiden,1910,Drammen
202424205,indlandsposten,1910,
200886161,kysten,1910,Oslo
202187130,finmarken,1910,Vardø
200455098,faedrelandsvennen,1910,Kristiansand
201993101,arbeidet,1910,Bergen
201975071,akershuspostenlillestroemnitten,1910,Lørenskog
200790929,hedemarkensamtstidende,1910,Hamar
202222899,folketidendetrondheimattennittien,1910,Trondheim
202040943,bergensannoncetidende,1910,
204542987,Samhold (Gjøvik: 1885-1920) ,1910,Gjøvik
203402155,soendhordland,1910,
200752825,harstadtidende,1910,Harstad
202621703,norskkundgjoerelsestidende,1910,Oslo
201434737,rogalandnittensju,1910,Stavanger
201797833,trondhjemsadresseavis,1910,Trondheim
202410603,hordalandfolkeblad,1910,Kvam
200623893,fremtiden,1910,Drammen
202012879,baerumogaskersblad,1910,
200601750,fredriksstadtilskuer,1910,Fredrikstad
202601724,nordretrondhjemsamtstidende,1910,
201629273,stjordalensblad,1910,Stjørdal
202495495,lindesnes,1910,Mandal
202505826,listerogmandalsamtstidendeogadresseavis,1910,Lindesnes
202536028,mossaftenblad,1910,
204241560,gudbrandsdalensfolkebladgjoevik,1910,
200311088,dagbladet,1910,Oslo
202474930,kristiansundspostenatten,1910,
202944612,aftenposten,1910,Oslo
201775827,tromsoeposten,1910,Tromsø
202424251,indlandsposten,1910,
201109382,mosstilskuer,1910,Moss
200886116,kysten,1910,Oslo
203455745,vestfoldsandefjordatten,1910,
202040922,bergensannoncetidende,1910,
203198911,stavangeraftenblad,1910,Stavanger
201967716,akershus,1910,Lillestrøm
202040747,bergensannoncetidende,1910,
202410647,hordalandfolkeblad,1910,Kvam
202579904,nordlandsfolkeblad,1910,
202040718,bergensannoncetidende,1910,
202944709,aftenposten,1910,Oslo
201035423,morgenbladet,1910,Oslo
200358163,dagensnytt,1910,
202424333,indlandsposten,1910,
202424272,indlandsposten,1910,
202589616,nordlendingen,1910,
200885929,kysten,1910,Oslo
203645644,aftenpostenukensnytt,1910,
201163486,nordisktidende,1910,
202621885,norskkundgjoerelsestidende,1910,Oslo
201152832,nedenaesamtstidende,1910,Risør
200866307,kongsbergdagblad,1910,Kongsberg
203153771,nordenfjeldsktidende,1910,Levanger
201833981,valdres,1910,Nord-Aurdal
203118895,indherred,1910,Steinkjer
201993041,arbeidet,1910,Bergen
200311136,dagbladet,1910,Oslo
200811233,helgelandsblad,1910,
202541162,mossavis,1910,Moss
201471552,romsdalsamtstidende,1910,Kristiansund
200310824,dagbladet,1910,Oslo
202621888,norskkundgjoerelsestidende,1910,Oslo
202541076,mossavis,1910,Moss
201992916,arbeidet,1910,Bergen
201833985,valdres,1910,Nord-Aurdal
202452195,jarlsbergoglarviksamtstidende,1910,Larvik
202050556,bodotidende,1910,Bodø
201941542,vortlandosloattennitti,1910,Oslo
203455688,vestfoldsandefjordatten,1910,
204318971,gjoviksbladattenattifire,1910,
200836041,indtrondelagen,1910,
200676382,grimstadadressetiden,1910,Grimstad
201556931,socialdemokraten,1910,Oslo
200866174,kongsbergdagblad,1910,Kongsberg
203965140,buskerudsblad,1910,
200602377,fremover,1910,Narvik
202222774,folketidendetrondheimattennittien,1910,Trondheim
201170402,nordkapp,1910,
204613053,Samhold (Gjøvik: 1885-1920) ,1910,Gjøvik
201276515,norgessjoefartstidende,1910,Oslo
202452157,jarlsbergoglarviksamtstidende,1910,Larvik
202621884,norskkundgjoerelsestidende,1910,Oslo
201781570,tromsoestiftstidende,1910,Tromsø
203966686,narviktidende,1910,
200044457,agderposten,1910,Arendal
201557026,socialdemokraten,1910,Oslo
202187126,finmarken,1910,Vardø
202479166,landmandsposten,1910,
203167970,nordrebergenhusfolkeblad,1910,Kinn
200676451,grimstadadressetiden,1910,Grimstad
200911624,lillehammertilskuer,1910,Lillehammer
203698519,oerebladet,1910,
202944271,aftenposten,1910,Oslo
202500376,listerfarsundatten,1910,
203198815,stavangeraftenblad,1910,Stavanger
200601676,fredriksstadtilskuer,1910,Fredrikstad
203303117,buskerudsamtstidendedrammen,1910,
200253768,bratsbergdemokraten,1910,Skien
200866247,kongsbergdagblad,1910,Kongsberg
202500272,listerfarsundatten,1910,
201556977,socialdemokraten,1910,Oslo
201452170,romerikesblad,1910,Lillestrøm
202505737,listerogmandalsamtstidendeogadresseavis,1910,Lindesnes
202642193,oplandenesavis,1910,Hamar
201775732,tromsoeposten,1910,Tromsø
204293436,vestoplaendingen,1910,
201152809,nedenaesamtstidende,1910,Risør
201109395,mosstilskuer,1910,Moss
202474917,kristiansundspostenatten,1910,
200790844,hedemarkensamtstidende,1910,Hamar
201163499,nordisktidende,1910,
202642205,oplandenesavis,1910,Hamar
200311072,dagbladet,1910,Oslo
200253737,bratsbergdemokraten,1910,Skien
200886043,kysten,1910,Oslo
202554080,namdalensblad,1910,
202642200,oplandenesavis,1910,Hamar
202040799,bergensannoncetidende,1910,
200866315,kongsbergdagblad,1910,Kongsberg
201035663,morgenbladet,1910,Oslo
200310861,dagbladet,1910,Oslo
200623942,fremtiden,1910,Drammen
200454999,faedrelandsvennen,1910,Kristiansand
202944919,aftenposten,1910,Oslo
203430439,tunsbergeren,1910,
200602399,fremover,1910,Narvik
201035284,morgenbladet,1910,Oslo
202541129,mossavis,1910,Moss
201941533,vortlandosloattennitti,1910,Oslo
200866211,kongsbergdagblad,1910,Kongsberg
202601729,nordretrondhjemsamtstidende,1910,
201834002,valdres,1910,Nord-Aurdal
203198773,stavangeraftenblad,1910,Stavanger
201817098,tvedestrandsposten,1910,Tvedestrand
201775799,tromsoeposten,1910,Tromsø
200642953,gjengangeren,1910,Horten
202541199,mossavis,1910,Moss
203167991,nordrebergenhusfolkeblad,1910,Kinn
201775763,tromsoeposten,1910,Tromsø
203358858,oevresmaalenene,1910,Indre Østfold
202050540,bodotidende,1910,Bodø
201035800,morgenbladet,1910,Oslo
202302451,grimstadposten,1910,
200454990,faedrelandsvennen,1910,Kristiansand
202483332,langesundsposten,1910,
203556238,buskerudsblad,1910,
200564460,foerstemai,1910,Stavanger
202452083,jarlsbergoglarviksamtstidende,1910,Larvik
202222832,folketidendetrondheimattennittien,1910,Trondheim
202410635,hordalandfolkeblad,1910,Kvam
203455668,vestfoldsandefjordatten,1910,
202424262,indlandsposten,1910,
200564587,foerstemai,1910,Stavanger
202023517,bergensaftenbladbergenattenattini,1910,Bergen
200831078,indresmaalenenesavis,1910,Indre Østfold
203765661,nordland,1910,
201775730,tromsoeposten,1910,Tromsø
203393440,senjensbladnittennullsju,1910,
202944203,aftenposten,1910,Oslo
201035773,morgenbladet,1910,Oslo
202609765,nordtroenderen,1910,
202040848,bergensannoncetidende,1910,
201035389,morgenbladet,1910,Oslo
204479604,unglyden ,1910,Voss
203386798,sarpen,1910,
202554083,namdalensblad,1910,
202944955,aftenposten,1910,Oslo
203199018,stavangeraftenblad,1910,Stavanger
201993140,arbeidet,1910,Bergen
201973564,akershusfolkebladdroebak,1910,Oslo
200562498,flekkefjordsposten,1910,
201345562,osterdolen,1910,Tynset
203020021,askerogbaerumsbudstikke,1910,Bærum
202609736,nordtroenderen,1910,
203303032,buskerudsamtstidendedrammen,1910,
204562046,Samhold (Gjøvik: 1885-1920) ,1910,Gjøvik
203168059,nordrebergenhusfolkeblad,1910,Kinn
204241511,gudbrandsdalensfolkebladgjoevik,1910,
203165834,nordrebergenhusamtstidende,1910,Kinn
201833903,valdres,1910,Nord-Aurdal
201797738,trondhjemsadresseavis,1910,Trondheim
202474876,kristiansundspostenatten,1910,
200886039,kysten,1910,Oslo
200642819,gjengangeren,1910,Horten
201975091,akershuspostenlillestroemnitten,1910,Lørenskog
202410612,hordalandfolkeblad,1910,Kvam
200831070,indresmaalenenesavis,1910,Indre Østfold
203386840,sarpen,1910,
203153754,nordenfjeldsktidende,1910,Levanger
202541215,mossavis,1910,Moss
202505730,listerogmandalsamtstidendeogadresseavis,1910,Lindesnes
202181469,farsundsavis,1910,Farsund
203902067,salten,1910,
201477519,romsdalsbudstikke,1910,Molde
201600212,solungen,1910,Kongsvinger
201477517,romsdalsbudstikke,1910,Molde
203165885,nordrebergenhusamtstidende,1910,Kinn
203165854,nordrebergenhusamtstidende,1910,Kinn
202556316,namdalensfolkeblad,1910,
202642216,oplandenesavis,1910,Hamar
201950822,agderposten,1910,Arendal
201594581,sognstidend,1910,Sogndal
200601504,fredriksstadtilskuer,1910,Fredrikstad
203463126,vossavis,1910,
200642968,gjengangeren,1910,Horten
201833905,valdres,1910,Nord-Aurdal
203740957,lofotposten,1910,
203791401,warensardne,1910,
200886057,kysten,1910,Oslo
200642989,gjengangeren,1910,Horten
200676488,grimstadadressetiden,1910,Grimstad
203524617,helgeland,1910,
204293450,vestoplaendingen,1910,
202040872,bergensannoncetidende,1910,
202040817,bergensannoncetidende,1910,
201276370,norgessjoefartstidende,1910,Oslo
201967715,akershus,1910,Lillestrøm
200217487,bergenstidende,1910,Bergen
200642876,gjengangeren,1910,Horten
201471470,romsdalsamtstidende,1910,Kristiansund
200601499,fredriksstadtilskuer,1910,Fredrikstad
202410709,hordalandfolkeblad,1910,Kvam
200642821,gjengangeren,1910,Horten
204480453,Samhold (Gjøvik: 1885-1920) ,1910,Gjøvik
201797992,trondhjemsadresseavis,1910,Trondheim
204686966,Samhold (Gjøvik: 1885-1920) ,1910,Gjøvik
203386863,sarpen,1910,
202452008,jarlsbergoglarviksamtstidende,1910,Larvik
201781519,tromsoestiftstidende,1910,Tromsø
203303111,buskerudsamtstidendedrammen,1910,
201316153,ofotenstidende,1910,Narvik
202050507,bodotidende,1910,Bodø
202040798,bergensannoncetidende,1910,
202790789,soendmoerefolkeblad,1910,
203411689,soloerposten,1910,
203859737,buskerudsblad,1910,
201557011,socialdemokraten,1910,Oslo
202452165,jarlsbergoglarviksamtstidende,1910,Larvik
202621706,norskkundgjoerelsestidende,1910,Oslo
202505692,listerogmandalsamtstidendeogadresseavis,1910,Lindesnes
201345590,osterdolen,1910,Tynset
202944490,aftenposten,1910,Oslo
200601599,fredriksstadtilskuer,1910,Fredrikstad
201833991,valdres,1910,Nord-Aurdal
204435181,Samhold (Gjøvik: 1885-1920) ,1910,Gjøvik
204293384,vestoplaendingen,1910,
201572989,sogningen,1910,Sogndal
202541111,mossavis,1910,Moss
203393415,senjensbladnittennullsju,1910,
200790870,hedemarkensamtstidende,1910,Hamar
200676442,grimstadadressetiden,1910,Grimstad
200217435,bergenstidende,1910,Bergen
201797899,trondhjemsadresseavis,1910,Trondheim
204293437,vestoplaendingen,1910,
203455674,vestfoldsandefjordatten,1910,
200562586,flekkefjordsposten,1910,
203543063,lofotposten,1910,
201160944,nordenfjeldsktidende,1910,Levanger
203199008,stavangeraftenblad,1910,Stavanger
203153695,nordenfjeldsktidende,1910,Levanger
202944532,aftenposten,1910,Oslo
203430411,tunsbergeren,1910,
202181377,farsundsavis,1910,Farsund
203117067,indheredsposten,1910,
203430438,tunsbergeren,1910,
200911505,lillehammertilskuer,1910,Lillehammer
202424338,indlandsposten,1910,
200525794,finnmarksposten,1910,Nordkapp
202556352,namdalensfolkeblad,1910,
201035615,morgenbladet,1910,Oslo
200044484,agderposten,1910,Arendal
200562472,flekkefjordsposten,1910,
202522322,more,1910,Volda
202479207,landmandsposten,1910,
202158988,egersundsposten,1910,Eigersund
203402173,soendhordland,1910,
200310839,dagbladet,1910,Oslo
202642262,oplandenesavis,1910,Hamar
204241538,gudbrandsdalensfolkebladgjoevik,1910,
202609753,nordtroenderen,1910,
200564450,foerstemai,1910,Stavanger
200454881,faedrelandsvennen,1910,Kristiansand
200790884,hedemarkensamtstidende,1910,Hamar
202585457,nordlandsposten,1910,Bodø
201452138,romerikesblad,1910,Lillestrøm
202944341,aftenposten,1910,Oslo
201798034,trondhjemsadresseavis,1910,Trondheim
201152853,nedenaesamtstidende,1910,Risør
201797996,trondhjemsadresseavis,1910,Trondheim
202495556,lindesnes,1910,Mandal
202790763,soendmoerefolkeblad,1910,
203358755,oevresmaalenene,1910,Indre Østfold
201560799,soendretrondhjemsamtstidende,1910,Orkdal
203949144,buskerudsblad,1910,
200217405,bergenstidende,1910,Bergen
203463165,vossavis,1910,
203153698,nordenfjeldsktidende,1910,Levanger
202452143,jarlsbergoglarviksamtstidende,1910,Larvik
203430433,tunsbergeren,1910,
203910430,helgeland,1910,
201434741,rogalandnittensju,1910,Stavanger
200790941,hedemarkensamtstidende,1910,Hamar
201316123,ofotenstidende,1910,Narvik
203680439,buskerudsblad,1910,
202554189,namdalensblad,1910,
203411605,soloerposten,1910,
204705173,Laagendalsposten ,1910,Kongsberg
201629240,stjordalensblad,1910,Stjørdal
203303060,buskerudsamtstidendedrammen,1910,
201035418,morgenbladet,1910,Oslo
200911585,lillehammertilskuer,1910,Lillehammer
202041012,bergensannoncetidende,1910,
202621745,norskkundgjoerelsestidende,1910,Oslo
202302506,grimstadposten,1910,
202556369,namdalensfolkeblad,1910,
201833960,valdres,1910,Nord-Aurdal
200455123,faedrelandsvennen,1910,Kristiansand
202302435,grimstadposten,1910,
203165800,nordrebergenhusamtstidende,1910,Kinn
201967709,akershus,1910,Lillestrøm
202424311,indlandsposten,1910,
200253761,bratsbergdemokraten,1910,Skien
203125285,indtrondelagen,1910,
201967629,akershus,1910,Lillestrøm
202242336,fredrikshaldstilskuer,1910,Halden
201109377,mosstilskuer,1910,Moss
202059900,breviksposten,1910,Porsgrunn
202050546,bodotidende,1910,Bodø
203117105,indheredsposten,1910,
203463223,vossavis,1910,
202541074,mossavis,1910,Moss
202410609,hordalandfolkeblad,1910,Kvam
202601736,nordretrondhjemsamtstidende,1910,
203396251,skotfosavisnittennullen,1910,
203725820,narviktidende,1910,
200866161,kongsbergdagblad,1910,Kongsberg
203396197,skotfosavisnittennullen,1910,
200602403,fremover,1910,Narvik
200311036,dagbladet,1910,Oslo
203433371,tvedestrandogomegnsavis,1910,
203125172,indtrondelagen,1910,
201152830,nedenaesamtstidende,1910,Risør
204562268,Hamar Stiftstidende ,1910,Hamar
200044499,agderposten,1910,Arendal
204241612,gudbrandsdalensfolkebladgjoevik,1910,
202452071,jarlsbergoglarviksamtstidende,1910,Larvik
204566588,Bergensposten Fram (Bergen 1892-1893) ,1910,Bergen
202483282,langesundsposten,1910,
202023464,bergensaftenbladbergenattenattini,1910,Bergen
202302492,grimstadposten,1910,
204293476,vestoplaendingen,1910,
201967705,akershus,1910,Lillestrøm
201109360,mosstilskuer,1910,Moss
200667837,glommendalen,1910,Kongsvinger
201941512,vortlandosloattennitti,1910,Oslo
200667731,glommendalen,1910,Kongsvinger
202012931,baerumogaskersblad,1910,
202187063,finmarken,1910,Vardø
200601686,fredriksstadtilskuer,1910,Fredrikstad
202500304,listerfarsundatten,1910,
204241512,gudbrandsdalensfolkebladgjoevik,1910,
201194351,nordlandsposten,1910,Bodø
200752829,harstadtidende,1910,Harstad
202222951,folketidendetrondheimattennittien,1910,Trondheim
202944437,aftenposten,1910,Oslo
202944559,aftenposten,1910,Oslo
200866139,kongsbergdagblad,1910,Kongsberg
203433386,tvedestrandogomegnsavis,1910,
201170403,nordkapp,1910,
200623954,fremtiden,1910,Drammen
202585514,nordlandsposten,1910,Bodø
202541089,mossavis,1910,Moss
202040712,bergensannoncetidende,1910,
203358815,oevresmaalenene,1910,Indre Østfold
202059914,breviksposten,1910,Porsgrunn
201194344,nordlandsposten,1910,Bodø
200253733,bratsbergdemokraten,1910,Skien
201967688,akershus,1910,Lillestrøm
202222719,folketidendetrondheimattennittien,1910,Trondheim
201163482,nordisktidende,1910,
200044442,agderposten,1910,Arendal
201477472,romsdalsbudstikke,1910,Molde
201833920,valdres,1910,Nord-Aurdal
201974999,akershuspostenlillestroemnitten,1910,Lørenskog
202474830,kristiansundspostenatten,1910,
203906065,warensardne,1910,
202483312,langesundsposten,1910,
203411646,soloerposten,1910,
200027833,agder,1910,
201471488,romsdalsamtstidende,1910,Kristiansund
202222790,folketidendetrondheimattennittien,1910,Trondheim
201817131,tvedestrandsposten,1910,Tvedestrand
204371364,Hamar Stiftstidende ,1910,Hamar
204241520,gudbrandsdalensfolkebladgjoevik,1910,
203153733,nordenfjeldsktidende,1910,Levanger
200836044,indtrondelagen,1910,
203430379,tunsbergeren,1910,
200217443,bergenstidende,1910,Bergen
200253843,bratsbergdemokraten,1910,Skien
202187111,finmarken,1910,Vardø
204727533,Laagendalsposten ,1910,Kongsberg
201833967,valdres,1910,Nord-Aurdal
200602387,fremover,1910,Narvik
201560876,soendretrondhjemsamtstidende,1910,Orkdal
200866274,kongsbergdagblad,1910,Kongsberg
201781533,tromsoestiftstidende,1910,Tromsø
202495484,lindesnes,1910,Mandal
201967693,akershus,1910,Lillestrøm
203572826,helgeland,1910,
203988737,nordland,1910,
203988736,nordland,1910,
202023345,bergensaftenbladbergenattenattini,1910,Bergen
200831121,indresmaalenenesavis,1910,Indre Østfold
200911536,lillehammertilskuer,1910,Lillehammer
202060011,breviksposten,1910,Porsgrunn
203402125,soendhordland,1910,
201833996,valdres,1910,Nord-Aurdal
201992852,arbeidet,1910,Bergen
204241493,gudbrandsdalensfolkebladgjoevik,1910,
204241605,gudbrandsdalensfolkebladgjoevik,1910,
202786872,skandinaven,1910,
200676445,grimstadadressetiden,1910,Grimstad
200217671,bergenstidende,1910,Bergen
201993110,arbeidet,1910,Bergen
202786838,skandinaven,1910,
203859348,warensardne,1910,
202410613,hordalandfolkeblad,1910,Kvam
200217349,bergenstidende,1910,Bergen
203302874,buskerudsamtstidendedrammen,1910,
201594586,sognstidend,1910,Sogndal
200911539,lillehammertilskuer,1910,Lillehammer
203402140,soendhordland,1910,
200358219,dagensnytt,1910,
202944229,aftenposten,1910,Oslo
201276343,norgessjoefartstidende,1910,Oslo
201035400,morgenbladet,1910,Oslo
200831084,indresmaalenenesavis,1910,Indre Østfold
200311081,dagbladet,1910,Oslo
201471496,romsdalsamtstidende,1910,Kristiansund
202944914,aftenposten,1910,Oslo
200886173,kysten,1910,Oslo
203125286,indtrondelagen,1910,
203851911,buskerudsblad,1910,
200217625,bergenstidende,1910,Bergen
202040702,bergensannoncetidende,1910,
202050589,bodotidende,1910,Bodø
204512283,Samhold (Gjøvik: 1885-1920) ,1910,Gjøvik
202944886,aftenposten,1910,Oslo
200044483,agderposten,1910,Arendal
203402159,soendhordland,1910,
202522327,more,1910,Volda
201556883,socialdemokraten,1910,Oslo
203905697,oerebladet,1910,
203198878,stavangeraftenblad,1910,Stavanger
203411644,soloerposten,1910,
202944882,aftenposten,1910,Oslo
203455611,vestfoldsandefjordatten,1910,
202483343,langesundsposten,1910,
200811185,helgelandsblad,1910,
201452157,romerikesblad,1910,Lillestrøm
200027766,agder,1910,
201560867,soendretrondhjemsamtstidende,1910,Orkdal
202944253,aftenposten,1910,Oslo
203358763,oevresmaalenene,1910,Indre Østfold
202505763,listerogmandalsamtstidendeogadresseavis,1910,Lindesnes
201109474,mosstilskuer,1910,Moss
204319078,gjoviksbladattenattifire,1910,
202944219,aftenposten,1910,Oslo
200310941,dagbladet,1910,Oslo
202505783,listerogmandalsamtstidendeogadresseavis,1910,Lindesnes
200217649,bergenstidende,1910,Bergen
200217418,bergenstidende,1910,Bergen
200811218,helgelandsblad,1910,
202023337,bergensaftenbladbergenattenattini,1910,Bergen
203153794,nordenfjeldsktidende,1910,Levanger
201276550,norgessjoefartstidende,1910,Oslo
201035904,morgenbladet,1910,Oslo
201798086,trondhjemsadresseavis,1910,Trondheim
202505762,listerogmandalsamtstidendeogadresseavis,1910,Lindesnes
203430446,tunsbergeren,1910,
202642244,oplandenesavis,1910,Hamar
202944786,aftenposten,1910,Oslo
202536018,mossaftenblad,1910,
201309853,oeieren,1910,
204704272,Laagendalsposten ,1910,Kongsberg
202944682,aftenposten,1910,Oslo
200790860,hedemarkensamtstidende,1910,Hamar
201471480,romsdalsamtstidende,1910,Kristiansund
200694015,gudbrandsdoelen,1910,Lillehammer
203185169,ranenstidende,1910,Hemnes
204533468,Samhold (Gjøvik: 1885-1920) ,1910,Gjøvik
204733749,Laagendalsposten ,1910,Kongsberg
202410601,hordalandfolkeblad,1910,Kvam
201594617,sognstidend,1910,Sogndal
202050499,bodotidende,1910,Bodø
203720575,aftenpostenukensnytt,1910,
203789974,narviktidende,1910,
200811150,helgelandsblad,1910,
203501307,helgeland,1910,
203125148,indtrondelagen,1910,
202505774,listerogmandalsamtstidendeogadresseavis,1910,Lindesnes
204682037,Samhold (Gjøvik: 1885-1920) ,1910,Gjøvik
200790953,hedemarkensamtstidende,1910,Hamar
201993035,arbeidet,1910,Bergen
202944697,aftenposten,1910,Oslo
201556944,socialdemokraten,1910,Oslo
202242377,fredrikshaldstilskuer,1910,Halden
201452087,romerikesblad,1910,Lillestrøm
201992874,arbeidet,1910,Bergen
200217346,bergenstidende,1910,Bergen
201993056,arbeidet,1910,Bergen
202479162,landmandsposten,1910,
204151349,fjordenestidende,1910,
203733610,narviktidende,1910,
200358205,dagensnytt,1910,
200928391,lillesandsposten,1910,Lillesand
201035424,morgenbladet,1910,Oslo
200831059,indresmaalenenesavis,1910,Indre Østfold
202621735,norskkundgjoerelsestidende,1910,Oslo
201817059,tvedestrandsposten,1910,Tvedestrand
200311177,dagbladet,1910,Oslo
202479124,landmandsposten,1910,
203455694,vestfoldsandefjordatten,1910,
202452181,jarlsbergoglarviksamtstidende,1910,Larvik
202642154,oplandenesavis,1910,Hamar
202579978,nordlandsfolkeblad,1910,
200310905,dagbladet,1910,Oslo
201797676,trondhjemsadresseavis,1910,Trondheim
200928376,lillesandsposten,1910,Lillesand
201109442,mosstilskuer,1910,Moss
202222789,folketidendetrondheimattennittien,1910,Trondheim
202222892,folketidendetrondheimattennittien,1910,Trondheim
203386776,sarpen,1910,
202579908,nordlandsfolkeblad,1910,
201974981,akershuspostenlillestroemnitten,1910,Lørenskog
202536073,mossaftenblad,1910,
203883056,narviktidende,1910,
201035381,morgenbladet,1910,Oslo
200310995,dagbladet,1910,Oslo
201109400,mosstilskuer,1910,Moss
202050530,bodotidende,1910,Bodø
204038481,lofotposten,1910,
202944448,aftenposten,1910,Oslo
200455126,faedrelandsvennen,1910,Kristiansand
201671748,svelviksposten,1910,Drammen
200831114,indresmaalenenesavis,1910,Indre Østfold
202556339,namdalensfolkeblad,1910,
201798083,trondhjemsadresseavis,1910,Trondheim
201993086,arbeidet,1910,Bergen
202522319,more,1910,Volda
203430460,tunsbergeren,1910,
202222872,folketidendetrondheimattennittien,1910,Trondheim
201276567,norgessjoefartstidende,1910,Oslo
200642889,gjengangeren,1910,Horten
204293393,vestoplaendingen,1910,
203302863,buskerudsamtstidendedrammen,1910,
200602370,fremover,1910,Narvik
200601600,fredriksstadtilskuer,1910,Fredrikstad
200886165,kysten,1910,Oslo
201833897,valdres,1910,Nord-Aurdal
202536065,mossaftenblad,1910,
201556779,socialdemokraten,1910,Oslo
202495514,lindesnes,1910,Mandal
203455784,vestfoldsandefjordatten,1910,
201992877,arbeidet,1910,Bergen
201781541,tromsoestiftstidende,1910,Tromsø
203303079,buskerudsamtstidendedrammen,1910,
203430444,tunsbergeren,1910,
200694089,gudbrandsdoelen,1910,Lillehammer
201979089,akersposten,1910,Oslo
202522309,more,1910,Volda
200044469,agderposten,1910,Arendal
202505690,listerogmandalsamtstidendeogadresseavis,1910,Lindesnes
200217504,bergenstidende,1910,Bergen
203168001,nordrebergenhusfolkeblad,1910,Kinn
202059945,breviksposten,1910,Porsgrunn
201950720,agderposten,1910,Arendal
203198917,stavangeraftenblad,1910,Stavanger
201950718,agderposten,1910,Arendal
201992992,arbeidet,1910,Bergen
200911599,lillehammertilskuer,1910,Lillehammer
200564487,foerstemai,1910,Stavanger
201797677,trondhjemsadresseavis,1910,Trondheim
203455797,vestfoldsandefjordatten,1910,
204574054,Samhold (Gjøvik: 1885-1920) ,1910,Gjøvik
200601652,fredriksstadtilskuer,1910,Fredrikstad
202621861,norskkundgjoerelsestidende,1910,Oslo
202452085,jarlsbergoglarviksamtstidende,1910,Larvik
201309881,oeieren,1910,
203455684,vestfoldsandefjordatten,1910,
204699010,Laagendalsposten ,1910,Kongsberg
202556364,namdalensfolkeblad,1910,
201560841,soendretrondhjemsamtstidende,1910,Orkdal
200693988,gudbrandsdoelen,1910,Lillehammer
200602349,fremover,1910,Narvik
201505942,sandefjordsblad,1910,Sandefjord
202158954,egersundsposten,1910,Eigersund
202505734,listerogmandalsamtstidendeogadresseavis,1910,Lindesnes
201170404,nordkapp,1910,
201276361,norgessjoefartstidende,1910,Oslo
201556841,socialdemokraten,1910,Oslo
202786864,skandinaven,1910,
202023418,bergensaftenbladbergenattenattini,1910,Bergen
200358214,dagensnytt,1910,
204241486,gudbrandsdalensfolkebladgjoevik,1910,
202568234,nordfjord,1910,
201573011,sogningen,1910,Sogndal
200694048,gudbrandsdoelen,1910,Lillehammer
203199050,stavangeraftenblad,1910,Stavanger
203303085,buskerudsamtstidendedrammen,1910,
203117110,indheredsposten,1910,
200044501,agderposten,1910,Arendal
203303114,buskerudsamtstidendedrammen,1910,
200886153,kysten,1910,Oslo
203198879,stavangeraftenblad,1910,Stavanger
203455817,vestfoldsandefjordatten,1910,
200044374,agderposten,1910,Arendal
203198927,stavangeraftenblad,1910,Stavanger
200358147,dagensnytt,1910,
200044480,agderposten,1910,Arendal
200886098,kysten,1910,Oslo
200358220,dagensnytt,1910,
200602319,fremover,1910,Narvik
202609779,nordtroenderen,1910,
203117096,indheredsposten,1910,
204396311,Samhold (Gjøvik: 1885-1920) ,1910,Gjøvik
202410602,hordalandfolkeblad,1910,Kvam
202040775,bergensannoncetidende,1910,
200564454,foerstemai,1910,Stavanger
200623900,fremtiden,1910,Drammen
202786814,skandinaven,1910,
201035406,morgenbladet,1910,Oslo
202786890,skandinaven,1910,
202944590,aftenposten,1910,Oslo
203198763,stavangeraftenblad,1910,Stavanger
201109482,mosstilskuer,1910,Moss
202474856,kristiansundspostenatten,1910,
201600237,solungen,1910,Kongsvinger
203302991,buskerudsamtstidendedrammen,1910,
201471522,romsdalsamtstidende,1910,Kristiansund
203302902,buskerudsamtstidendedrammen,1910,
202424286,indlandsposten,1910,
201560787,soendretrondhjemsamtstidende,1910,Orkdal
201992866,arbeidet,1910,Bergen
203583513,helgeland,1910,
201781593,tromsoestiftstidende,1910,Tromsø
200525844,finnmarksposten,1910,Nordkapp
203430413,tunsbergeren,1910,
202621903,norskkundgjoerelsestidende,1910,Oslo
204732920,Laagendalsposten ,1910,Kongsberg
203302900,buskerudsamtstidendedrammen,1910,
200217392,bergenstidende,1910,Bergen
203866574,fjellposten,1910,
200642823,gjengangeren,1910,Horten
201817113,tvedestrandsposten,1910,Tvedestrand
201600317,solungen,1910,Kongsvinger
202568279,nordfjord,1910,
201035619,morgenbladet,1910,Oslo
203358787,oevresmaalenene,1910,Indre Østfold
202040986,bergensannoncetidende,1910,
201992932,arbeidet,1910,Bergen
202187133,finmarken,1910,Vardø
203455833,vestfoldsandefjordatten,1910,
200027830,agder,1910,
203198886,stavangeraftenblad,1910,Stavanger
200676343,grimstadadressetiden,1910,Grimstad
201035493,morgenbladet,1910,Oslo
202642260,oplandenesavis,1910,Hamar
203386847,sarpen,1910,
202424346,indlandsposten,1910,
203386826,sarpen,1910,
202944208,aftenposten,1910,Oslo
202410723,hordalandfolkeblad,1910,Kvam
203153768,nordenfjeldsktidende,1910,Levanger
204319073,gjoviksbladattenattifire,1910,
202023323,bergensaftenbladbergenattenattini,1910,Bergen
203702581,buskerudsblad,1910,
200623934,fremtiden,1910,Drammen
202158932,egersundsposten,1910,Eigersund
202302487,grimstadposten,1910,
202242342,fredrikshaldstilskuer,1910,Halden
203168013,nordrebergenhusfolkeblad,1910,Kinn
202786816,skandinaven,1910,
203386813,sarpen,1910,
202181463,farsundsavis,1910,Farsund
202790729,soendmoerefolkeblad,1910,
201560776,soendretrondhjemsamtstidende,1910,Orkdal
201505892,sandefjordsblad,1910,Sandefjord
201309800,oeieren,1910,
202059884,breviksposten,1910,Porsgrunn
203430450,tunsbergeren,1910,
204371354,Samhold (Gjøvik: 1885-1920) ,1910,Gjøvik
200885991,kysten,1910,Oslo
202040899,bergensannoncetidende,1910,
200358198,dagensnytt,1910,
202187123,finmarken,1910,Vardø
200027797,agder,1910,
201556949,socialdemokraten,1910,Oslo
201798026,trondhjemsadresseavis,1910,Trondheim
200310859,dagbladet,1910,Oslo
202786830,skandinaven,1910,
201975080,akershuspostenlillestroemnitten,1910,Lørenskog
202187052,finmarken,1910,Vardø
201950779,agderposten,1910,Arendal
200866226,kongsbergdagblad,1910,Kongsberg
202621687,norskkundgjoerelsestidende,1910,Oslo
202642238,oplandenesavis,1910,Hamar
203744339,buskerudsblad,1910,
202944812,aftenposten,1910,Oslo
200562585,flekkefjordsposten,1910,
202944246,aftenposten,1910,Oslo
200217322,bergenstidende,1910,Bergen
200642878,gjengangeren,1910,Horten
202452016,jarlsbergoglarviksamtstidende,1910,Larvik
202452140,jarlsbergoglarviksamtstidende,1910,Larvik
202302534,grimstadposten,1910,
201035279,morgenbladet,1910,Oslo
200564564,foerstemai,1910,Stavanger
202181460,farsundsavis,1910,Farsund
200027839,agder,1910,
203396180,skotfosavisnittennullen,1910,
200601457,fredriksstadtilskuer,1910,Fredrikstad
202944386,aftenposten,1910,Oslo
203167999,nordrebergenhusfolkeblad,1910,Kinn
202944832,aftenposten,1910,Oslo
202642204,oplandenesavis,1910,Hamar
200886073,kysten,1910,Oslo
203498806,narviktidende,1910,
203393424,senjensbladnittennullsju,1910,
200455092,faedrelandsvennen,1910,Kristiansand
203198892,stavangeraftenblad,1910,Stavanger
200564461,foerstemai,1910,Stavanger
202521379,moldeannonceblad,1910,
201797959,trondhjemsadresseavis,1910,Trondheim
201471478,romsdalsamtstidende,1910,Kristiansund
200454992,faedrelandsvennen,1910,Kristiansand
202756581,romsdalstidende,1910,
200911520,lillehammertilskuer,1910,Lillehammer
204293399,vestoplaendingen,1910,
200676379,grimstadadressetiden,1910,Grimstad
202424305,indlandsposten,1910,
201035854,morgenbladet,1910,Oslo
203775332,lofotposten,1910,
201505961,sandefjordsblad,1910,Sandefjord
203302944,buskerudsamtstidendedrammen,1910,
203199019,stavangeraftenblad,1910,Stavanger
201798101,trondhjemsadresseavis,1910,Trondheim
202040783,bergensannoncetidende,1910,
200027825,agder,1910,
203772280,narviktidende,1910,
201967702,akershus,1910,Lillestrøm
204293451,vestoplaendingen,1910,
201557009,socialdemokraten,1910,Oslo
202452125,jarlsbergoglarviksamtstidende,1910,Larvik
202500296,listerfarsundatten,1910,
202479161,landmandsposten,1910,
202040853,bergensannoncetidende,1910,
202222718,folketidendetrondheimattennittien,1910,Trondheim
203430466,tunsbergeren,1910,
200562533,flekkefjordsposten,1910,
203505126,nordland,1910,
202424239,indlandsposten,1910,
202479198,landmandsposten,1910,
201941526,vortlandosloattennitti,1910,Oslo
203463208,vossavis,1910,
202012927,baerumogaskersblad,1910,
201600214,solungen,1910,Kongsvinger
203165880,nordrebergenhusamtstidende,1910,Kinn
200866304,kongsbergdagblad,1910,Kongsberg
202554198,namdalensblad,1910,
200564506,foerstemai,1910,Stavanger
204464220,Bergensposten Fram (Bergen 1892-1893) ,1910,Bergen
200790911,hedemarkensamtstidende,1910,Hamar
202621864,norskkundgjoerelsestidende,1910,Oslo
200911603,lillehammertilskuer,1910,Lillehammer
200752819,harstadtidende,1910,Harstad
202609703,nordtroenderen,1910,
200886063,kysten,1910,Oslo
202536077,mossaftenblad,1910,
203411611,soloerposten,1910,
202050522,bodotidende,1910,Bodø
204293416,vestoplaendingen,1910,
202609716,nordtroenderen,1910,
203198971,stavangeraftenblad,1910,Stavanger
200358222,dagensnytt,1910,
200436785,dunderlandsdoelen,1910,Rana
202424229,indlandsposten,1910,
200455056,faedrelandsvennen,1910,Kristiansand
202521395,moldeannonceblad,1910,
201276580,norgessjoefartstidende,1910,Oslo
203411557,soloerposten,1910,
202585511,nordlandsposten,1910,Bodø
203168050,nordrebergenhusfolkeblad,1910,Kinn
200676394,grimstadadressetiden,1910,Grimstad
201797661,trondhjemsadresseavis,1910,Trondheim
201035753,morgenbladet,1910,Oslo
202057328,breidablik,1910,
200310984,dagbladet,1910,Oslo
200694110,gudbrandsdoelen,1910,Lillehammer
201505836,sandefjordsblad,1910,Sandefjord
203198753,stavangeraftenblad,1910,Stavanger
202059968,breviksposten,1910,Porsgrunn
202786820,skandinaven,1910,
201345507,osterdolen,1910,Tynset
201775757,tromsoeposten,1910,Tromsø
202302476,grimstadposten,1910,
201471529,romsdalsamtstidende,1910,Kristiansund
202609807,nordtroenderen,1910,
203302909,buskerudsamtstidendedrammen,1910,
202050582,bodotidende,1910,Bodø
201163456,nordisktidende,1910,
200525802,finnmarksposten,1910,Nordkapp
201434725,rogalandnittensju,1910,Stavanger
200217610,bergenstidende,1910,Bergen
201556849,socialdemokraten,1910,Oslo
202474920,kristiansundspostenatten,1910,
200562552,flekkefjordsposten,1910,
201833956,valdres,1910,Nord-Aurdal
201797745,trondhjemsadresseavis,1910,Trondheim
202944422,aftenposten,1910,Oslo
200642916,gjengangeren,1910,Horten
202023383,bergensaftenbladbergenattenattini,1910,Bergen
203393457,senjensbladnittennullsju,1910,
203185173,ranenstidende,1910,Hemnes
200911487,lillehammertilskuer,1910,Lillehammer
200217511,bergenstidende,1910,Bergen
204733269,Laagendalsposten ,1910,Kongsberg
202474945,kristiansundspostenatten,1910,
202242362,fredrikshaldstilskuer,1910,Halden
200866240,kongsbergdagblad,1910,Kongsberg
204624358,Samhold (Gjøvik: 1885-1920) ,1910,Gjøvik
200564552,foerstemai,1910,Stavanger
202944727,aftenposten,1910,Oslo
201560857,soendretrondhjemsamtstidende,1910,Orkdal
202059961,breviksposten,1910,Porsgrunn
203302995,buskerudsamtstidendedrammen,1910,
202568246,nordfjord,1910,
200831110,indresmaalenenesavis,1910,Indre Østfold
201163454,nordisktidende,1910,
200217386,bergenstidende,1910,Bergen
201276476,norgessjoefartstidende,1910,Oslo
200886001,kysten,1910,Oslo
201975023,akershuspostenlillestroemnitten,1910,Lørenskog
201109441,mosstilskuer,1910,Moss
200562580,flekkefjordsposten,1910,
201035508,morgenbladet,1910,Oslo
204559462,Samhold (Gjøvik: 1885-1920) ,1910,Gjøvik
200455066,faedrelandsvennen,1910,Kristiansand
202556331,namdalensfolkeblad,1910,
203520571,lofotposten,1910,
201992948,arbeidet,1910,Bergen
200911556,lillehammertilskuer,1910,Lillehammer
201797966,trondhjemsadresseavis,1910,Trondheim
201950711,agderposten,1910,Arendal
200525836,finnmarksposten,1910,Nordkapp
200358208,dagensnytt,1910,
200454982,faedrelandsvennen,1910,Kristiansand
202579977,nordlandsfolkeblad,1910,
200455037,faedrelandsvennen,1910,Kristiansand
200455084,faedrelandsvennen,1910,Kristiansand
201035562,morgenbladet,1910,Oslo
202479127,landmandsposten,1910,
203198991,stavangeraftenblad,1910,Stavanger
202621913,norskkundgjoerelsestidende,1910,Oslo
203685563,fjellposten,1910,
201035551,morgenbladet,1910,Oslo
201833932,valdres,1910,Nord-Aurdal
203503385,lofotposten,1910,
200358254,dagensnytt,1910,
202536041,mossaftenblad,1910,
203153748,nordenfjeldsktidende,1910,Levanger
200310958,dagbladet,1910,Oslo
203478478,aftenpostenukensnytt,1910,
203636703,buskerudsblad,1910,
204293444,vestoplaendingen,1910,
202222842,folketidendetrondheimattennittien,1910,Trondheim
202452179,jarlsbergoglarviksamtstidende,1910,Larvik
202495470,lindesnes,1910,Mandal
202579984,nordlandsfolkeblad,1910,
202050584,bodotidende,1910,Bodø
200455144,faedrelandsvennen,1910,Kristiansand
200790916,hedemarkensamtstidende,1910,Hamar
202023275,bergensaftenbladbergenattenattini,1910,Bergen
200790821,hedemarkensamtstidende,1910,Hamar
204413591,Samhold (Gjøvik: 1885-1920) ,1910,Gjøvik
203644814,lofotposten,1910,
201556999,socialdemokraten,1910,Oslo
203783788,lofotposten,1910,
202023405,bergensaftenbladbergenattenattini,1910,Bergen
200866329,kongsbergdagblad,1910,Kongsberg
201979094,akersposten,1910,Oslo
202944623,aftenposten,1910,Oslo
201035306,morgenbladet,1910,Oslo
200831048,indresmaalenenesavis,1910,Indre Østfold
202500336,listerfarsundatten,1910,
200623983,fremtiden,1910,Drammen
201781521,tromsoestiftstidende,1910,Tromsø
200694004,gudbrandsdoelen,1910,Lillehammer
201992884,arbeidet,1910,Bergen
200601731,fredriksstadtilskuer,1910,Fredrikstad
201556846,socialdemokraten,1910,Oslo
203153788,nordenfjeldsktidende,1910,Levanger
202944887,aftenposten,1910,Oslo
201276551,norgessjoefartstidende,1910,Oslo
203302911,buskerudsamtstidendedrammen,1910,
200311061,dagbladet,1910,Oslo
202023254,bergensaftenbladbergenattenattini,1910,Bergen
201600299,solungen,1910,Kongsvinger
202541154,mossavis,1910,Moss
200601614,fredriksstadtilskuer,1910,Fredrikstad
201217544,nordlys,1910,Tromsø
202585479,nordlandsposten,1910,Bodø
204693048,Samhold (Gjøvik: 1885-1920) ,1910,Gjøvik
200217316,bergenstidende,1910,Bergen
201035880,morgenbladet,1910,Oslo
202012920,baerumogaskersblad,1910,
202554169,namdalensblad,1910,
200866142,kongsbergdagblad,1910,Kongsberg
202621953,norskkundgjoerelsestidende,1910,Oslo
203524016,lofotposten,1910,
203358842,oevresmaalenene,1910,Indre Østfold
202159012,egersundsposten,1910,Eigersund
200310928,dagbladet,1910,Oslo
202944925,aftenposten,1910,Oslo
201217615,nordlys,1910,Tromsø
200623949,fremtiden,1910,Drammen
200667863,glommendalen,1910,Kongsvinger
203198918,stavangeraftenblad,1910,Stavanger
201452109,romerikesblad,1910,Lillestrøm
200623951,fremtiden,1910,Drammen
203946227,fjellposten,1910,
203946098,aftenpostenukensnytt,1910,
201974973,akershuspostenlillestroemnitten,1910,Lørenskog
201152815,nedenaesamtstidende,1910,Risør
202023492,bergensaftenbladbergenattenattini,1910,Bergen
200866213,kongsbergdagblad,1910,Kongsberg
201817084,tvedestrandsposten,1910,Tvedestrand
203939838,nordland,1910,
202222991,folketidendetrondheimattennittien,1910,Trondheim
200693998,gudbrandsdoelen,1910,Lillehammer
201993166,arbeidet,1910,Bergen
204611900,unglyden ,1910,Voss
202609701,nordtroenderen,1910,
201797772,trondhjemsadresseavis,1910,Trondheim
202609733,nordtroenderen,1910,
202222801,folketidendetrondheimattennittien,1910,Trondheim
202500401,listerfarsundatten,1910,
202187116,finmarken,1910,Vardø
200811212,helgelandsblad,1910,
200831098,indresmaalenenesavis,1910,Indre Østfold
203402199,soendhordland,1910,
202756638,romsdalstidende,1910,
201629275,stjordalensblad,1910,Stjørdal
201170407,nordkapp,1910,
202944431,aftenposten,1910,Oslo
202222807,folketidendetrondheimattennittien,1910,Trondheim
201534670,selbyggen,1910,Selbu
202479256,landmandsposten,1910,
202944908,aftenposten,1910,Oslo
200564565,foerstemai,1910,Stavanger
201629226,stjordalensblad,1910,Stjørdal
201975033,akershuspostenlillestroemnitten,1910,Lørenskog
202222879,folketidendetrondheimattennittien,1910,Trondheim
201276542,norgessjoefartstidende,1910,Oslo
202505757,listerogmandalsamtstidendeogadresseavis,1910,Lindesnes
204524798,Hamar Stiftstidende ,1910,Hamar
200676448,grimstadadressetiden,1910,Grimstad
203198854,stavangeraftenblad,1910,Stavanger
201477540,romsdalsbudstikke,1910,Molde
202621857,norskkundgjoerelsestidende,1910,Oslo
201974987,akershuspostenlillestroemnitten,1910,Lørenskog
204151374,fjordenestidende,1910,
202223001,folketidendetrondheimattennittien,1910,Trondheim
202790777,soendmoerefolkeblad,1910,
201035425,morgenbladet,1910,Oslo
202302531,grimstadposten,1910,
201967706,akershus,1910,Lillestrøm
200564525,foerstemai,1910,Stavanger
200253707,bratsbergdemokraten,1910,Skien
203669158,nordland,1910,
204490250,Hamar Stiftstidende ,1910,Hamar
203411626,soloerposten,1910,
200885923,kysten,1910,Oslo
201950710,agderposten,1910,Arendal
201594585,sognstidend,1910,Sogndal
204572427,Hamar Stiftstidende ,1910,Hamar
201194345,nordlandsposten,1910,Bodø
203652157,warensardne,1910,
201505848,sandefjordsblad,1910,Sandefjord
202944429,aftenposten,1910,Oslo
202424197,indlandsposten,1910,
202609704,nordtroenderen,1910,
201035355,morgenbladet,1910,Oslo
202040904,bergensannoncetidende,1910,
202424316,indlandsposten,1910,
201035755,morgenbladet,1910,Oslo
202756582,romsdalstidende,1910,
202500299,listerfarsundatten,1910,
201975062,akershuspostenlillestroemnitten,1910,Lørenskog
202500406,listerfarsundatten,1910,
202609790,nordtroenderen,1910,
200311134,dagbladet,1910,Oslo
200811174,helgelandsblad,1910,
200027781,agder,1910,
204380731,Samhold (Gjøvik: 1885-1920) ,1910,Gjøvik
203185165,ranenstidende,1910,Hemnes
201309883,oeieren,1910,
201109406,mosstilskuer,1910,Moss
202609764,nordtroenderen,1910,
202568278,nordfjord,1910,
201993142,arbeidet,1910,Bergen
201309832,oeieren,1910,
200811240,helgelandsblad,1910,
202452024,jarlsbergoglarviksamtstidende,1910,Larvik
200253766,bratsbergdemokraten,1910,Skien
201556979,socialdemokraten,1910,Oslo
200694053,gudbrandsdoelen,1910,Lillehammer
202424192,indlandsposten,1910,
204623480,Hamar Stiftstidende ,1910,Hamar
202505709,listerogmandalsamtstidendeogadresseavis,1910,Lindesnes
204625399,Samhold (Gjøvik: 1885-1920) ,1910,Gjøvik
201798007,trondhjemsadresseavis,1910,Trondheim
203118896,indherred,1910,Steinkjer
200455102,faedrelandsvennen,1910,Kristiansand
203386864,sarpen,1910,
202181472,farsundsavis,1910,Farsund
202601766,nordretrondhjemsamtstidende,1910,
204541619,Samhold (Gjøvik: 1885-1920) ,1910,Gjøvik
201600249,solungen,1910,Kongsvinger
203669889,nordland,1910,
204718384,Laagendalsposten ,1910,Kongsberg
202505814,listerogmandalsamtstidendeogadresseavis,1910,Lindesnes
202522323,more,1910,Volda
203430443,tunsbergeren,1910,
202452064,jarlsbergoglarviksamtstidende,1910,Larvik
203386781,sarpen,1910,
203902889,aftenpostenukensnytt,1910,
203358774,oevresmaalenene,1910,Indre Østfold
201671758,svelviksposten,1910,Drammen
203402126,soendhordland,1910,
201194337,nordlandsposten,1910,Bodø
204241596,gudbrandsdalensfolkebladgjoevik,1910,
201798039,trondhjemsadresseavis,1910,Trondheim
202474881,kristiansundspostenatten,1910,
200253767,bratsbergdemokraten,1910,Skien
200886210,kysten,1910,Oslo
201817090,tvedestrandsposten,1910,Tvedestrand
201035877,morgenbladet,1910,Oslo
200642851,gjengangeren,1910,Horten
202505755,listerogmandalsamtstidendeogadresseavis,1910,Lindesnes
201600211,solungen,1910,Kongsvinger
201975029,akershuspostenlillestroemnitten,1910,Lørenskog
200667778,glommendalen,1910,Kongsvinger
200358166,dagensnytt,1910,
200928327,lillesandsposten,1910,Lillesand
203396186,skotfosavisnittennullen,1910,
202944671,aftenposten,1910,Oslo
201993013,arbeidet,1910,Bergen
200217439,bergenstidende,1910,Bergen
201345561,osterdolen,1910,Tynset
201035807,morgenbladet,1910,Oslo
202187094,finmarken,1910,Vardø
204723264,Laagendalsposten ,1910,Kongsberg
202239753,fredrikshaldsavis,1910,
201950796,agderposten,1910,Arendal
204319026,gjoviksbladattenattifire,1910,
201781537,tromsoestiftstidende,1910,Tromsø
202589624,nordlendingen,1910,
202756621,romsdalstidende,1910,
204695910,Samhold (Gjøvik: 1885-1920) ,1910,Gjøvik
203386812,sarpen,1910,
200455034,faedrelandsvennen,1910,Kristiansand
203199045,stavangeraftenblad,1910,Stavanger
203117036,indheredsposten,1910,
200253754,bratsbergdemokraten,1910,Skien
202410667,hordalandfolkeblad,1910,Kvam
200790861,hedemarkensamtstidende,1910,Hamar
203411682,soloerposten,1910,
203433325,tvedestrandogomegnsavis,1910,
200454902,faedrelandsvennen,1910,Kristiansand
202023476,bergensaftenbladbergenattenattini,1910,Bergen
203198783,stavangeraftenblad,1910,Stavanger
201035632,morgenbladet,1910,Oslo
202621805,norskkundgjoerelsestidende,1910,Oslo
200667769,glommendalen,1910,Kongsvinger
200044431,agderposten,1910,Arendal
200044430,agderposten,1910,Arendal
200811237,helgelandsblad,1910,
201170435,nordkapp,1910,
201798050,trondhjemsadresseavis,1910,Trondheim
204559327,Samhold (Gjøvik: 1885-1920) ,1910,Gjøvik
200310945,dagbladet,1910,Oslo
202187121,finmarken,1910,Vardø
204379334,Samhold (Gjøvik: 1885-1920) ,1910,Gjøvik
201309897,oeieren,1910,
202541188,mossavis,1910,Moss
201973557,akershusfolkebladdroebak,1910,Oslo
202621741,norskkundgjoerelsestidende,1910,Oslo
200564484,foerstemai,1910,Stavanger
203303015,buskerudsamtstidendedrammen,1910,
203430459,tunsbergeren,1910,
202944304,aftenposten,1910,Oslo
202505788,listerogmandalsamtstidendeogadresseavis,1910,Lindesnes
203153785,nordenfjeldsktidende,1910,Levanger
202601710,nordretrondhjemsamtstidende,1910,
201798043,trondhjemsadresseavis,1910,Trondheim
200790839,hedemarkensamtstidende,1910,Hamar
200811182,helgelandsblad,1910,
203888040,oerebladet,1910,
202410618,hordalandfolkeblad,1910,Kvam
202554158,namdalensblad,1910,
202500369,listerfarsundatten,1910,
201163497,nordisktidende,1910,
203125214,indtrondelagen,1910,
200886093,kysten,1910,Oslo
200564554,foerstemai,1910,Stavanger
202238759,framstigvoldanittenti,1910,
200601702,fredriksstadtilskuer,1910,Fredrikstad
202479214,landmandsposten,1910,
202944330,aftenposten,1910,Oslo
200044461,agderposten,1910,Arendal
203769458,helgeland,1910,
202012882,baerumogaskersblad,1910,
201833930,valdres,1910,Nord-Aurdal
204319109,gjoviksbladattenattifire,1910,
202541151,mossavis,1910,Moss
200562587,flekkefjordsposten,1910,
203411548,soloerposten,1910,
200027783,agder,1910,
202944249,aftenposten,1910,Oslo
203411659,soloerposten,1910,
200885926,kysten,1910,Oslo
201505883,sandefjordsblad,1910,Sandefjord
201798000,trondhjemsadresseavis,1910,Trondheim
201798044,trondhjemsadresseavis,1910,Trondheim
203153722,nordenfjeldsktidende,1910,Levanger
203165877,nordrebergenhusamtstidende,1910,Kinn
204319059,gjoviksbladattenattifire,1910,
201035349,morgenbladet,1910,Oslo
203153832,nordenfjeldsktidende,1910,Levanger
202222855,folketidendetrondheimattennittien,1910,Trondheim
201471493,romsdalsamtstidende,1910,Kristiansund
201556784,socialdemokraten,1910,Oslo
201797732,trondhjemsadresseavis,1910,Trondheim
202944191,aftenposten,1910,Oslo
201217566,nordlys,1910,Tromsø
200623959,fremtiden,1910,Drammen
200455176,faedrelandsvennen,1910,Kristiansand
201035513,morgenbladet,1910,Oslo
200866134,kongsbergdagblad,1910,Kongsberg
200455017,faedrelandsvennen,1910,Kristiansand
201974978,akershuspostenlillestroemnitten,1910,Lørenskog
201572982,sogningen,1910,Sogndal
201992858,arbeidet,1910,Bergen
200253723,bratsbergdemokraten,1910,Skien
201950763,agderposten,1910,Arendal
203386846,sarpen,1910,
203433379,tvedestrandogomegnsavis,1910,
200911518,lillehammertilskuer,1910,Lillehammer
204151344,fjordenestidende,1910,
203020056,askerogbaerumsbudstikke,1910,Bærum
203560061,narviktidende,1910,
203165823,nordrebergenhusamtstidende,1910,Kinn
203976416,oerebladet,1910,
201471532,romsdalsamtstidende,1910,Kristiansund
200310897,dagbladet,1910,Oslo
200454956,faedrelandsvennen,1910,Kristiansand
202579942,nordlandsfolkeblad,1910,
201797837,trondhjemsadresseavis,1910,Trondheim
201316140,ofotenstidende,1910,Narvik
204380857,Hamar Stiftstidende ,1910,Hamar
202495466,lindesnes,1910,Mandal
203125174,indtrondelagen,1910,
201797794,trondhjemsadresseavis,1910,Trondheim
201316137,ofotenstidende,1910,Narvik
201556960,socialdemokraten,1910,Oslo
200455174,faedrelandsvennen,1910,Kristiansand
202187128,finmarken,1910,Vardø
202601745,nordretrondhjemsamtstidende,1910,
200358164,dagensnytt,1910,
202621828,norskkundgjoerelsestidende,1910,Oslo
202452185,jarlsbergoglarviksamtstidende,1910,Larvik
201505891,sandefjordsblad,1910,Sandefjord
202944342,aftenposten,1910,Oslo
201797933,trondhjemsadresseavis,1910,Trondheim
201316160,ofotenstidende,1910,Narvik
203455839,vestfoldsandefjordatten,1910,
202568229,nordfjord,1910,
201594577,sognstidend,1910,Sogndal
202556336,namdalensfolkeblad,1910,
202756620,romsdalstidende,1910,
204599006,Hamar Stiftstidende ,1910,Hamar
201276599,norgessjoefartstidende,1910,Oslo
203548157,oerebladet,1910,
200044418,agderposten,1910,Arendal
203165861,nordrebergenhusamtstidende,1910,Kinn
201950814,agderposten,1910,Arendal
203778363,oerebladet,1910,
201309887,oeieren,1910,
204241599,gudbrandsdalensfolkebladgjoevik,1910,
203967536,oerebladet,1910,
203153833,nordenfjeldsktidende,1910,Levanger
202756618,romsdalstidende,1910,
202050510,bodotidende,1910,Bodø
200562563,flekkefjordsposten,1910,
202756633,romsdalstidende,1910,
202410721,hordalandfolkeblad,1910,Kvam
200562574,flekkefjordsposten,1910,
201992946,arbeidet,1910,Bergen
200601682,fredriksstadtilskuer,1910,Fredrikstad
200310982,dagbladet,1910,Oslo
203624235,narviktidende,1910,
200790866,hedemarkensamtstidende,1910,Hamar
200694037,gudbrandsdoelen,1910,Lillehammer
200866261,kongsbergdagblad,1910,Kongsberg
201967642,akershus,1910,Lillestrøm
202023326,bergensaftenbladbergenattenattini,1910,Bergen
200358249,dagensnytt,1910,
200455038,faedrelandsvennen,1910,Kristiansand
201833931,valdres,1910,Nord-Aurdal
204646836,Samhold (Gjøvik: 1885-1920) ,1910,Gjøvik
202621842,norskkundgjoerelsestidende,1910,Oslo
201505990,sandefjordsblad,1910,Sandefjord
204460319,Samhold (Gjøvik: 1885-1920) ,1910,Gjøvik
203019991,askerogbaerumsbudstikke,1910,Bærum
201035666,morgenbladet,1910,Oslo
202222847,folketidendetrondheimattennittien,1910,Trondheim
203393436,senjensbladnittennullsju,1910,
203117057,indheredsposten,1910,
203020055,askerogbaerumsbudstikke,1910,Bærum
200311007,dagbladet,1910,Oslo
202479114,landmandsposten,1910,
200642959,gjengangeren,1910,Horten
201505857,sandefjordsblad,1910,Sandefjord
204151366,fjordenestidende,1910,
200217398,bergenstidende,1910,Bergen
204688665,Samhold (Gjøvik: 1885-1920) ,1910,Gjøvik
200044384,agderposten,1910,Arendal
201572936,sogningen,1910,Sogndal
202500278,listerfarsundatten,1910,
202012877,baerumogaskersblad,1910,
200455085,faedrelandsvennen,1910,Kristiansand
201781534,tromsoestiftstidende,1910,Tromsø
202410713,hordalandfolkeblad,1910,Kvam
201797726,trondhjemsadresseavis,1910,Trondheim
200866164,kongsbergdagblad,1910,Kongsberg
201035359,morgenbladet,1910,Oslo
201950847,agderposten,1910,Arendal
200676489,grimstadadressetiden,1910,Grimstad
202554116,namdalensblad,1910,
201152904,nedenaesamtstidende,1910,Risør
201817070,tvedestrandsposten,1910,Tvedestrand
202410596,hordalandfolkeblad,1910,Kvam
202568262,nordfjord,1910,
203168020,nordrebergenhusfolkeblad,1910,Kinn
202059973,breviksposten,1910,Porsgrunn
200253795,bratsbergdemokraten,1910,Skien
202536046,mossaftenblad,1910,
202944560,aftenposten,1910,Oslo
201993075,arbeidet,1910,Bergen
200217663,bergenstidende,1910,Bergen
200601672,fredriksstadtilskuer,1910,Fredrikstad
201276467,norgessjoefartstidende,1910,Oslo
200928342,lillesandsposten,1910,Lillesand
201505923,sandefjordsblad,1910,Sandefjord
200623899,fremtiden,1910,Drammen
202944348,aftenposten,1910,Oslo
203525836,narviktidende,1910,
204690575,Hamar Stiftstidende ,1910,Hamar
200831015,indresmaalenenesavis,1910,Indre Østfold
201109477,mosstilskuer,1910,Moss
203386871,sarpen,1910,
203455682,vestfoldsandefjordatten,1910,
202756639,romsdalstidende,1910,
201572945,sogningen,1910,Sogndal
202424253,indlandsposten,1910,
204384181,Bergensposten Fram (Bergen 1892-1893) ,1910,Bergen
200044417,agderposten,1910,Arendal
203386827,sarpen,1910,
202222812,folketidendetrondheimattennittien,1910,Trondheim
201035398,morgenbladet,1910,Oslo
200358278,dagensnytt,1910,
203463166,vossavis,1910,
200310829,dagbladet,1910,Oslo
202621711,norskkundgjoerelsestidende,1910,Oslo
202222967,folketidendetrondheimattennittien,1910,Trondheim
201629285,stjordalensblad,1910,Stjørdal
200562593,flekkefjordsposten,1910,
204031380,nordland,1910,
201309875,oeieren,1910,
203600503,fjellposten,1910,
201505972,sandefjordsblad,1910,Sandefjord
202554070,namdalensblad,1910,
200911552,lillehammertilskuer,1910,Lillehammer
202944226,aftenposten,1910,Oslo
201035712,morgenbladet,1910,Oslo
201973562,akershusfolkebladdroebak,1910,Oslo
201992990,arbeidet,1910,Bergen
203386818,sarpen,1910,
202579903,nordlandsfolkeblad,1910,
200601593,fredriksstadtilskuer,1910,Fredrikstad
200752836,harstadtidende,1910,Harstad
201452148,romerikesblad,1910,Lillestrøm
201109464,mosstilskuer,1910,Moss
201309841,oeieren,1910,
202023232,bergensaftenbladbergenattenattini,1910,Bergen
201276445,norgessjoefartstidende,1910,Oslo
201276346,norgessjoefartstidende,1910,Oslo
202505719,listerogmandalsamtstidendeogadresseavis,1910,Lindesnes
203455623,vestfoldsandefjordatten,1910,
203678001,narviktidende,1910,
201505910,sandefjordsblad,1910,Sandefjord
201781527,tromsoestiftstidende,1910,Tromsø
203613588,fjellposten,1910,
204319057,gjoviksbladattenattifire,1910,
201797775,trondhjemsadresseavis,1910,Trondheim
200455105,faedrelandsvennen,1910,Kristiansand
200311076,dagbladet,1910,Oslo
202159005,egersundsposten,1910,Eigersund
201035795,morgenbladet,1910,Oslo
201035750,morgenbladet,1910,Oslo
202050534,bodotidende,1910,Bodø
202059893,breviksposten,1910,Porsgrunn
201993066,arbeidet,1910,Bergen
202621871,norskkundgjoerelsestidende,1910,Oslo
200310856,dagbladet,1910,Oslo
202621985,norskkundgjoerelsestidende,1910,Oslo
202621964,norskkundgjoerelsestidende,1910,Oslo
202579912,nordlandsfolkeblad,1910,
200886083,kysten,1910,Oslo
203727924,nordland,1910,
201560862,soendretrondhjemsamtstidende,1910,Orkdal
202621699,norskkundgjoerelsestidende,1910,Oslo
203358882,oevresmaalenene,1910,Indre Østfold
201035500,morgenbladet,1910,Oslo
203411677,soloerposten,1910,
203411560,soloerposten,1910,
201600236,solungen,1910,Kongsvinger
200311011,dagbladet,1910,Oslo
202483355,langesundsposten,1910,
202452041,jarlsbergoglarviksamtstidende,1910,Larvik
202556321,namdalensfolkeblad,1910,
201471526,romsdalsamtstidende,1910,Kristiansund
200667766,glommendalen,1910,Kongsvinger
201471506,romsdalsamtstidende,1910,Kristiansund
200602388,fremover,1910,Narvik
202012903,baerumogaskersblad,1910,
201560789,soendretrondhjemsamtstidende,1910,Orkdal
200694026,gudbrandsdoelen,1910,Lillehammer
201309811,oeieren,1910,
201979093,akersposten,1910,Oslo
200886194,kysten,1910,Oslo
200676355,grimstadadressetiden,1910,Grimstad
203153707,nordenfjeldsktidende,1910,Levanger
203125181,indtrondelagen,1910,
201217556,nordlys,1910,Tromsø
200752899,harstadtidende,1910,Harstad
201781517,tromsoestiftstidende,1910,Tromsø
200217564,bergenstidende,1910,Bergen
202059908,breviksposten,1910,Porsgrunn
201797909,trondhjemsadresseavis,1910,Trondheim
203020062,askerogbaerumsbudstikke,1910,Bærum
202222767,folketidendetrondheimattennittien,1910,Trondheim
201035630,morgenbladet,1910,Oslo
203117081,indheredsposten,1910,
202040954,bergensannoncetidende,1910,
200217567,bergenstidende,1910,Bergen
200310926,dagbladet,1910,Oslo
200044424,agderposten,1910,Arendal
202521402,moldeannonceblad,1910,
201035426,morgenbladet,1910,Oslo
202483310,langesundsposten,1910,
202536082,mossaftenblad,1910,
201035779,morgenbladet,1910,Oslo
203586816,aftenpostenukensnytt,1910,
203167995,nordrebergenhusfolkeblad,1910,Kinn
202023208,bergensaftenbladbergenattenattini,1910,Bergen
201217545,nordlys,1910,Tromsø
201833881,valdres,1910,Nord-Aurdal
202222737,folketidendetrondheimattennittien,1910,Trondheim
200831142,indresmaalenenesavis,1910,Indre Østfold
200601609,fredriksstadtilskuer,1910,Fredrikstad
202621707,norskkundgjoerelsestidende,1910,Oslo
200928346,lillesandsposten,1910,Lillesand
201993023,arbeidet,1910,Bergen
202944227,aftenposten,1910,Oslo
200525801,finnmarksposten,1910,Nordkapp
200525841,finnmarksposten,1910,Nordkapp
202585497,nordlandsposten,1910,Bodø
200358160,dagensnytt,1910,
200310934,dagbladet,1910,Oslo
202756632,romsdalstidende,1910,
202059941,breviksposten,1910,Porsgrunn
202505751,listerogmandalsamtstidendeogadresseavis,1910,Lindesnes
203891670,aftenpostenukensnytt,1910,
202621983,norskkundgjoerelsestidende,1910,Oslo
203895349,oerebladet,1910,
203020003,askerogbaerumsbudstikke,1910,Bærum
202536133,mossaftenblad,1910,
202424318,indlandsposten,1910,
202554199,namdalensblad,1910,
200623978,fremtiden,1910,Drammen
200694129,gudbrandsdoelen,1910,Lillehammer
201775780,tromsoeposten,1910,Tromsø
201629215,stjordalensblad,1910,Stjørdal
203805279,aftenpostenukensnytt,1910,
201797916,trondhjemsadresseavis,1910,Trondheim
201950770,agderposten,1910,Arendal
200811179,helgelandsblad,1910,
203764115,fjellposten,1910,
203842806,aftenpostenukensnytt,1910,
202556374,namdalensfolkeblad,1910,
200217339,bergenstidende,1910,Bergen
202621926,norskkundgjoerelsestidende,1910,Oslo
202536069,mossaftenblad,1910,
200642788,gjengangeren,1910,Horten
202023516,bergensaftenbladbergenattenattini,1910,Bergen
202589656,nordlendingen,1910,
202944597,aftenposten,1910,Oslo
204319108,gjoviksbladattenattifire,1910,
202302501,grimstadposten,1910,
204570458,Bergensposten Fram (Bergen 1892-1893) ,1910,Bergen
200454981,faedrelandsvennen,1910,Kristiansand
200358229,dagensnytt,1910,
203302945,buskerudsamtstidendedrammen,1910,
200790950,hedemarkensamtstidende,1910,Hamar
201993115,arbeidet,1910,Bergen
202023307,bergensaftenbladbergenattenattini,1910,Bergen
201035495,morgenbladet,1910,Oslo
202541105,mossavis,1910,Moss
202522313,more,1910,Volda
204007980,fjellposten,1910,
200866321,kongsbergdagblad,1910,Kongsberg
204386634,Samhold (Gjøvik: 1885-1920) ,1910,Gjøvik
204500313,Samhold (Gjøvik: 1885-1920) ,1910,Gjøvik
201600275,solungen,1910,Kongsvinger
200667799,glommendalen,1910,Kongsvinger
202944542,aftenposten,1910,Oslo
201967678,akershus,1910,Lillestrøm
201217590,nordlys,1910,Tromsø
200311113,dagbladet,1910,Oslo
200667756,glommendalen,1910,Kongsvinger
201560791,soendretrondhjemsamtstidende,1910,Orkdal
201276368,norgessjoefartstidende,1910,Oslo
203455570,vestfoldsandefjordatten,1910,
201594584,sognstidend,1910,Sogndal
204293442,vestoplaendingen,1910,
204054898,warensardne,1910,
201170429,nordkapp,1910,
200623984,fremtiden,1910,Drammen
200217356,bergenstidende,1910,Bergen
201950746,agderposten,1910,Arendal
201573015,sogningen,1910,Sogndal
201797672,trondhjemsadresseavis,1910,Trondheim
200911568,lillehammertilskuer,1910,Lillehammer
202554190,namdalensblad,1910,
202040886,bergensannoncetidende,1910,
201506003,sandefjordsblad,1910,Sandefjord
202187062,finmarken,1910,Vardø
203302913,buskerudsamtstidendedrammen,1910,
200928334,lillesandsposten,1910,Lillesand
202302456,grimstadposten,1910,
201993104,arbeidet,1910,Bergen
204293405,vestoplaendingen,1910,
200253835,bratsbergdemokraten,1910,Skien
201833923,valdres,1910,Nord-Aurdal
201975042,akershuspostenlillestroemnitten,1910,Lørenskog
203598295,fjellposten,1910,
202222811,folketidendetrondheimattennittien,1910,Trondheim
202944175,aftenposten,1910,Oslo
202410659,hordalandfolkeblad,1910,Kvam
202410682,hordalandfolkeblad,1910,Kvam
200454915,faedrelandsvennen,1910,Kristiansand
204602581,Samhold (Gjøvik: 1885-1920) ,1910,Gjøvik
201035380,morgenbladet,1910,Oslo
201505919,sandefjordsblad,1910,Sandefjord
203386905,sarpen,1910,
200311050,dagbladet,1910,Oslo
201798053,trondhjemsadresseavis,1910,Trondheim
203552774,lofotposten,1910,
202579956,nordlandsfolkeblad,1910,
202556289,namdalensfolkeblad,1910,
200310862,dagbladet,1910,Oslo
201217616,nordlys,1910,Tromsø
203358877,oevresmaalenene,1910,Indre Østfold
201572974,sogningen,1910,Sogndal
203433332,tvedestrandogomegnsavis,1910,
203168033,nordrebergenhusfolkeblad,1910,Kinn
202944779,aftenposten,1910,Oslo
201194333,nordlandsposten,1910,Bodø
201477464,romsdalsbudstikke,1910,Molde
201452089,romerikesblad,1910,Lillestrøm
200831094,indresmaalenenesavis,1910,Indre Østfold
202944494,aftenposten,1910,Oslo
200311016,dagbladet,1910,Oslo
200642929,gjengangeren,1910,Horten
200562569,flekkefjordsposten,1910,
202541143,mossavis,1910,Moss
203303054,buskerudsamtstidendedrammen,1910,
201975084,akershuspostenlillestroemnitten,1910,Lørenskog
204151359,fjordenestidende,1910,
200455055,faedrelandsvennen,1910,Kristiansand
200217313,bergenstidende,1910,Bergen
200027796,agder,1910,
202495476,lindesnes,1910,Mandal
200310955,dagbladet,1910,Oslo
203430388,tunsbergeren,1910,
202541071,mossavis,1910,Moss
203430348,tunsbergeren,1910,
202621744,norskkundgjoerelsestidende,1910,Oslo
203167962,nordrebergenhusfolkeblad,1910,Kinn
202410594,hordalandfolkeblad,1910,Kvam
203358818,oevresmaalenene,1910,Indre Østfold
203402150,soendhordland,1910,
201797953,trondhjemsadresseavis,1910,Trondheim
201950727,agderposten,1910,Arendal
200866278,kongsbergdagblad,1910,Kongsberg
203198823,stavangeraftenblad,1910,Stavanger
200562550,flekkefjordsposten,1910,
203167972,nordrebergenhusfolkeblad,1910,Kinn
201797872,trondhjemsadresseavis,1910,Trondheim
202944381,aftenposten,1910,Oslo
203386800,sarpen,1910,
201109408,mosstilskuer,1910,Moss
202040835,bergensannoncetidende,1910,
201992937,arbeidet,1910,Bergen
203455698,vestfoldsandefjordatten,1910,
200831081,indresmaalenenesavis,1910,Indre Østfold
204293449,vestoplaendingen,1910,
202452059,jarlsbergoglarviksamtstidende,1910,Larvik
200623885,fremtiden,1910,Drammen
201276369,norgessjoefartstidende,1910,Oslo
203396235,skotfosavisnittennullen,1910,
202040945,bergensannoncetidende,1910,
202222865,folketidendetrondheimattennittien,1910,Trondheim
202495453,lindesnes,1910,Mandal
202536019,mossaftenblad,1910,
200694132,gudbrandsdoelen,1910,Lillehammer
200831122,indresmaalenenesavis,1910,Indre Østfold
202483374,langesundsposten,1910,
203455786,vestfoldsandefjordatten,1910,
202483344,langesundsposten,1910,
201309820,oeieren,1910,
200454911,faedrelandsvennen,1910,Kristiansand
202023503,bergensaftenbladbergenattenattini,1910,Bergen
201975026,akershuspostenlillestroemnitten,1910,Lørenskog
203303089,buskerudsamtstidendedrammen,1910,
203433330,tvedestrandogomegnsavis,1910,
202786891,skandinaven,1910,
202040918,bergensannoncetidende,1910,
203302949,buskerudsamtstidendedrammen,1910,
201556808,socialdemokraten,1910,Oslo
202424226,indlandsposten,1910,
202589622,nordlendingen,1910,
200667796,glommendalen,1910,Kongsvinger
202944295,aftenposten,1910,Oslo
204293480,vestoplaendingen,1910,
201345593,osterdolen,1910,Tynset
200831073,indresmaalenenesavis,1910,Indre Østfold
204457375,unglyden ,1910,Voss
201152891,nedenaesamtstidende,1910,Risør
202040728,bergensannoncetidende,1910,
200602343,fremover,1910,Narvik
201967751,akershus,1910,Lillestrøm
201594583,sognstidend,1910,Sogndal
200642896,gjengangeren,1910,Horten
203433329,tvedestrandogomegnsavis,1910,
201035388,morgenbladet,1910,Oslo
203020037,askerogbaerumsbudstikke,1910,Bærum
201276504,norgessjoefartstidende,1910,Oslo
202579960,nordlandsfolkeblad,1910,
200217451,bergenstidende,1910,Bergen
200455167,faedrelandsvennen,1910,Kristiansand
200752848,harstadtidende,1910,Harstad
203455626,vestfoldsandefjordatten,1910,
203125134,indtrondelagen,1910,
202479150,landmandsposten,1910,
202944434,aftenposten,1910,Oslo
202944716,aftenposten,1910,Oslo
203977953,oerebladet,1910,
201629217,stjordalensblad,1910,Stjørdal
201217602,nordlys,1910,Tromsø
201505842,sandefjordsblad,1910,Sandefjord
201170446,nordkapp,1910,
201798020,trondhjemsadresseavis,1910,Trondheim
204241475,gudbrandsdalensfolkebladgjoevik,1910,
202495490,lindesnes,1910,Mandal
202944290,aftenposten,1910,Oslo
202756647,romsdalstidende,1910,
202302461,grimstadposten,1910,
203591933,narviktidende,1910,
200217401,bergenstidende,1910,Bergen
203396269,skotfosavisnittennullen,1910,
201345531,osterdolen,1910,Tynset
202452104,jarlsbergoglarviksamtstidende,1910,Larvik
204241601,gudbrandsdalensfolkebladgjoevik,1910,
203198945,stavangeraftenblad,1910,Stavanger
200436756,dunderlandsdoelen,1910,Rana
201109467,mosstilskuer,1910,Moss
203386897,sarpen,1910,
202059890,breviksposten,1910,Porsgrunn
201035511,morgenbladet,1910,Oslo
201573022,sogningen,1910,Sogndal
202621960,norskkundgjoerelsestidende,1910,Oslo
202505750,listerogmandalsamtstidendeogadresseavis,1910,Lindesnes
202642231,oplandenesavis,1910,Hamar
201629277,stjordalensblad,1910,Stjørdal
203185190,ranenstidende,1910,Hemnes
204734588,Laagendalsposten ,1910,Kongsberg
203433315,tvedestrandogomegnsavis,1910,
202424349,indlandsposten,1910,
202500368,listerfarsundatten,1910,
202222906,folketidendetrondheimattennittien,1910,Trondheim
200562494,flekkefjordsposten,1910,
202012883,baerumogaskersblad,1910,
202756613,romsdalstidende,1910,
200602339,fremover,1910,Narvik
200564462,foerstemai,1910,Stavanger
202479221,landmandsposten,1910,
203358778,oevresmaalenene,1910,Indre Østfold
203430414,tunsbergeren,1910,
202057335,breidablik,1910,
203686871,aftenpostenukensnytt,1910,
204668599,Hamar Stiftstidende ,1910,Hamar
203433369,tvedestrandogomegnsavis,1910,
200886030,kysten,1910,Oslo
202579987,nordlandsfolkeblad,1910,
202944877,aftenposten,1910,Oslo
204608879,Samhold (Gjøvik: 1885-1920) ,1910,Gjøvik
201276539,norgessjoefartstidende,1910,Oslo
200866350,kongsbergdagblad,1910,Kongsberg
202040967,bergensannoncetidende,1910,
201974993,akershuspostenlillestroemnitten,1910,Lørenskog
201276464,norgessjoefartstidende,1910,Oslo
203386872,sarpen,1910,
200811176,helgelandsblad,1910,
204318982,gjoviksbladattenattifire,1910,
203956835,oerebladet,1910,
200790940,hedemarkensamtstidende,1910,Hamar
203455582,vestfoldsandefjordatten,1910,
201797971,trondhjemsadresseavis,1910,Trondheim
202505795,listerogmandalsamtstidendeogadresseavis,1910,Lindesnes
203402143,soendhordland,1910,
200564584,foerstemai,1910,Stavanger
200310828,dagbladet,1910,Oslo
201452114,romerikesblad,1910,Lillestrøm
201035394,morgenbladet,1910,Oslo
200866357,kongsbergdagblad,1910,Kongsberg
204453120,Hamar Stiftstidende ,1910,Hamar
201276399,norgessjoefartstidende,1910,Oslo
201817058,tvedestrandsposten,1910,Tvedestrand
200866340,kongsbergdagblad,1910,Kongsberg
200866294,kongsbergdagblad,1910,Kongsberg
202944821,aftenposten,1910,Oslo
200790898,hedemarkensamtstidende,1910,Hamar
203455805,vestfoldsandefjordatten,1910,
202059944,breviksposten,1910,Porsgrunn
202944843,aftenposten,1910,Oslo
200358200,dagensnytt,1910,
202609770,nordtroenderen,1910,
200253846,bratsbergdemokraten,1910,Skien
200831065,indresmaalenenesavis,1910,Indre Østfold
203199015,stavangeraftenblad,1910,Stavanger
203779753,helgeland,1910,
204521625,Hamar Stiftstidende ,1910,Hamar
201775794,tromsoeposten,1910,Tromsø
200667795,glommendalen,1910,Kongsvinger
200217512,bergenstidende,1910,Bergen
202040948,bergensannoncetidende,1910,
202023480,bergensaftenbladbergenattenattini,1910,Bergen
201506025,sandefjordsblad,1910,Sandefjord
201992871,arbeidet,1910,Bergen
202556362,namdalensfolkeblad,1910,
200455062,faedrelandsvennen,1910,Kristiansand
202505707,listerogmandalsamtstidendeogadresseavis,1910,Lindesnes
201276367,norgessjoefartstidende,1910,Oslo
203615307,buskerudsblad,1910,
203020061,askerogbaerumsbudstikke,1910,Bærum
202479196,landmandsposten,1910,
200676361,grimstadadressetiden,1910,Grimstad
202541096,mossavis,1910,Moss
202059940,breviksposten,1910,Porsgrunn
200601637,fredriksstadtilskuer,1910,Fredrikstad
202944285,aftenposten,1910,Oslo
201556796,socialdemokraten,1910,Oslo
200562534,flekkefjordsposten,1910,
200866216,kongsbergdagblad,1910,Kongsberg
203165847,nordrebergenhusamtstidende,1910,Kinn
203358808,oevresmaalenene,1910,Indre Østfold
202642249,oplandenesavis,1910,Hamar
201276525,norgessjoefartstidende,1910,Oslo
202568283,nordfjord,1910,
201817134,tvedestrandsposten,1910,Tvedestrand
203153770,nordenfjeldsktidende,1910,Levanger
200027869,agder,1910,
202239807,fredrikshaldsavis,1910,
202585476,nordlandsposten,1910,Bodø
200311025,dagbladet,1910,Oslo
202059909,breviksposten,1910,Porsgrunn
202541153,mossavis,1910,Moss
202944195,aftenposten,1910,Oslo
202944897,aftenposten,1910,Oslo
200642990,gjengangeren,1910,Horten
202522308,more,1910,Volda
203972046,oerebladet,1910,
200866114,kongsbergdagblad,1910,Kongsberg
202302430,grimstadposten,1910,
203117116,indheredsposten,1910,
202944321,aftenposten,1910,Oslo
202302555,grimstadposten,1910,
203165884,nordrebergenhusamtstidende,1910,Kinn
203302983,buskerudsamtstidendedrammen,1910,
204729457,Laagendalsposten ,1910,Kongsberg
201170457,nordkapp,1910,
200310938,dagbladet,1910,Oslo
204319074,gjoviksbladattenattifire,1910,
200642828,gjengangeren,1910,Horten
200253721,bratsbergdemokraten,1910,Skien
201505985,sandefjordsblad,1910,Sandefjord
203633258,lofotposten,1910,
203433396,tvedestrandogomegnsavis,1910,
202041035,bergensannoncetidende,1910,
200217554,bergenstidende,1910,Bergen
200455070,faedrelandsvennen,1910,Kristiansand
200667789,glommendalen,1910,Kongsvinger
200886109,kysten,1910,Oslo
202505799,listerogmandalsamtstidendeogadresseavis,1910,Lindesnes
204699324,Laagendalsposten ,1910,Kongsberg
202579961,nordlandsfolkeblad,1910,
202424321,indlandsposten,1910,
200454899,faedrelandsvennen,1910,Kristiansand
203303103,buskerudsamtstidendedrammen,1910,
203019969,askerogbaerumsbudstikke,1910,Bærum
202181442,farsundsavis,1910,Farsund
201833946,valdres,1910,Nord-Aurdal
200601624,fredriksstadtilskuer,1910,Fredrikstad
202621766,norskkundgjoerelsestidende,1910,Oslo
202786874,skandinaven,1910,
200217604,bergenstidende,1910,Bergen
200358264,dagensnytt,1910,
202500327,listerfarsundatten,1910,
201152863,nedenaesamtstidende,1910,Risør
200866269,kongsbergdagblad,1910,Kongsberg
200358173,dagensnytt,1910,
202452012,jarlsbergoglarviksamtstidende,1910,Larvik
203199024,stavangeraftenblad,1910,Stavanger
203455707,vestfoldsandefjordatten,1910,
202012897,baerumogaskersblad,1910,
203930812,buskerudsblad,1910,
201109427,mosstilskuer,1910,Moss
201035327,morgenbladet,1910,Oslo
200752900,harstadtidende,1910,Harstad
204638725,Samhold (Gjøvik: 1885-1920) ,1910,Gjøvik
203813722,buskerudsblad,1910,
201534675,selbyggen,1910,Selbu
202522338,more,1910,Volda
202944260,aftenposten,1910,Oslo
202479137,landmandsposten,1910,
201152822,nedenaesamtstidende,1910,Risør
202944212,aftenposten,1910,Oslo
201797663,trondhjemsadresseavis,1910,Trondheim
202944922,aftenposten,1910,Oslo
202505712,listerogmandalsamtstidendeogadresseavis,1910,Lindesnes
201557000,socialdemokraten,1910,Oslo
201035697,morgenbladet,1910,Oslo
201471512,romsdalsamtstidende,1910,Kristiansund
200911522,lillehammertilskuer,1910,Lillehammer
200027774,agder,1910,
203165893,nordrebergenhusamtstidende,1910,Kinn
202568285,nordfjord,1910,
202601768,nordretrondhjemsamtstidende,1910,
201170459,nordkapp,1910,
203463203,vossavis,1910,
202786846,skandinaven,1910,
200885952,kysten,1910,Oslo
203455624,vestfoldsandefjordatten,1910,
202474841,kristiansundspostenatten,1910,
203153824,nordenfjeldsktidende,1910,Levanger
200694090,gudbrandsdoelen,1910,Lillehammer
203020041,askerogbaerumsbudstikke,1910,Bærum
200311024,dagbladet,1910,Oslo
202609743,nordtroenderen,1910,
202609762,nordtroenderen,1910,
202601742,nordretrondhjemsamtstidende,1910,
200866101,kongsbergdagblad,1910,Kongsberg
201035686,morgenbladet,1910,Oslo
202621717,norskkundgjoerelsestidende,1910,Oslo
202621725,norskkundgjoerelsestidende,1910,Oslo
202187110,finmarken,1910,Vardø
202023227,bergensaftenbladbergenattenattini,1910,Bergen
202621862,norskkundgjoerelsestidende,1910,Oslo
201035514,morgenbladet,1910,Oslo
203402189,soendhordland,1910,
200044448,agderposten,1910,Arendal
201817066,tvedestrandsposten,1910,Tvedestrand
203302846,buskerudsamtstidendedrammen,1910,
203411562,soloerposten,1910,
202585481,nordlandsposten,1910,Bodø
200564470,foerstemai,1910,Stavanger
203165863,nordrebergenhusamtstidende,1910,Kinn
202556328,namdalensfolkeblad,1910,
203358773,oevresmaalenene,1910,Indre Østfold
201035735,morgenbladet,1910,Oslo
200886032,kysten,1910,Oslo
201775811,tromsoeposten,1910,Tromsø
202222997,folketidendetrondheimattennittien,1910,Trondheim
202536022,mossaftenblad,1910,
203430470,tunsbergeren,1910,
200564463,foerstemai,1910,Stavanger
202222961,folketidendetrondheimattennittien,1910,Trondheim
200694050,gudbrandsdoelen,1910,Lillehammer
202621759,norskkundgjoerelsestidende,1910,Oslo
200217559,bergenstidende,1910,Bergen
200928358,lillesandsposten,1910,Lillesand
203768023,helgeland,1910,
202609820,nordtroenderen,1910,
201557029,socialdemokraten,1910,Oslo
202023385,bergensaftenbladbergenattenattini,1910,Bergen
202239784,fredrikshaldsavis,1910,
204281945,saltensfremtid,1910,
200601644,fredriksstadtilskuer,1910,Fredrikstad
202505739,listerogmandalsamtstidendeogadresseavis,1910,Lindesnes
203455728,vestfoldsandefjordatten,1910,
200676480,grimstadadressetiden,1910,Grimstad
203642743,nordland,1910,
200911608,lillehammertilskuer,1910,Lillehammer
201992975,arbeidet,1910,Bergen
200911504,lillehammertilskuer,1910,Lillehammer
203789039,lofotposten,1910,
201600276,solungen,1910,Kongsvinger
202642192,oplandenesavis,1910,Hamar
202642173,oplandenesavis,1910,Hamar
203198950,stavangeraftenblad,1910,Stavanger
203153737,nordenfjeldsktidende,1910,Levanger
204571406,unglyden ,1910,Voss
203125139,indtrondelagen,1910,
203455593,vestfoldsandefjordatten,1910,
201194348,nordlandsposten,1910,Bodø
202495467,lindesnes,1910,Mandal
201781557,tromsoestiftstidende,1910,Tromsø
202057333,breidablik,1910,
202222895,folketidendetrondheimattennittien,1910,Trondheim
200623863,fremtiden,1910,Drammen
202505713,listerogmandalsamtstidendeogadresseavis,1910,Lindesnes
202554105,namdalensblad,1910,
204151353,fjordenestidende,1910,
200525878,finnmarksposten,1910,Nordkapp
203571727,helgeland,1910,
201556872,socialdemokraten,1910,Oslo
201556771,socialdemokraten,1910,Oslo
202222766,folketidendetrondheimattennittien,1910,Trondheim
200311039,dagbladet,1910,Oslo
204702838,Laagendalsposten ,1910,Kongsberg
202040761,bergensannoncetidende,1910,
201170460,nordkapp,1910,
201170422,nordkapp,1910,
202302465,grimstadposten,1910,
202554127,namdalensblad,1910,
202222917,folketidendetrondheimattennittien,1910,Trondheim
203455601,vestfoldsandefjordatten,1910,
202568226,nordfjord,1910,
202609811,nordtroenderen,1910,
200455110,faedrelandsvennen,1910,Kristiansand
200601541,fredriksstadtilskuer,1910,Fredrikstad
200358143,dagensnytt,1910,
200866235,kongsbergdagblad,1910,Kongsberg
204241588,gudbrandsdalensfolkebladgjoevik,1910,
203480972,oerebladet,1910,
203125264,indtrondelagen,1910,
203430399,tunsbergeren,1910,
202012881,baerumogaskersblad,1910,
203411623,soloerposten,1910,
201035472,morgenbladet,1910,Oslo
204241540,gudbrandsdalensfolkebladgjoevik,1910,
202585477,nordlandsposten,1910,Bodø
202609825,nordtroenderen,1910,
200752843,harstadtidende,1910,Harstad
200601602,fredriksstadtilskuer,1910,Fredrikstad
202579933,nordlandsfolkeblad,1910,
203020014,askerogbaerumsbudstikke,1910,Bærum
201992905,arbeidet,1910,Bergen
201505908,sandefjordsblad,1910,Sandefjord
202944748,aftenposten,1910,Oslo
202621681,norskkundgjoerelsestidende,1910,Oslo
200027866,agder,1910,
201505847,sandefjordsblad,1910,Sandefjord
201556843,socialdemokraten,1910,Oslo
201471439,romsdalsamtstidende,1910,Kristiansund
200676440,grimstadadressetiden,1910,Grimstad
203678173,aftenpostenukensnytt,1910,
201967630,akershus,1910,Lillestrøm
200601557,fredriksstadtilskuer,1910,Fredrikstad
201798071,trondhjemsadresseavis,1910,Trondheim
202642156,oplandenesavis,1910,Hamar
202410704,hordalandfolkeblad,1910,Kvam
200564510,foerstemai,1910,Stavanger
202944659,aftenposten,1910,Oslo
200311098,dagbladet,1910,Oslo
201276498,norgessjoefartstidende,1910,Oslo
201950755,agderposten,1910,Arendal
202556344,namdalensfolkeblad,1910,
202452011,jarlsbergoglarviksamtstidende,1910,Larvik
201781524,tromsoestiftstidende,1910,Tromsø
201797847,trondhjemsadresseavis,1910,Trondheim
202410692,hordalandfolkeblad,1910,Kvam
200624005,fremtiden,1910,Drammen
202609787,nordtroenderen,1910,
201035568,morgenbladet,1910,Oslo
202541202,mossavis,1910,Moss
203650711,helgeland,1910,
201600199,solungen,1910,Kongsvinger
201109409,mosstilskuer,1910,Moss
202222753,folketidendetrondheimattennittien,1910,Trondheim
202505738,listerogmandalsamtstidendeogadresseavis,1910,Lindesnes
202239782,fredrikshaldsavis,1910,
201035585,morgenbladet,1910,Oslo
200044485,agderposten,1910,Arendal
203358765,oevresmaalenene,1910,Indre Østfold
201309834,oeieren,1910,
203198897,stavangeraftenblad,1910,Stavanger
201797697,trondhjemsadresseavis,1910,Trondheim
202023501,bergensaftenbladbergenattenattini,1910,Bergen
203198788,stavangeraftenblad,1910,Stavanger
202023346,bergensaftenbladbergenattenattini,1910,Bergen
200790890,hedemarkensamtstidende,1910,Hamar
200928318,lillesandsposten,1910,Lillesand
201797790,trondhjemsadresseavis,1910,Trondheim
204715437,Laagendalsposten ,1910,Kongsberg
203411615,soloerposten,1910,
201505964,sandefjordsblad,1910,Sandefjord
201035579,morgenbladet,1910,Oslo
200911602,lillehammertilskuer,1910,Lillehammer
202554073,namdalensblad,1910,
202944518,aftenposten,1910,Oslo
201817108,tvedestrandsposten,1910,Tvedestrand
200601755,fredriksstadtilskuer,1910,Fredrikstad
202023278,bergensaftenbladbergenattenattini,1910,Bergen
200601657,fredriksstadtilskuer,1910,Fredrikstad
202944218,aftenposten,1910,Oslo
200694091,gudbrandsdoelen,1910,Lillehammer
201950697,agderposten,1910,Arendal
201992962,arbeidet,1910,Bergen
202944578,aftenposten,1910,Oslo
202041018,bergensannoncetidende,1910,
201035413,morgenbladet,1910,Oslo
201979108,akersposten,1910,Oslo
203185171,ranenstidende,1910,Hemnes
201276416,norgessjoefartstidende,1910,Oslo
201993058,arbeidet,1910,Bergen
202452117,jarlsbergoglarviksamtstidende,1910,Larvik
202541138,mossavis,1910,Moss
201556967,socialdemokraten,1910,Oslo
202059917,breviksposten,1910,Porsgrunn
204525401,Hamar Stiftstidende ,1910,Hamar
202500348,listerfarsundatten,1910,
204627808,Samhold (Gjøvik: 1885-1920) ,1910,Gjøvik
202944173,aftenposten,1910,Oslo
203165886,nordrebergenhusamtstidende,1910,Kinn
200790938,hedemarkensamtstidende,1910,Hamar
201035366,morgenbladet,1910,Oslo
203455671,vestfoldsandefjordatten,1910,
201506008,sandefjordsblad,1910,Sandefjord
200642926,gjengangeren,1910,Horten
200667814,glommendalen,1910,Kongsvinger
201797901,trondhjemsadresseavis,1910,Trondheim
202621858,norskkundgjoerelsestidende,1910,Oslo
200866126,kongsbergdagblad,1910,Kongsberg
201035464,morgenbladet,1910,Oslo
203198840,stavangeraftenblad,1910,Stavanger
201797694,trondhjemsadresseavis,1910,Trondheim
202452196,jarlsbergoglarviksamtstidende,1910,Larvik
200623963,fremtiden,1910,Drammen
201276378,norgessjoefartstidende,1910,Oslo
201035613,morgenbladet,1910,Oslo
200790809,hedemarkensamtstidende,1910,Hamar
200866297,kongsbergdagblad,1910,Kongsberg
202944465,aftenposten,1910,Oslo
202756601,romsdalstidende,1910,
202790783,soendmoerefolkeblad,1910,
201471560,romsdalsamtstidende,1910,Kristiansund
202621753,norskkundgjoerelsestidende,1910,Oslo
200642954,gjengangeren,1910,Horten
203117099,indheredsposten,1910,
200217325,bergenstidende,1910,Bergen
204727607,Laagendalsposten ,1910,Kongsberg
202554207,namdalensblad,1910,
201629307,stjordalensblad,1910,Stjørdal
204319030,gjoviksbladattenattifire,1910,
201276366,norgessjoefartstidende,1910,Oslo
204651884,unglyden ,1910,Voss
201797750,trondhjemsadresseavis,1910,Trondheim
202944183,aftenposten,1910,Oslo
204741453,Laagendalsposten ,1910,Kongsberg
200027790,agder,1910,
202786875,skandinaven,1910,
201992993,arbeidet,1910,Bergen
200525869,finnmarksposten,1910,Nordkapp
201992989,arbeidet,1910,Bergen
200027850,agder,1910,
201477485,romsdalsbudstikke,1910,Molde
202483331,langesundsposten,1910,
201345523,osterdolen,1910,Tynset
203117111,indheredsposten,1910,
200866323,kongsbergdagblad,1910,Kongsberg
203386894,sarpen,1910,
202181433,farsundsavis,1910,Farsund
204241544,gudbrandsdalensfolkebladgjoevik,1910,
202059880,breviksposten,1910,Porsgrunn
202023206,bergensaftenbladbergenattenattini,1910,Bergen
201967661,akershus,1910,Lillestrøm
201035680,morgenbladet,1910,Oslo
201276478,norgessjoefartstidende,1910,Oslo
202944762,aftenposten,1910,Oslo
201452144,romerikesblad,1910,Lillestrøm
201035898,morgenbladet,1910,Oslo
200217427,bergenstidende,1910,Bergen
203983675,oerebladet,1910,
202621802,norskkundgjoerelsestidende,1910,Oslo
201152818,nedenaesamtstidende,1910,Risør
201534664,selbyggen,1910,Selbu
204319027,gjoviksbladattenattifire,1910,
201797964,trondhjemsadresseavis,1910,Trondheim
200436771,dunderlandsdoelen,1910,Rana
202040734,bergensannoncetidende,1910,
204486833,Samhold (Gjøvik: 1885-1920) ,1910,Gjøvik
203872474,buskerudsblad,1910,
202642151,oplandenesavis,1910,Hamar
203303107,buskerudsamtstidendedrammen,1910,
203125142,indtrondelagen,1910,
202479242,landmandsposten,1910,
200564479,foerstemai,1910,Stavanger
204733529,Laagendalsposten ,1910,Kongsberg
203455810,vestfoldsandefjordatten,1910,
200790889,hedemarkensamtstidende,1910,Hamar
201629264,stjordalensblad,1910,Stjørdal
203729017,warensardne,1910,
201797683,trondhjemsadresseavis,1910,Trondheim
200642908,gjengangeren,1910,Horten
204505532,Samhold (Gjøvik: 1885-1920) ,1910,Gjøvik
200694088,gudbrandsdoelen,1910,Lillehammer
202505771,listerogmandalsamtstidendeogadresseavis,1910,Lindesnes
201797884,trondhjemsadresseavis,1910,Trondheim
202023511,bergensaftenbladbergenattenattini,1910,Bergen
202609784,nordtroenderen,1910,
203153708,nordenfjeldsktidende,1910,Levanger
203616142,helgeland,1910,
200044439,agderposten,1910,Arendal
202944492,aftenposten,1910,Oslo
201974995,akershuspostenlillestroemnitten,1910,Lørenskog
202222788,folketidendetrondheimattennittien,1910,Trondheim
200217452,bergenstidende,1910,Bergen
201671746,svelviksposten,1910,Drammen
200454962,faedrelandsvennen,1910,Kristiansand
200027864,agder,1910,
201600207,solungen,1910,Kongsvinger
201471585,romsdalsamtstidende,1910,Kristiansund
200564540,foerstemai,1910,Stavanger
202060020,breviksposten,1910,Porsgrunn
201217572,nordlys,1910,Tromsø
201345527,osterdolen,1910,Tynset
202187135,finmarken,1910,Vardø
201993007,arbeidet,1910,Bergen
202050511,bodotidende,1910,Bodø
202059916,breviksposten,1910,Porsgrunn
201781515,tromsoestiftstidende,1910,Tromsø
203609918,narviktidende,1910,
201993049,arbeidet,1910,Bergen
200623880,fremtiden,1910,Drammen
202944664,aftenposten,1910,Oslo
202302452,grimstadposten,1910,
202579953,nordlandsfolkeblad,1910,
203153756,nordenfjeldsktidende,1910,Levanger
201600213,solungen,1910,Kongsvinger
201671755,svelviksposten,1910,Drammen
201775743,tromsoeposten,1910,Tromsø
201505912,sandefjordsblad,1910,Sandefjord
202554126,namdalensblad,1910,
203455813,vestfoldsandefjordatten,1910,
202302426,grimstadposten,1910,
202944331,aftenposten,1910,Oslo
203165821,nordrebergenhusamtstidende,1910,Kinn
202181380,farsundsavis,1910,Farsund
200253808,bratsbergdemokraten,1910,Skien
201152834,nedenaesamtstidende,1910,Risør
203198925,stavangeraftenblad,1910,Stavanger
202556382,namdalensfolkeblad,1910,
202944257,aftenposten,1910,Oslo
201035923,morgenbladet,1910,Oslo
200667767,glommendalen,1910,Kongsvinger
202500352,listerfarsundatten,1910,
203878478,aftenpostenukensnytt,1910,
200217591,bergenstidende,1910,Bergen
202541159,mossavis,1910,Moss
202556297,namdalensfolkeblad,1910,
204733983,Laagendalsposten ,1910,Kongsberg
200027875,agder,1910,
201975028,akershuspostenlillestroemnitten,1910,Lørenskog
203125250,indtrondelagen,1910,
200790855,hedemarkensamtstidende,1910,Hamar
203433339,tvedestrandogomegnsavis,1910,
202452166,jarlsbergoglarviksamtstidende,1910,Larvik
202474820,kristiansundspostenatten,1910,
204293350,vestoplaendingen,1910,
201967639,akershus,1910,Lillestrøm
202944584,aftenposten,1910,Oslo
201276468,norgessjoefartstidende,1910,Oslo
201834000,valdres,1910,Nord-Aurdal
204702672,Laagendalsposten ,1910,Kongsberg
201035376,morgenbladet,1910,Oslo
203125213,indtrondelagen,1910,
201163488,nordisktidende,1910,
202040739,bergensannoncetidende,1910,
202536062,mossaftenblad,1910,
201600193,solungen,1910,Kongsvinger
202452026,jarlsbergoglarviksamtstidende,1910,Larvik
202609751,nordtroenderen,1910,
200044426,agderposten,1910,Arendal
203455820,vestfoldsandefjordatten,1910,
203455752,vestfoldsandefjordatten,1910,
202944722,aftenposten,1910,Oslo
201534657,selbyggen,1910,Selbu
202621971,norskkundgjoerelsestidende,1910,Oslo
203751063,fjellposten,1910,
200676383,grimstadadressetiden,1910,Grimstad
203974782,buskerudsblad,1910,
202059967,breviksposten,1910,Porsgrunn
204319063,gjoviksbladattenattifire,1910,
204045300,lofotposten,1910,
202023374,bergensaftenbladbergenattenattini,1910,Bergen
200694027,gudbrandsdoelen,1910,Lillehammer
202302457,grimstadposten,1910,
201035690,morgenbladet,1910,Oslo
202521442,moldeannonceblad,1910,
202609738,nordtroenderen,1910,
202452144,jarlsbergoglarviksamtstidende,1910,Larvik
200866252,kongsbergdagblad,1910,Kongsberg
201950844,agderposten,1910,Arendal
201833933,valdres,1910,Nord-Aurdal
201477529,romsdalsbudstikke,1910,Molde
202786844,skandinaven,1910,
204607744,Samhold (Gjøvik: 1885-1920) ,1910,Gjøvik
203198885,stavangeraftenblad,1910,Stavanger
201557027,socialdemokraten,1910,Oslo
201973520,akershusfolkebladdroebak,1910,Oslo
203455632,vestfoldsandefjordatten,1910,
203125149,indtrondelagen,1910,
201035633,morgenbladet,1910,Oslo
200623967,fremtiden,1910,Drammen
202944420,aftenposten,1910,Oslo
201572942,sogningen,1910,Sogndal
201505895,sandefjordsblad,1910,Sandefjord
202500355,listerfarsundatten,1910,
203358814,oevresmaalenene,1910,Indre Østfold
202609710,nordtroenderen,1910,
201833884,valdres,1910,Nord-Aurdal
201798004,trondhjemsadresseavis,1910,Trondheim
200601519,fredriksstadtilskuer,1910,Fredrikstad
202050576,bodotidende,1910,Bodø
202222780,folketidendetrondheimattennittien,1910,Trondheim
200667774,glommendalen,1910,Kongsvinger
200310901,dagbladet,1910,Oslo
201109403,mosstilskuer,1910,Moss
202040852,bergensannoncetidende,1910,
204615562,Samhold (Gjøvik: 1885-1920) ,1910,Gjøvik
204741147,Laagendalsposten ,1910,Kongsberg
202222897,folketidendetrondheimattennittien,1910,Trondheim
203718872,helgeland,1910,
200752889,harstadtidende,1910,Harstad
201035556,morgenbladet,1910,Oslo
204536985,Samhold (Gjøvik: 1885-1920) ,1910,Gjøvik
200454931,faedrelandsvennen,1910,Kristiansand
201797740,trondhjemsadresseavis,1910,Trondheim
200676410,grimstadadressetiden,1910,Grimstad
200752828,harstadtidende,1910,Harstad
203198835,stavangeraftenblad,1910,Stavanger
201035693,morgenbladet,1910,Oslo
202302536,grimstadposten,1910,
202050593,bodotidende,1910,Bodø
202302481,grimstadposten,1910,
201797896,trondhjemsadresseavis,1910,Trondheim
201309884,oeieren,1910,
201217628,nordlys,1910,Tromsø
200310881,dagbladet,1910,Oslo
200217479,bergenstidende,1910,Bergen
202944687,aftenposten,1910,Oslo
202023412,bergensaftenbladbergenattenattini,1910,Bergen
203835647,oerebladet,1910,
201194347,nordlandsposten,1910,Bodø
200311087,dagbladet,1910,Oslo
201671725,svelviksposten,1910,Drammen
204660458,Bergensposten Fram (Bergen 1892-1893) ,1910,Bergen
200885944,kysten,1910,Oslo
202040903,bergensannoncetidende,1910,
201217537,nordlys,1910,Tromsø
203639184,buskerudsblad,1910,
202601712,nordretrondhjemsamtstidende,1910,
202023465,bergensaftenbladbergenattenattini,1910,Bergen
201950726,agderposten,1910,Arendal
202541224,mossavis,1910,Moss
200623975,fremtiden,1910,Drammen
203125220,indtrondelagen,1910,
200667763,glommendalen,1910,Kongsvinger
200886187,kysten,1910,Oslo
201452101,romerikesblad,1910,Lillestrøm
200358224,dagensnytt,1910,
202944956,aftenposten,1910,Oslo
200811229,helgelandsblad,1910,
203520370,oerebladet,1910,
203411554,soloerposten,1910,
201316158,ofotenstidende,1910,Narvik
200886128,kysten,1910,Oslo
201992900,arbeidet,1910,Bergen
202944749,aftenposten,1910,Oslo
201194353,nordlandsposten,1910,Bodø
203463205,vossavis,1910,
202585499,nordlandsposten,1910,Bodø
200358196,dagensnytt,1910,
202579906,nordlandsfolkeblad,1910,
202187149,finmarken,1910,Vardø
203663232,salten,1910,
200642906,gjengangeren,1910,Horten
203125282,indtrondelagen,1910,
203483196,nordland,1910,
201950833,agderposten,1910,Arendal
202505793,listerogmandalsamtstidendeogadresseavis,1910,Lindesnes
200310892,dagbladet,1910,Oslo
201798029,trondhjemsadresseavis,1910,Trondheim
200694119,gudbrandsdoelen,1910,Lillehammer
202944540,aftenposten,1910,Oslo
202756655,romsdalstidende,1910,
201505843,sandefjordsblad,1910,Sandefjord
201833928,valdres,1910,Nord-Aurdal
201992955,arbeidet,1910,Bergen
201560852,soendretrondhjemsamtstidende,1910,Orkdal
202500279,listerfarsundatten,1910,
202023291,bergensaftenbladbergenattenattini,1910,Bergen
202222958,folketidendetrondheimattennittien,1910,Trondheim
201560784,soendretrondhjemsamtstidende,1910,Orkdal
202521380,moldeannonceblad,1910,
200831037,indresmaalenenesavis,1910,Indre Østfold
202554165,namdalensblad,1910,
202495497,lindesnes,1910,Mandal
200676357,grimstadadressetiden,1910,Grimstad
202621700,norskkundgjoerelsestidende,1910,Oslo
201833893,valdres,1910,Nord-Aurdal
201817111,tvedestrandsposten,1910,Tvedestrand
202944712,aftenposten,1910,Oslo
203463138,vossavis,1910,
203199037,stavangeraftenblad,1910,Stavanger
201035866,morgenbladet,1910,Oslo
200044407,agderposten,1910,Arendal
200623921,fremtiden,1910,Drammen
202059921,breviksposten,1910,Porsgrunn
203198915,stavangeraftenblad,1910,Stavanger
202222821,folketidendetrondheimattennittien,1910,Trondheim
202483328,langesundsposten,1910,
202556340,namdalensfolkeblad,1910,
202642182,oplandenesavis,1910,Hamar
202474928,kristiansundspostenatten,1910,
200642825,gjengangeren,1910,Horten
201833879,valdres,1910,Nord-Aurdal
203430344,tunsbergeren,1910,
202944357,aftenposten,1910,Oslo
201781569,tromsoestiftstidende,1910,Tromsø
204319104,gjoviksbladattenattifire,1910,
201163490,nordisktidende,1910,
200694009,gudbrandsdoelen,1910,Lillehammer
202790752,soendmoerefolkeblad,1910,
200601556,fredriksstadtilskuer,1910,Fredrikstad
204489279,Hamar Stiftstidende ,1910,Hamar
202536047,mossaftenblad,1910,
201594644,sognstidend,1910,Sogndal
202479145,landmandsposten,1910,
204613158,Samhold (Gjøvik: 1885-1920) ,1910,Gjøvik
202474899,kristiansundspostenatten,1910,
204361059,Hamar Stiftstidende ,1910,Hamar
201993129,arbeidet,1910,Bergen
202642185,oplandenesavis,1910,Hamar
203125241,indtrondelagen,1910,
203463219,vossavis,1910,
202239733,fredrikshaldsavis,1910,
200311179,dagbladet,1910,Oslo
201797741,trondhjemsadresseavis,1910,Trondheim
202556293,namdalensfolkeblad,1910,
202187125,finmarken,1910,Vardø
202159008,egersundsposten,1910,Eigersund
202505794,listerogmandalsamtstidendeogadresseavis,1910,Lindesnes
200454901,faedrelandsvennen,1910,Kristiansand
202495472,lindesnes,1910,Mandal
200454975,faedrelandsvennen,1910,Kristiansand
201170371,nordkapp,1910,
201035346,morgenbladet,1910,Oslo
202474804,kristiansundspostenatten,1910,
202059993,breviksposten,1910,Porsgrunn
203302937,buskerudsamtstidendedrammen,1910,
202057347,breidablik,1910,
200642922,gjengangeren,1910,Horten
203411654,soloerposten,1910,
201797808,trondhjemsadresseavis,1910,Trondheim
201035565,morgenbladet,1910,Oslo
202181397,farsundsavis,1910,Farsund
202601758,nordretrondhjemsamtstidende,1910,
203463199,vossavis,1910,
202023234,bergensaftenbladbergenattenattini,1910,Bergen
202483308,langesundsposten,1910,
203536837,aftenpostenukensnytt,1910,
201600295,solungen,1910,Kongsvinger
202944533,aftenposten,1910,Oslo
201967659,akershus,1910,Lillestrøm
202483350,langesundsposten,1910,
204318976,gjoviksbladattenattifire,1910,
202452082,jarlsbergoglarviksamtstidende,1910,Larvik
202756645,romsdalstidende,1910,
200602341,fremover,1910,Narvik
202944624,aftenposten,1910,Oslo
203199028,stavangeraftenblad,1910,Stavanger
203393428,senjensbladnittennullsju,1910,
201992970,arbeidet,1910,Bergen
201600290,solungen,1910,Kongsvinger
203386841,sarpen,1910,
202023458,bergensaftenbladbergenattenattini,1910,Bergen
203819046,oerebladet,1910,
200885980,kysten,1910,Oslo
200886092,kysten,1910,Oslo
202621829,norskkundgjoerelsestidende,1910,Oslo
202012912,baerumogaskersblad,1910,
204355165,unglyden ,1910,Voss
204675697,Samhold (Gjøvik: 1885-1920) ,1910,Gjøvik
200310872,dagbladet,1910,Oslo
201035595,morgenbladet,1910,Oslo
202786898,skandinaven,1910,
201967658,akershus,1910,Lillestrøm
201798068,trondhjemsadresseavis,1910,Trondheim
202424200,indlandsposten,1910,
200602368,fremover,1910,Narvik
202023439,bergensaftenbladbergenattenattini,1910,Bergen
203153777,nordenfjeldsktidende,1910,Levanger
201035790,morgenbladet,1910,Oslo
201817075,tvedestrandsposten,1910,Tvedestrand
201775764,tromsoeposten,1910,Tromsø
200310891,dagbladet,1910,Oslo
202579918,nordlandsfolkeblad,1910,
202541135,mossavis,1910,Moss
200564490,foerstemai,1910,Stavanger
203588602,oerebladet,1910,
201950818,agderposten,1910,Arendal
202040990,bergensannoncetidende,1910,
202601720,nordretrondhjemsamtstidende,1910,
202410616,hordalandfolkeblad,1910,Kvam
202642168,oplandenesavis,1910,Hamar
204659229,Bergensposten Fram (Bergen 1892-1893) ,1910,Bergen
201797767,trondhjemsadresseavis,1910,Trondheim
201477515,romsdalsbudstikke,1910,Molde
201833975,valdres,1910,Nord-Aurdal
201276357,norgessjoefartstidende,1910,Oslo
202222829,folketidendetrondheimattennittien,1910,Trondheim
201600300,solungen,1910,Kongsvinger
200217320,bergenstidende,1910,Bergen
203430437,tunsbergeren,1910,
201163498,nordisktidende,1910,
201471477,romsdalsamtstidende,1910,Kristiansund
200886123,kysten,1910,Oslo
202621822,norskkundgjoerelsestidende,1910,Oslo
200436801,dunderlandsdoelen,1910,Rana
204721927,Laagendalsposten ,1910,Kongsberg
203455772,vestfoldsandefjordatten,1910,
202222891,folketidendetrondheimattennittien,1910,Trondheim
201035745,morgenbladet,1910,Oslo
203303090,buskerudsamtstidendedrammen,1910,
202554058,namdalensblad,1910,
201992982,arbeidet,1910,Bergen
200311168,dagbladet,1910,Oslo
200885942,kysten,1910,Oslo
200044511,agderposten,1910,Arendal
202568288,nordfjord,1910,
201170455,nordkapp,1910,
200790853,hedemarkensamtstidende,1910,Hamar
201594567,sognstidend,1910,Sogndal
202579959,nordlandsfolkeblad,1910,
202756578,romsdalstidende,1910,
202239725,fredrikshaldsavis,1910,
200436804,dunderlandsdoelen,1910,Rana
200455036,faedrelandsvennen,1910,Kristiansand
204506711,Samhold (Gjøvik: 1885-1920) ,1910,Gjøvik
201629272,stjordalensblad,1910,Stjørdal
204736913,Laagendalsposten ,1910,Kongsberg
203529365,warensardne,1910,
201993145,arbeidet,1910,Bergen
201276332,norgessjoefartstidende,1910,Oslo
200217599,bergenstidende,1910,Bergen
200253728,bratsbergdemokraten,1910,Skien
200642814,gjengangeren,1910,Horten
200601464,fredriksstadtilskuer,1910,Fredrikstad
200253704,bratsbergdemokraten,1910,Skien
200311041,dagbladet,1910,Oslo
200310939,dagbladet,1910,Oslo
203657293,buskerudsblad,1910,
201974988,akershuspostenlillestroemnitten,1910,Lørenskog
203463152,vossavis,1910,
202944928,aftenposten,1910,Oslo
202622001,norskkundgjoerelsestidende,1910,Oslo
200455122,faedrelandsvennen,1910,Kristiansand
201309870,oeieren,1910,
202944318,aftenposten,1910,Oslo
201950730,agderposten,1910,Arendal
202495531,lindesnes,1910,Mandal
202944814,aftenposten,1910,Oslo
202944407,aftenposten,1910,Oslo
200311069,dagbladet,1910,Oslo
200866136,kongsbergdagblad,1910,Kongsberg
200311138,dagbladet,1910,Oslo
201217567,nordlys,1910,Tromsø
202579992,nordlandsfolkeblad,1910,
202410636,hordalandfolkeblad,1910,Kvam
201194356,nordlandsposten,1910,Bodø
200752817,harstadtidende,1910,Harstad
201781568,tromsoestiftstidende,1910,Tromsø
202050563,bodotidende,1910,Bodø
200676431,grimstadadressetiden,1910,Grimstad
202944561,aftenposten,1910,Oslo
203463131,vossavis,1910,
204052593,aftenpostenukensnytt,1910,
203125249,indtrondelagen,1910,
201797744,trondhjemsadresseavis,1910,Trondheim
200454963,faedrelandsvennen,1910,Kristiansand
201452176,romerikesblad,1910,Lillestrøm
203302868,buskerudsamtstidendedrammen,1910,
201974982,akershuspostenlillestroemnitten,1910,Lørenskog
202479141,landmandsposten,1910,
202621782,norskkundgjoerelsestidende,1910,Oslo
201572980,sogningen,1910,Sogndal
203302942,buskerudsamtstidendedrammen,1910,
201309828,oeieren,1910,
200253849,bratsbergdemokraten,1910,Skien
200694070,gudbrandsdoelen,1910,Lillehammer
200601500,fredriksstadtilskuer,1910,Fredrikstad
200623868,fremtiden,1910,Drammen
202040820,bergensannoncetidende,1910,
200886132,kysten,1910,Oslo
200310970,dagbladet,1910,Oslo
201600264,solungen,1910,Kongsvinger
201556888,socialdemokraten,1910,Oslo
203153709,nordenfjeldsktidende,1910,Levanger
202944794,aftenposten,1910,Oslo
201967691,akershus,1910,Lillestrøm
200667742,glommendalen,1910,Kongsvinger
202474826,kristiansundspostenatten,1910,
202944282,aftenposten,1910,Oslo
200602391,fremover,1910,Narvik
203358756,oevresmaalenene,1910,Indre Østfold
204522892,Samhold (Gjøvik: 1885-1920) ,1910,Gjøvik
201035339,morgenbladet,1910,Oslo
200310870,dagbladet,1910,Oslo
201471586,romsdalsamtstidende,1910,Kristiansund
200667819,glommendalen,1910,Kongsvinger
203302943,buskerudsamtstidendedrammen,1910,
202041004,bergensannoncetidende,1910,
200436772,dunderlandsdoelen,1910,Rana
203693329,oerebladet,1910,
201556936,socialdemokraten,1910,Oslo
200886047,kysten,1910,Oslo
204720846,Laagendalsposten ,1910,Kongsberg
201471554,romsdalsamtstidende,1910,Kristiansund
201109468,mosstilskuer,1910,Moss
201276485,norgessjoefartstidende,1910,Oslo
203402193,soendhordland,1910,
202944405,aftenposten,1910,Oslo
201035872,morgenbladet,1910,Oslo
201797875,trondhjemsadresseavis,1910,Trondheim
202522363,more,1910,Volda
200836040,indtrondelagen,1910,
200752841,harstadtidende,1910,Harstad
201817063,tvedestrandsposten,1910,Tvedestrand
200310853,dagbladet,1910,Oslo
202483323,langesundsposten,1910,
203125192,indtrondelagen,1910,
200601511,fredriksstadtilskuer,1910,Fredrikstad
201560874,soendretrondhjemsamtstidende,1910,Orkdal
204033013,aftenpostenukensnytt,1910,
203530560,warensardne,1910,
202040778,bergensannoncetidende,1910,
203455651,vestfoldsandefjordatten,1910,
202302442,grimstadposten,1910,
202541081,mossavis,1910,Moss
200642796,gjengangeren,1910,Horten
203396256,skotfosavisnittennullen,1910,
201671761,svelviksposten,1910,Drammen
201471563,romsdalsamtstidende,1910,Kristiansund
202944333,aftenposten,1910,Oslo
202479226,landmandsposten,1910,
204319046,gjoviksbladattenattifire,1910,
202642245,oplandenesavis,1910,Hamar
202050524,bodotidende,1910,Bodø
204241593,gudbrandsdalensfolkebladgjoevik,1910,
202944875,aftenposten,1910,Oslo
200253738,bratsbergdemokraten,1910,Skien
201781588,tromsoestiftstidende,1910,Tromsø
202944385,aftenposten,1910,Oslo
202040978,bergensannoncetidende,1910,
201506012,sandefjordsblad,1910,Sandefjord
203463217,vossavis,1910,
202944667,aftenposten,1910,Oslo
202023253,bergensaftenbladbergenattenattini,1910,Bergen
200866238,kongsbergdagblad,1910,Kongsberg
200790875,hedemarkensamtstidende,1910,Hamar
203430358,tunsbergeren,1910,
202786831,skandinaven,1910,
202474823,kristiansundspostenatten,1910,
202568242,nordfjord,1910,
202621768,norskkundgjoerelsestidende,1910,Oslo
200886138,kysten,1910,Oslo
204659787,Hamar Stiftstidende ,1910,Hamar
201979105,akersposten,1910,Oslo
200027763,agder,1910,
201276487,norgessjoefartstidende,1910,Oslo
201109353,mosstilskuer,1910,Moss
202568303,nordfjord,1910,
203733494,nordland,1910,
202579922,nordlandsfolkeblad,1910,
201152869,nedenaesamtstidende,1910,Risør
202505731,listerogmandalsamtstidendeogadresseavis,1910,Lindesnes
200044508,agderposten,1910,Arendal
201309802,oeieren,1910,
203534622,warensardne,1910,
200694079,gudbrandsdoelen,1910,Lillehammer
203779273,warensardne,1910,
202239793,fredrikshaldsavis,1910,
204293407,vestoplaendingen,1910,
204466555,Hamar Stiftstidende ,1910,Hamar
202944848,aftenposten,1910,Oslo
203844672,narviktidende,1910,
203386893,sarpen,1910,
201276433,norgessjoefartstidende,1910,Oslo
204318981,gjoviksbladattenattifire,1910,
201560828,soendretrondhjemsamtstidende,1910,Orkdal
201798048,trondhjemsadresseavis,1910,Trondheim
202505696,listerogmandalsamtstidendeogadresseavis,1910,Lindesnes
201781511,tromsoestiftstidende,1910,Tromsø
201556776,socialdemokraten,1910,Oslo
201572946,sogningen,1910,Sogndal
201194361,nordlandsposten,1910,Bodø
202786862,skandinaven,1910,
203168036,nordrebergenhusfolkeblad,1910,Kinn
203396240,skotfosavisnittennullen,1910,
200790865,hedemarkensamtstidende,1910,Hamar
200601466,fredriksstadtilskuer,1910,Fredrikstad
201035475,morgenbladet,1910,Oslo
202601698,nordretrondhjemsamtstidende,1910,
202944172,aftenposten,1910,Oslo
201276402,norgessjoefartstidende,1910,Oslo
203653692,nordland,1910,
204394979,Hamar Stiftstidende ,1910,Hamar
201276547,norgessjoefartstidende,1910,Oslo
202536093,mossaftenblad,1910,
201109469,mosstilskuer,1910,Moss
204241528,gudbrandsdalensfolkebladgjoevik,1910,
203411585,soloerposten,1910,
200790858,hedemarkensamtstidende,1910,Hamar
201556822,socialdemokraten,1910,Oslo
202452112,jarlsbergoglarviksamtstidende,1910,Larvik
200642988,gjengangeren,1910,Horten
200310847,dagbladet,1910,Oslo
200454934,faedrelandsvennen,1910,Kristiansand
203430352,tunsbergeren,1910,
201797706,trondhjemsadresseavis,1910,Trondheim
202023298,bergensaftenbladbergenattenattini,1910,Bergen
200911499,lillehammertilskuer,1910,Lillehammer
203125280,indtrondelagen,1910,
204590110,Samhold (Gjøvik: 1885-1920) ,1910,Gjøvik
202302477,grimstadposten,1910,
202944502,aftenposten,1910,Oslo
202579909,nordlandsfolkeblad,1910,
202474906,kristiansundspostenatten,1910,
204437878,Hamar Stiftstidende ,1910,Hamar
202158979,egersundsposten,1910,Eigersund
200601543,fredriksstadtilskuer,1910,Fredrikstad
201560795,soendretrondhjemsamtstidende,1910,Orkdal
200886122,kysten,1910,Oslo
201035471,morgenbladet,1910,Oslo
200311052,dagbladet,1910,Oslo
200454877,faedrelandsvennen,1910,Kristiansand
201471501,romsdalsamtstidende,1910,Kristiansund
203679454,narviktidende,1910,
204293369,vestoplaendingen,1910,
200455139,faedrelandsvennen,1910,Kristiansand
201600266,solungen,1910,Kongsvinger
200044452,agderposten,1910,Arendal
202601691,nordretrondhjemsamtstidende,1910,
200310920,dagbladet,1910,Oslo
200642861,gjengangeren,1910,Horten
201560866,soendretrondhjemsamtstidende,1910,Orkdal
201798011,trondhjemsadresseavis,1910,Trondheim
200642789,gjengangeren,1910,Horten
200885992,kysten,1910,Oslo
204425611,Bergensposten Fram (Bergen 1892-1893) ,1910,Bergen
202474829,kristiansundspostenatten,1910,
202158977,egersundsposten,1910,Eigersund
202059954,breviksposten,1910,Porsgrunn
200253701,bratsbergdemokraten,1910,Skien
201967663,akershus,1910,Lillestrøm
200253832,bratsbergdemokraten,1910,Skien
201316157,ofotenstidende,1910,Narvik
200436790,dunderlandsdoelen,1910,Rana
201975048,akershuspostenlillestroemnitten,1910,Lørenskog
201798056,trondhjemsadresseavis,1910,Trondheim
200601692,fredriksstadtilskuer,1910,Fredrikstad
203455565,vestfoldsandefjordatten,1910,
202452139,jarlsbergoglarviksamtstidende,1910,Larvik
200310985,dagbladet,1910,Oslo
201035465,morgenbladet,1910,Oslo
202302543,grimstadposten,1910,
202222761,folketidendetrondheimattennittien,1910,Trondheim
202642183,oplandenesavis,1910,Hamar
203433365,tvedestrandogomegnsavis,1910,
202222759,folketidendetrondheimattennittien,1910,Trondheim
201035460,morgenbladet,1910,Oslo
201781506,tromsoestiftstidende,1910,Tromsø
200866147,kongsbergdagblad,1910,Kongsberg
201975058,akershuspostenlillestroemnitten,1910,Lørenskog
200217292,bergenstidende,1910,Bergen
202786851,skandinaven,1910,
200217533,bergenstidende,1910,Bergen
202181396,farsundsavis,1910,Farsund
202521448,moldeannonceblad,1910,
200253765,bratsbergdemokraten,1910,Skien
201556993,socialdemokraten,1910,Oslo
200562520,flekkefjordsposten,1910,
201992939,arbeidet,1910,Bergen
201993087,arbeidet,1910,Bergen
201345469,osterdolen,1910,Tynset
201152861,nedenaesamtstidende,1910,Risør
201506021,sandefjordsblad,1910,Sandefjord
200676380,grimstadadressetiden,1910,Grimstad
202424243,indlandsposten,1910,
202621778,norskkundgjoerelsestidende,1910,Oslo
202023410,bergensaftenbladbergenattenattini,1910,Bergen
201967651,akershus,1910,Lillestrøm
201797891,trondhjemsadresseavis,1910,Trondheim
201276441,norgessjoefartstidende,1910,Oslo
203117095,indheredsposten,1910,
202790788,soendmoerefolkeblad,1910,
201477536,romsdalsbudstikke,1910,Molde
202040905,bergensannoncetidende,1910,
202944895,aftenposten,1910,Oslo
202522355,more,1910,Volda
202023486,bergensaftenbladbergenattenattini,1910,Bergen
202059985,breviksposten,1910,Porsgrunn
202410670,hordalandfolkeblad,1910,Kvam
203020015,askerogbaerumsbudstikke,1910,Bærum
201276389,norgessjoefartstidende,1910,Oslo
204241503,gudbrandsdalensfolkebladgjoevik,1910,
201629306,stjordalensblad,1910,Stjørdal
201572958,sogningen,1910,Sogndal
201975051,akershuspostenlillestroemnitten,1910,Lørenskog
200928319,lillesandsposten,1910,Lillesand
201993088,arbeidet,1910,Bergen
202642284,oplandenesavis,1910,Hamar
200311109,dagbladet,1910,Oslo
202541222,mossavis,1910,Moss
201035273,morgenbladet,1910,Oslo
202944562,aftenposten,1910,Oslo
200831035,indresmaalenenesavis,1910,Indre Østfold
201572924,sogningen,1910,Sogndal
201556997,socialdemokraten,1910,Oslo
200358182,dagensnytt,1910,
202786850,skandinaven,1910,
202424309,indlandsposten,1910,
202158982,egersundsposten,1910,Eigersund
202302471,grimstadposten,1910,
200866331,kongsbergdagblad,1910,Kongsberg
201817099,tvedestrandsposten,1910,Tvedestrand
203809277,oerebladet,1910,
202756649,romsdalstidende,1910,
202541175,mossavis,1910,Moss
200667736,glommendalen,1910,Kongsvinger
201775791,tromsoeposten,1910,Tromsø
200790872,hedemarkensamtstidende,1910,Hamar
202222751,folketidendetrondheimattennittien,1910,Trondheim
202642177,oplandenesavis,1910,Hamar
200217653,bergenstidende,1910,Bergen
202536045,mossaftenblad,1910,
202302493,grimstadposten,1910,
202050533,bodotidende,1910,Bodø
201817068,tvedestrandsposten,1910,Tvedestrand
201152894,nedenaesamtstidende,1910,Risør
201035542,morgenbladet,1910,Oslo
203455720,vestfoldsandefjordatten,1910,
201973545,akershusfolkebladdroebak,1910,Oslo
202609702,nordtroenderen,1910,
201309845,oeieren,1910,
202786900,skandinaven,1910,
203396261,skotfosavisnittennullen,1910,
200455106,faedrelandsvennen,1910,Kristiansand
202609776,nordtroenderen,1910,
203430383,tunsbergeren,1910,
201797923,trondhjemsadresseavis,1910,Trondheim
202944941,aftenposten,1910,Oslo
201797717,trondhjemsadresseavis,1910,Trondheim
202023257,bergensaftenbladbergenattenattini,1910,Bergen
201434733,rogalandnittensju,1910,Stavanger
201316167,ofotenstidende,1910,Narvik
200358240,dagensnytt,1910,
202023512,bergensaftenbladbergenattenattini,1910,Bergen
200217568,bergenstidende,1910,Bergen
202568292,nordfjord,1910,
203117050,indheredsposten,1910,
202040808,bergensannoncetidende,1910,
201833954,valdres,1910,Nord-Aurdal
203866260,oerebladet,1910,
200562604,flekkefjordsposten,1910,
201276426,norgessjoefartstidende,1910,Oslo
201797774,trondhjemsadresseavis,1910,Trondheim
201556968,socialdemokraten,1910,Oslo
203153747,nordenfjeldsktidende,1910,Levanger
200602318,fremover,1910,Narvik
201950717,agderposten,1910,Arendal
202601719,nordretrondhjemsamtstidende,1910,
200044472,agderposten,1910,Arendal
200436788,dunderlandsdoelen,1910,Rana
201556863,socialdemokraten,1910,Oslo
200676432,grimstadadressetiden,1910,Grimstad
201276600,norgessjoefartstidende,1910,Oslo
200831018,indresmaalenenesavis,1910,Indre Østfold
202944645,aftenposten,1910,Oslo
202568272,nordfjord,1910,
201993034,arbeidet,1910,Bergen
201035402,morgenbladet,1910,Oslo
201316115,ofotenstidende,1910,Narvik
201152883,nedenaesamtstidende,1910,Risør
200866135,kongsbergdagblad,1910,Kongsberg
201109481,mosstilskuer,1910,Moss
200866103,kongsbergdagblad,1910,Kongsberg
201797922,trondhjemsadresseavis,1910,Trondheim
201992958,arbeidet,1910,Bergen
200642816,gjengangeren,1910,Horten
201471519,romsdalsamtstidende,1910,Kristiansund
203455708,vestfoldsandefjordatten,1910,
204681732,Samhold (Gjøvik: 1885-1920) ,1910,Gjøvik
203198785,stavangeraftenblad,1910,Stavanger
201833912,valdres,1910,Nord-Aurdal
200886080,kysten,1910,Oslo
201276456,norgessjoefartstidende,1910,Oslo
202023295,bergensaftenbladbergenattenattini,1910,Bergen
204699432,Laagendalsposten ,1910,Kongsberg
201276337,norgessjoefartstidende,1910,Oslo
203168002,nordrebergenhusfolkeblad,1910,Kinn
202500317,listerfarsundatten,1910,
203953741,lofotposten,1910,
203402194,soendhordland,1910,
201316154,ofotenstidende,1910,Narvik
200667842,glommendalen,1910,Kongsvinger
203358780,oevresmaalenene,1910,Indre Østfold
204241531,gudbrandsdalensfolkebladgjoevik,1910,
202944189,aftenposten,1910,Oslo
201594619,sognstidend,1910,Sogndal
201781577,tromsoestiftstidende,1910,Tromsø
201035378,morgenbladet,1910,Oslo
200358155,dagensnytt,1910,
204558482,Samhold (Gjøvik: 1885-1920) ,1910,Gjøvik
200886105,kysten,1910,Oslo
202521398,moldeannonceblad,1910,
201035603,morgenbladet,1910,Oslo
203455705,vestfoldsandefjordatten,1910,
200601718,fredriksstadtilskuer,1910,Fredrikstad
204319002,gjoviksbladattenattifire,1910,
201797700,trondhjemsadresseavis,1910,Trondheim
201979080,akersposten,1910,Oslo
202023276,bergensaftenbladbergenattenattini,1910,Bergen
202568252,nordfjord,1910,
202944423,aftenposten,1910,Oslo
202541095,mossavis,1910,Moss
203516102,narviktidende,1910,
204241505,gudbrandsdalensfolkebladgjoevik,1910,
203302938,buskerudsamtstidendedrammen,1910,
203960793,warensardne,1910,
200564590,foerstemai,1910,Stavanger
201797969,trondhjemsadresseavis,1910,Trondheim
200752897,harstadtidende,1910,Harstad
204319085,gjoviksbladattenattifire,1910,
200564485,foerstemai,1910,Stavanger
201993016,arbeidet,1910,Bergen
204742108,Laagendalsposten ,1910,Kongsberg
200642855,gjengangeren,1910,Horten
200358197,dagensnytt,1910,
202023263,bergensaftenbladbergenattenattini,1910,Bergen
201505922,sandefjordsblad,1910,Sandefjord
203411664,soloerposten,1910,
200886212,kysten,1910,Oslo
203358844,oevresmaalenene,1910,Indre Østfold
204721159,Laagendalsposten ,1910,Kongsberg
200601719,fredriksstadtilskuer,1910,Fredrikstad
203411684,soloerposten,1910,
202222861,folketidendetrondheimattennittien,1910,Trondheim
202786841,skandinaven,1910,
201276608,norgessjoefartstidende,1910,Oslo
202187134,finmarken,1910,Vardø
202479219,landmandsposten,1910,
203393453,senjensbladnittennullsju,1910,
201950734,agderposten,1910,Arendal
202012906,baerumogaskersblad,1910,
204319001,gjoviksbladattenattifire,1910,
200525822,finnmarksposten,1910,Nordkapp
204351495,Samhold (Gjøvik: 1885-1920) ,1910,Gjøvik
204668064,Samhold (Gjøvik: 1885-1920) ,1910,Gjøvik
203588303,nordland,1910,
202222910,folketidendetrondheimattennittien,1910,Trondheim
203710034,buskerudsblad,1910,
201152909,nedenaesamtstidende,1910,Risør
203386859,sarpen,1910,
201505872,sandefjordsblad,1910,Sandefjord
201797967,trondhjemsadresseavis,1910,Trondheim
202621855,norskkundgjoerelsestidende,1910,Oslo
202944222,aftenposten,1910,Oslo
200676372,grimstadadressetiden,1910,Grimstad
203198977,stavangeraftenblad,1910,Stavanger
201109445,mosstilskuer,1910,Moss
204241514,gudbrandsdalensfolkebladgjoevik,1910,
200866102,kongsbergdagblad,1910,Kongsberg
201797927,trondhjemsadresseavis,1910,Trondheim
204241509,gudbrandsdalensfolkebladgjoevik,1910,
202479204,landmandsposten,1910,
200358210,dagensnytt,1910,
202944615,aftenposten,1910,Oslo
202040861,bergensannoncetidende,1910,
204589769,Samhold (Gjøvik: 1885-1920) ,1910,Gjøvik
202621674,norskkundgjoerelsestidende,1910,Oslo
200455156,faedrelandsvennen,1910,Kristiansand
200217377,bergenstidende,1910,Bergen
202944685,aftenposten,1910,Oslo
203303063,buskerudsamtstidendedrammen,1910,
201506026,sandefjordsblad,1910,Sandefjord
203433385,tvedestrandogomegnsavis,1910,
203803915,oerebladet,1910,
201035276,morgenbladet,1910,Oslo
200642882,gjengangeren,1910,Horten
202944822,aftenposten,1910,Oslo
203198942,stavangeraftenblad,1910,Stavanger
202944347,aftenposten,1910,Oslo
200455136,faedrelandsvennen,1910,Kristiansand
201109471,mosstilskuer,1910,Moss
200886112,kysten,1910,Oslo
200311010,dagbladet,1910,Oslo
202023462,bergensaftenbladbergenattenattini,1910,Bergen
202050543,bodotidende,1910,Bodø
201833957,valdres,1910,Nord-Aurdal
201035731,morgenbladet,1910,Oslo
201309848,oeieren,1910,
201775828,tromsoeposten,1910,Tromsø
203899299,nordland,1910,
203302941,buskerudsamtstidendedrammen,1910,
201452097,romerikesblad,1910,Lillestrøm
200866363,kongsbergdagblad,1910,Kongsberg
201035331,morgenbladet,1910,Oslo
201471565,romsdalsamtstidende,1910,Kristiansund
200866140,kongsbergdagblad,1910,Kongsberg
203626446,aftenpostenukensnytt,1910,
201798030,trondhjemsadresseavis,1910,Trondheim
201992938,arbeidet,1910,Bergen
202541197,mossavis,1910,Moss
203153719,nordenfjeldsktidende,1910,Levanger
202222982,folketidendetrondheimattennittien,1910,Trondheim
200217319,bergenstidende,1910,Bergen
200642919,gjengangeren,1910,Horten
203198827,stavangeraftenblad,1910,Stavanger
201035598,morgenbladet,1910,Oslo
203455598,vestfoldsandefjordatten,1910,
200044422,agderposten,1910,Arendal
201217599,nordlys,1910,Tromsø
202944412,aftenposten,1910,Oslo
202012891,baerumogaskersblad,1910,
202585512,nordlandsposten,1910,Bodø
202786897,skandinaven,1910,
201276338,norgessjoefartstidende,1910,Oslo
201170438,nordkapp,1910,
203667830,buskerudsblad,1910,
200886181,kysten,1910,Oslo
202452032,jarlsbergoglarviksamtstidende,1910,Larvik
202556381,namdalensfolkeblad,1910,
201797913,trondhjemsadresseavis,1910,Trondheim
203117093,indheredsposten,1910,
204241502,gudbrandsdalensfolkebladgjoevik,1910,
201471523,romsdalsamtstidende,1910,Kristiansund
201217579,nordlys,1910,Tromsø
202536064,mossaftenblad,1910,
200601685,fredriksstadtilskuer,1910,Fredrikstad
201276352,norgessjoefartstidende,1910,Oslo
201505971,sandefjordsblad,1910,Sandefjord
200886160,kysten,1910,Oslo
201833859,valdres,1910,Nord-Aurdal
202302463,grimstadposten,1910,
200601576,fredriksstadtilskuer,1910,Fredrikstad
200667775,glommendalen,1910,Kongsvinger
201217553,nordlys,1910,Tromsø
200928348,lillesandsposten,1910,Lillesand
203302888,buskerudsamtstidendedrammen,1910,
201979069,akersposten,1910,Oslo
202023310,bergensaftenbladbergenattenattini,1910,Bergen
202410657,hordalandfolkeblad,1910,Kvam
201594592,sognstidend,1910,Sogndal
201975024,akershuspostenlillestroemnitten,1910,Lørenskog
201975007,akershuspostenlillestroemnitten,1910,Lørenskog
200562505,flekkefjordsposten,1910,
202621883,norskkundgjoerelsestidende,1910,Oslo
200866375,kongsbergdagblad,1910,Kongsberg
202242331,fredrikshaldstilskuer,1910,Halden
204591142,unglyden ,1910,Voss
204281951,saltensfremtid,1910,
201035422,morgenbladet,1910,Oslo
200253719,bratsbergdemokraten,1910,Skien
202944322,aftenposten,1910,Oslo
200886046,kysten,1910,Oslo
201276613,norgessjoefartstidende,1910,Oslo
201781586,tromsoestiftstidende,1910,Tromsø
203165891,nordrebergenhusamtstidende,1910,Kinn
204433272,Bergensposten Fram (Bergen 1892-1893) ,1910,Bergen
200885935,kysten,1910,Oslo
202589608,nordlendingen,1910,
202023279,bergensaftenbladbergenattenattini,1910,Bergen
200027784,agder,1910,
200044510,agderposten,1910,Arendal
203125272,indtrondelagen,1910,
200928380,lillesandsposten,1910,Lillesand
201992904,arbeidet,1910,Bergen
201109433,mosstilskuer,1910,Moss
200886028,kysten,1910,Oslo
200525797,finnmarksposten,1910,Nordkapp
203386766,sarpen,1910,
200311003,dagbladet,1910,Oslo
200831129,indresmaalenenesavis,1910,Indre Østfold
202944498,aftenposten,1910,Oslo
200253830,bratsbergdemokraten,1910,Skien
202944247,aftenposten,1910,Oslo
200436759,dunderlandsdoelen,1910,Rana
201993030,arbeidet,1910,Bergen
200676430,grimstadadressetiden,1910,Grimstad
201452149,romerikesblad,1910,Lillestrøm
200642802,gjengangeren,1910,Horten
202944409,aftenposten,1910,Oslo
202239769,fredrikshaldsavis,1910,
202621994,norskkundgjoerelsestidende,1910,Oslo
200885990,kysten,1910,Oslo
200044376,agderposten,1910,Arendal
200454889,faedrelandsvennen,1910,Kristiansand
203433366,tvedestrandogomegnsavis,1910,
202621737,norskkundgjoerelsestidende,1910,Oslo
202505824,listerogmandalsamtstidendeogadresseavis,1910,Lindesnes
202521403,moldeannonceblad,1910,
203433395,tvedestrandogomegnsavis,1910,
202944292,aftenposten,1910,Oslo
201671716,svelviksposten,1910,Drammen
202187137,finmarken,1910,Vardø
201993132,arbeidet,1910,Bergen
202521452,moldeannonceblad,1910,
200866267,kongsbergdagblad,1910,Kongsberg
200602404,fremover,1910,Narvik
202944351,aftenposten,1910,Oslo
203594923,helgeland,1910,
202944592,aftenposten,1910,Oslo
200811180,helgelandsblad,1910,
200454922,faedrelandsvennen,1910,Kristiansand
200623905,fremtiden,1910,Drammen
204609056,Hamar Stiftstidende ,1910,Hamar
200676433,grimstadadressetiden,1910,Grimstad
200027788,agder,1910,
201992899,arbeidet,1910,Bergen
203402186,soendhordland,1910,
201797963,trondhjemsadresseavis,1910,Trondheim
202522307,more,1910,Volda
200831012,indresmaalenenesavis,1910,Indre Østfold
203433321,tvedestrandogomegnsavis,1910,
202057342,breidablik,1910,
200886014,kysten,1910,Oslo
200217569,bergenstidende,1910,Bergen
201941497,vortlandosloattennitti,1910,Oslo
202500360,listerfarsundatten,1910,
202944413,aftenposten,1910,Oslo
200811178,helgelandsblad,1910,
201775789,tromsoeposten,1910,Tromsø
203302894,buskerudsamtstidendedrammen,1910,
203876292,oerebladet,1910,
202522316,more,1910,Volda
201345567,osterdolen,1910,Tynset
204241613,gudbrandsdalensfolkebladgjoevik,1910,
204319003,gjoviksbladattenattifire,1910,
202059895,breviksposten,1910,Porsgrunn
203430349,tunsbergeren,1910,
203806996,nordland,1910,
202786805,skandinaven,1910,
201276329,norgessjoefartstidende,1910,Oslo
202302556,grimstadposten,1910,
203402183,soendhordland,1910,
201600186,solungen,1910,Kongsvinger
203125290,indtrondelagen,1910,
200642955,gjengangeren,1910,Horten
203386875,sarpen,1910,
202568317,nordfjord,1910,
202158944,egersundsposten,1910,Eigersund
202023237,bergensaftenbladbergenattenattini,1910,Bergen
201035836,morgenbladet,1910,Oslo
201560829,soendretrondhjemsamtstidende,1910,Orkdal
203302893,buskerudsamtstidendedrammen,1910,
201035383,morgenbladet,1910,Oslo
202040756,bergensannoncetidende,1910,
200642987,gjengangeren,1910,Horten
203455691,vestfoldsandefjordatten,1910,
201817115,tvedestrandsposten,1910,Tvedestrand
202944251,aftenposten,1910,Oslo
204652175,Samhold (Gjøvik: 1885-1920) ,1910,Gjøvik
203552028,aftenpostenukensnytt,1910,
200886024,kysten,1910,Oslo
200044429,agderposten,1910,Arendal
200928368,lillesandsposten,1910,Lillesand
200217580,bergenstidende,1910,Bergen
203662230,helgeland,1910,
201345597,osterdolen,1910,Tynset
202012888,baerumogaskersblad,1910,
203125229,indtrondelagen,1910,
204319008,gjoviksbladattenattifire,1910,
202023287,bergensaftenbladbergenattenattini,1910,Bergen
201152807,nedenaesamtstidende,1910,Risør
202483352,langesundsposten,1910,
201471462,romsdalsamtstidende,1910,Kristiansund
200811200,helgelandsblad,1910,
200602325,fremover,1910,Narvik
200866346,kongsbergdagblad,1910,Kongsberg
201557024,socialdemokraten,1910,Oslo
200667798,glommendalen,1910,Kongsvinger
201775766,tromsoeposten,1910,Tromsø
203302879,buskerudsamtstidendedrammen,1910,
200642862,gjengangeren,1910,Horten
200217367,bergenstidende,1910,Bergen
203433384,tvedestrandogomegnsavis,1910,
204151367,fjordenestidende,1910,
201035833,morgenbladet,1910,Oslo
202040895,bergensannoncetidende,1910,
200866257,kongsbergdagblad,1910,Kongsberg
203302873,buskerudsamtstidendedrammen,1910,
201833989,valdres,1910,Nord-Aurdal
204697367,Samhold (Gjøvik: 1885-1920) ,1910,Gjøvik
204740748,Laagendalsposten ,1910,Kongsberg
201035835,morgenbladet,1910,Oslo
201035871,morgenbladet,1910,Oslo
202452034,jarlsbergoglarviksamtstidende,1910,Larvik
202424248,indlandsposten,1910,
203396231,skotfosavisnittennullen,1910,
203165803,nordrebergenhusamtstidende,1910,Kinn
200928347,lillesandsposten,1910,Lillesand
202642181,oplandenesavis,1910,Hamar
201797890,trondhjemsadresseavis,1910,Trondheim
202495511,lindesnes,1910,Mandal
202944259,aftenposten,1910,Oslo
203455738,vestfoldsandefjordatten,1910,
202554065,namdalensblad,1910,
203019986,askerogbaerumsbudstikke,1910,Bærum
200602367,fremover,1910,Narvik
200044377,agderposten,1910,Arendal
202621800,norskkundgjoerelsestidende,1910,Oslo
200602324,fremover,1910,Narvik
202621678,norskkundgjoerelsestidende,1910,Oslo
202023247,bergensaftenbladbergenattenattini,1910,Bergen
204468437,Samhold (Gjøvik: 1885-1920) ,1910,Gjøvik
202023226,bergensaftenbladbergenattenattini,1910,Bergen
200624003,fremtiden,1910,Drammen
204731848,Laagendalsposten ,1910,Kongsberg
200601587,fredriksstadtilskuer,1910,Fredrikstad
200310990,dagbladet,1910,Oslo
202541069,mossavis,1910,Moss
201035482,morgenbladet,1910,Oslo
202585500,nordlandsposten,1910,Bodø
200253758,bratsbergdemokraten,1910,Skien
203302964,buskerudsamtstidendedrammen,1910,
202536125,mossaftenblad,1910,
200358191,dagensnytt,1910,
201345477,osterdolen,1910,Tynset
202495473,lindesnes,1910,Mandal
201833895,valdres,1910,Nord-Aurdal
201600208,solungen,1910,Kongsvinger
201170398,nordkapp,1910,
201035587,morgenbladet,1910,Oslo
202541190,mossavis,1910,Moss
200866369,kongsbergdagblad,1910,Kongsberg
200455163,faedrelandsvennen,1910,Kristiansand
200790854,hedemarkensamtstidende,1910,Hamar
202568315,nordfjord,1910,
201152860,nedenaesamtstidende,1910,Risør
201035707,morgenbladet,1910,Oslo
203738514,narviktidende,1910,
202239727,fredrikshaldsavis,1910,
202541180,mossavis,1910,Moss
201163500,nordisktidende,1910,
200886216,kysten,1910,Oslo
203887139,aftenpostenukensnytt,1910,
203396239,skotfosavisnittennullen,1910,
200358236,dagensnytt,1910,
201534672,selbyggen,1910,Selbu
202944702,aftenposten,1910,Oslo
201170378,nordkapp,1910,
204565509,Samhold (Gjøvik: 1885-1920) ,1910,Gjøvik
200358260,dagensnytt,1910,
201572975,sogningen,1910,Sogndal
203455680,vestfoldsandefjordatten,1910,
202790702,soendmoerefolkeblad,1910,
203789268,lofotposten,1910,
203185185,ranenstidende,1910,Hemnes
201505903,sandefjordsblad,1910,Sandefjord
201993008,arbeidet,1910,Bergen
201345490,osterdolen,1910,Tynset
201594630,sognstidend,1910,Sogndal
201170434,nordkapp,1910,
202495487,lindesnes,1910,Mandal
201309806,oeieren,1910,
200790867,hedemarkensamtstidende,1910,Hamar
201975075,akershuspostenlillestroemnitten,1910,Lørenskog
201035654,morgenbladet,1910,Oslo
202609723,nordtroenderen,1910,
200310833,dagbladet,1910,Oslo
202023280,bergensaftenbladbergenattenattini,1910,Bergen
200310963,dagbladet,1910,Oslo
203168032,nordrebergenhusfolkeblad,1910,Kinn
201979098,akersposten,1910,Oslo
203492063,oerebladet,1910,
204609159,Samhold (Gjøvik: 1885-1920) ,1910,Gjøvik
201109375,mosstilskuer,1910,Moss
202023320,bergensaftenbladbergenattenattini,1910,Bergen
203791842,narviktidende,1910,
201109422,mosstilskuer,1910,Moss
202222731,folketidendetrondheimattennittien,1910,Trondheim
202050538,bodotidende,1910,Bodø
203430371,tunsbergeren,1910,
203508877,buskerudsblad,1910,
200928366,lillesandsposten,1910,Lillesand
200928387,lillesandsposten,1910,Lillesand
202181391,farsundsavis,1910,Farsund
201109352,mosstilskuer,1910,Moss
202536103,mossaftenblad,1910,
204025370,nordland,1910,
202609752,nordtroenderen,1910,
202944625,aftenposten,1910,Oslo
200217615,bergenstidende,1910,Bergen
200253836,bratsbergdemokraten,1910,Skien
203168012,nordrebergenhusfolkeblad,1910,Kinn
203402196,soendhordland,1910,
201035364,morgenbladet,1910,Oslo
202452208,jarlsbergoglarviksamtstidende,1910,Larvik
200455146,faedrelandsvennen,1910,Kristiansand
200027887,agder,1910,
203455670,vestfoldsandefjordatten,1910,
204702543,Laagendalsposten ,1910,Kongsberg
204553926,Samhold (Gjøvik: 1885-1920) ,1910,Gjøvik
203654432,warensardne,1910,
201152884,nedenaesamtstidende,1910,Risør
201035803,morgenbladet,1910,Oslo
204038255,oerebladet,1910,
202023419,bergensaftenbladbergenattenattini,1910,Bergen
201556801,socialdemokraten,1910,Oslo
203393419,senjensbladnittennullsju,1910,
202621865,norskkundgjoerelsestidende,1910,Oslo
200790899,hedemarkensamtstidende,1910,Hamar
201477477,romsdalsbudstikke,1910,Molde
202222732,folketidendetrondheimattennittien,1910,Trondheim
202944662,aftenposten,1910,Oslo
203661224,fjellposten,1910,
200217299,bergenstidende,1910,Bergen
204414387,Samhold (Gjøvik: 1885-1920) ,1910,Gjøvik
202424315,indlandsposten,1910,
201276549,norgessjoefartstidende,1910,Oslo
202944573,aftenposten,1910,Oslo
202944365,aftenposten,1910,Oslo
203480107,lofotposten,1910,
201967761,akershus,1910,Lillestrøm
202474939,kristiansundspostenatten,1910,
201967647,akershus,1910,Lillestrøm
203153744,nordenfjeldsktidende,1910,Levanger
202621976,norskkundgjoerelsestidende,1910,Oslo
202589636,nordlendingen,1910,
200866098,kongsbergdagblad,1910,Kongsberg
200601574,fredriksstadtilskuer,1910,Fredrikstad
200454869,faedrelandsvennen,1910,Kristiansand
203198940,stavangeraftenblad,1910,Stavanger
202023211,bergensaftenbladbergenattenattini,1910,Bergen
201276616,norgessjoefartstidende,1910,Oslo
202756615,romsdalstidende,1910,
201993065,arbeidet,1910,Bergen
202500332,listerfarsundatten,1910,
204151365,fjordenestidende,1910,
200525885,finnmarksposten,1910,Nordkapp
202601716,nordretrondhjemsamtstidende,1910,
201035473,morgenbladet,1910,Oslo
202621680,norskkundgjoerelsestidende,1910,Oslo
204574981,Hamar Stiftstidende ,1910,Hamar
203411574,soloerposten,1910,
200562576,flekkefjordsposten,1910,
203455643,vestfoldsandefjordatten,1910,
201572987,sogningen,1910,Sogndal
200667749,glommendalen,1910,Kongsvinger
201992956,arbeidet,1910,Bergen
201975101,akershuspostenlillestroemnitten,1910,Lørenskog
202609841,nordtroenderen,1910,
202790761,soendmoerefolkeblad,1910,
203153808,nordenfjeldsktidende,1910,Levanger
201035557,morgenbladet,1910,Oslo
200562526,flekkefjordsposten,1910,
202500288,listerfarsundatten,1910,
200693997,gudbrandsdoelen,1910,Lillehammer
202621920,norskkundgjoerelsestidende,1910,Oslo
203302886,buskerudsamtstidendedrammen,1910,
200455053,faedrelandsvennen,1910,Kristiansand
202642217,oplandenesavis,1910,Hamar
201833935,valdres,1910,Nord-Aurdal
203411596,soloerposten,1910,
202790726,soendmoerefolkeblad,1910,
201594569,sognstidend,1910,Sogndal
203509013,narviktidende,1910,
202479209,landmandsposten,1910,
202187064,finmarken,1910,Vardø
201109356,mosstilskuer,1910,Moss
203125211,indtrondelagen,1910,
201629259,stjordalensblad,1910,Stjørdal
202505722,listerogmandalsamtstidendeogadresseavis,1910,Lindesnes
201797730,trondhjemsadresseavis,1910,Trondheim
202944654,aftenposten,1910,Oslo
200310857,dagbladet,1910,Oslo
201035744,morgenbladet,1910,Oslo
202944555,aftenposten,1910,Oslo
200667828,glommendalen,1910,Kongsvinger
204534905,Samhold (Gjøvik: 1885-1920) ,1910,Gjøvik
202621835,norskkundgjoerelsestidende,1910,Oslo
200310869,dagbladet,1910,Oslo
201950816,agderposten,1910,Arendal
202786883,skandinaven,1910,
201833868,valdres,1910,Nord-Aurdal
202609797,nordtroenderen,1910,
202944801,aftenposten,1910,Oslo
201967655,akershus,1910,Lillestrøm
200667779,glommendalen,1910,Kongsvinger
200790859,hedemarkensamtstidende,1910,Hamar
201505879,sandefjordsblad,1910,Sandefjord
202944511,aftenposten,1910,Oslo
201797856,trondhjemsadresseavis,1910,Trondheim
203732423,helgeland,1910,
203411667,soloerposten,1910,
200217597,bergenstidende,1910,Bergen
203455572,vestfoldsandefjordatten,1910,
202621940,norskkundgjoerelsestidende,1910,Oslo
200694096,gudbrandsdoelen,1910,Lillehammer
201035353,morgenbladet,1910,Oslo
202944842,aftenposten,1910,Oslo
200911576,lillehammertilskuer,1910,Lillehammer
202479215,landmandsposten,1910,
200831137,indresmaalenenesavis,1910,Indre Østfold
202541121,mossavis,1910,Moss
200911477,lillehammertilskuer,1910,Lillehammer
203198810,stavangeraftenblad,1910,Stavanger
200436764,dunderlandsdoelen,1910,Rana
203167987,nordrebergenhusfolkeblad,1910,Kinn
202621956,norskkundgjoerelsestidende,1910,Oslo
200752896,harstadtidende,1910,Harstad
200886020,kysten,1910,Oslo
202944320,aftenposten,1910,Oslo
204281938,saltensfremtid,1910,
203402163,soendhordland,1910,
203153814,nordenfjeldsktidende,1910,Levanger
201276518,norgessjoefartstidende,1910,Oslo
202541185,mossavis,1910,Moss
203198830,stavangeraftenblad,1910,Stavanger
200027904,agder,1910,
200217293,bergenstidende,1910,Bergen
201572930,sogningen,1910,Sogndal
201556937,socialdemokraten,1910,Oslo
201471508,romsdalsamtstidende,1910,Kristiansund
203020030,askerogbaerumsbudstikke,1910,Bærum
203396198,skotfosavisnittennullen,1910,
202181376,farsundsavis,1910,Farsund
201316173,ofotenstidende,1910,Narvik
202181402,farsundsavis,1910,Farsund
200044401,agderposten,1910,Arendal
202944459,aftenposten,1910,Oslo
200310912,dagbladet,1910,Oslo
202522364,more,1910,Volda
201671734,svelviksposten,1910,Drammen
202479131,landmandsposten,1910,
201276565,norgessjoefartstidende,1910,Oslo
204319065,gjoviksbladattenattifire,1910,
201572968,sogningen,1910,Sogndal
202944398,aftenposten,1910,Oslo
201035918,morgenbladet,1910,Oslo
203302932,buskerudsamtstidendedrammen,1910,
200311071,dagbladet,1910,Oslo
202642282,oplandenesavis,1910,Hamar
202158967,egersundsposten,1910,Eigersund
200667807,glommendalen,1910,Kongsvinger
200752884,harstadtidende,1910,Harstad
203455664,vestfoldsandefjordatten,1910,
201309867,oeieren,1910,
203185199,ranenstidende,1910,Hemnes
201035813,morgenbladet,1910,Oslo
202452123,jarlsbergoglarviksamtstidende,1910,Larvik
202302470,grimstadposten,1910,
203302963,buskerudsamtstidendedrammen,1910,
201471459,romsdalsamtstidende,1910,Kristiansund
200866095,kongsbergdagblad,1910,Kongsberg
204439378,unglyden ,1910,Voss
203396224,skotfosavisnittennullen,1910,
203929387,helgeland,1910,
202023409,bergensaftenbladbergenattenattini,1910,Bergen
202944356,aftenposten,1910,Oslo
201035344,morgenbladet,1910,Oslo
203358891,oevresmaalenene,1910,Indre Østfold
200790934,hedemarkensamtstidende,1910,Hamar
203411582,soloerposten,1910,
200562486,flekkefjordsposten,1910,
200311005,dagbladet,1910,Oslo
200866108,kongsbergdagblad,1910,Kongsberg
202790714,soendmoerefolkeblad,1910,
201035865,morgenbladet,1910,Oslo
201035668,morgenbladet,1910,Oslo
200886029,kysten,1910,Oslo
203688572,nordland,1910,
200831130,indresmaalenenesavis,1910,Indre Østfold
204740365,Laagendalsposten ,1910,Kongsberg
202050558,bodotidende,1910,Bodø
201797949,trondhjemsadresseavis,1910,Trondheim
201217571,nordlys,1910,Tromsø
203198948,stavangeraftenblad,1910,Stavanger
201035268,morgenbladet,1910,Oslo
200310908,dagbladet,1910,Oslo
204319009,gjoviksbladattenattifire,1910,
200525859,finnmarksposten,1910,Nordkapp
202790699,soendmoerefolkeblad,1910,
202012935,baerumogaskersblad,1910,
203994409,aftenpostenukensnytt,1910,
201109373,mosstilskuer,1910,Moss
202522341,more,1910,Volda
201797764,trondhjemsadresseavis,1910,Trondheim
201152812,nedenaesamtstidende,1910,Risør
202479129,landmandsposten,1910,
201109398,mosstilskuer,1910,Moss
202012929,baerumogaskersblad,1910,
200217502,bergenstidende,1910,Bergen
203153741,nordenfjeldsktidende,1910,Levanger
202187071,finmarken,1910,Vardø
200886135,kysten,1910,Oslo
201477489,romsdalsbudstikke,1910,Molde
202479201,landmandsposten,1910,
200928401,lillesandsposten,1910,Lillesand
203455861,vestfoldsandefjordatten,1910,
201993163,arbeidet,1910,Bergen
204281943,saltensfremtid,1910,
200217344,bergenstidende,1910,Bergen
203788401,narviktidende,1910,
202023413,bergensaftenbladbergenattenattini,1910,Bergen
202474802,kristiansundspostenatten,1910,
201452103,romerikesblad,1910,Lillestrøm
202568237,nordfjord,1910,
202187088,finmarken,1910,Vardø
200667840,glommendalen,1910,Kongsvinger
202756573,romsdalstidende,1910,
200044467,agderposten,1910,Arendal
201992979,arbeidet,1910,Bergen
201798065,trondhjemsadresseavis,1910,Trondheim
204241600,gudbrandsdalensfolkebladgjoevik,1910,
200217381,bergenstidende,1910,Bergen
201477505,romsdalsbudstikke,1910,Molde
203396169,skotfosavisnittennullen,1910,
201505830,sandefjordsblad,1910,Sandefjord
202500340,listerfarsundatten,1910,
202495475,lindesnes,1910,Mandal
203198862,stavangeraftenblad,1910,Stavanger
200310831,dagbladet,1910,Oslo
202500293,listerfarsundatten,1910,
201993176,arbeidet,1910,Bergen
200358157,dagensnytt,1910,
203165878,nordrebergenhusamtstidende,1910,Kinn
203430377,tunsbergeren,1910,
203165810,nordrebergenhusamtstidende,1910,Kinn
201560786,soendretrondhjemsamtstidende,1910,Orkdal
202521419,moldeannonceblad,1910,
201035484,morgenbladet,1910,Oslo
202474907,kristiansundspostenatten,1910,
201950824,agderposten,1910,Arendal
200525866,finnmarksposten,1910,Nordkapp
204728871,Laagendalsposten ,1910,Kongsberg
202158962,egersundsposten,1910,Eigersund
201309817,oeieren,1910,
201572938,sogningen,1910,Sogndal
202040979,bergensannoncetidende,1910,
200694010,gudbrandsdoelen,1910,Lillehammer
202944248,aftenposten,1910,Oslo
202222925,folketidendetrondheimattennittien,1910,Trondheim
200217616,bergenstidende,1910,Bergen
202790791,soendmoerefolkeblad,1910,
202040829,bergensannoncetidende,1910,
201671752,svelviksposten,1910,Drammen
202050502,bodotidende,1910,Bodø
200928396,lillesandsposten,1910,Lillesand
204241491,gudbrandsdalensfolkebladgjoevik,1910,
200562530,flekkefjordsposten,1910,
201979102,akersposten,1910,Oslo
201833888,valdres,1910,Nord-Aurdal
200811177,helgelandsblad,1910,
200602345,fremover,1910,Narvik
203433341,tvedestrandogomegnsavis,1910,
202786866,skandinaven,1910,
203198938,stavangeraftenblad,1910,Stavanger
200866253,kongsbergdagblad,1910,Kongsberg
202554077,namdalensblad,1910,
200790873,hedemarkensamtstidende,1910,Hamar
200911607,lillehammertilskuer,1910,Lillehammer
202522297,more,1910,Volda
202424222,indlandsposten,1910,
204439489,Samhold (Gjøvik: 1885-1920) ,1910,Gjøvik
202474909,kristiansundspostenatten,1910,
200885975,kysten,1910,Oslo
202621721,norskkundgjoerelsestidende,1910,Oslo
202424215,indlandsposten,1910,
204595712,unglyden ,1910,Voss
200623913,fremtiden,1910,Drammen
202505810,listerogmandalsamtstidendeogadresseavis,1910,Lindesnes
202944355,aftenposten,1910,Oslo
201833962,valdres,1910,Nord-Aurdal
204319014,gjoviksbladattenattifire,1910,
202621767,norskkundgjoerelsestidende,1910,Oslo
202944627,aftenposten,1910,Oslo
201035391,morgenbladet,1910,Oslo
203433356,tvedestrandogomegnsavis,1910,
202554160,namdalensblad,1910,
202424303,indlandsposten,1910,
202554187,namdalensblad,1910,
200642903,gjengangeren,1910,Horten
200253731,bratsbergdemokraten,1910,Skien
203430434,tunsbergeren,1910,
202541079,mossavis,1910,Moss
204487889,Samhold (Gjøvik: 1885-1920) ,1910,Gjøvik
201560836,soendretrondhjemsamtstidende,1910,Orkdal
202521473,moldeannonceblad,1910,
200667803,glommendalen,1910,Kongsvinger
202790771,soendmoerefolkeblad,1910,
202505767,listerogmandalsamtstidendeogadresseavis,1910,Lindesnes
201993116,arbeidet,1910,Bergen
201556759,socialdemokraten,1910,Oslo
201797751,trondhjemsadresseavis,1910,Trondheim
203455586,vestfoldsandefjordatten,1910,
203125151,indtrondelagen,1910,
202579907,nordlandsfolkeblad,1910,
203909352,buskerudsblad,1910,
202023264,bergensaftenbladbergenattenattini,1910,Bergen
200044493,agderposten,1910,Arendal
203761803,narviktidende,1910,
201833857,valdres,1910,Nord-Aurdal
203710541,aftenpostenukensnytt,1910,
201817104,tvedestrandsposten,1910,Tvedestrand
200911595,lillehammertilskuer,1910,Lillehammer
200358184,dagensnytt,1910,
202944181,aftenposten,1910,Oslo
203165892,nordrebergenhusamtstidende,1910,Kinn
202522342,more,1910,Volda
202944180,aftenposten,1910,Oslo
200642791,gjengangeren,1910,Horten
201775760,tromsoeposten,1910,Tromsø
201477478,romsdalsbudstikke,1910,Molde
203168051,nordrebergenhusfolkeblad,1910,Kinn
202790731,soendmoerefolkeblad,1910,
200694085,gudbrandsdoelen,1910,Lillehammer
201276490,norgessjoefartstidende,1910,Oslo
202568319,nordfjord,1910,
204293358,vestoplaendingen,1910,
201594623,sognstidend,1910,Sogndal
200525867,finnmarksposten,1910,Nordkapp
202500372,listerfarsundatten,1910,
202242378,fredrikshaldstilskuer,1910,Halden
202479119,landmandsposten,1910,
201152902,nedenaesamtstidende,1910,Risør
201035629,morgenbladet,1910,Oslo
201967740,akershus,1910,Lillestrøm
203560711,buskerudsblad,1910,
203856649,lofotposten,1910,
201797925,trondhjemsadresseavis,1910,Trondheim
204293413,vestoplaendingen,1910,
200455071,faedrelandsvennen,1910,Kristiansand
201975076,akershuspostenlillestroemnitten,1910,Lørenskog
201671733,svelviksposten,1910,Drammen
202050553,bodotidende,1910,Bodø
200602409,fremover,1910,Narvik
204241510,gudbrandsdalensfolkebladgjoevik,1910,
202222957,folketidendetrondheimattennittien,1910,Trondheim
201276388,norgessjoefartstidende,1910,Oslo
204424836,Samhold (Gjøvik: 1885-1920) ,1910,Gjøvik
201163469,nordisktidende,1910,
203153825,nordenfjeldsktidende,1910,Levanger
201035437,morgenbladet,1910,Oslo
200454940,faedrelandsvennen,1910,Kristiansand
203302954,buskerudsamtstidendedrammen,1910,
201035540,morgenbladet,1910,Oslo
203303109,buskerudsamtstidendedrammen,1910,
201979074,akersposten,1910,Oslo
201035287,morgenbladet,1910,Oslo
203733720,aftenpostenukensnytt,1910,
202621943,norskkundgjoerelsestidende,1910,Oslo
202568312,nordfjord,1910,
201798021,trondhjemsadresseavis,1910,Trondheim
201993123,arbeidet,1910,Bergen
201505904,sandefjordsblad,1910,Sandefjord
204605411,Samhold (Gjøvik: 1885-1920) ,1910,Gjøvik
203185167,ranenstidende,1910,Hemnes
201975041,akershuspostenlillestroemnitten,1910,Lørenskog
201572967,sogningen,1910,Sogndal
200831082,indresmaalenenesavis,1910,Indre Østfold
200455130,faedrelandsvennen,1910,Kristiansand
204536919,Hamar Stiftstidende ,1910,Hamar
202621872,norskkundgjoerelsestidende,1910,Oslo
201505873,sandefjordsblad,1910,Sandefjord
204241494,gudbrandsdalensfolkebladgjoevik,1910,
201560833,soendretrondhjemsamtstidende,1910,Orkdal
200866122,kongsbergdagblad,1910,Kongsberg
202012896,baerumogaskersblad,1910,
201505835,sandefjordsblad,1910,Sandefjord
200564581,foerstemai,1910,Stavanger
201276503,norgessjoefartstidende,1910,Oslo
200667735,glommendalen,1910,Kongsvinger
202505706,listerogmandalsamtstidendeogadresseavis,1910,Lindesnes
202944394,aftenposten,1910,Oslo
202181423,farsundsavis,1910,Farsund
201797943,trondhjemsadresseavis,1910,Trondheim
202536026,mossaftenblad,1910,
201471590,romsdalsamtstidende,1910,Kristiansund
200027874,agder,1910,
204437836,Samhold (Gjøvik: 1885-1920) ,1910,Gjøvik
203303092,buskerudsamtstidendedrammen,1910,
202790748,soendmoerefolkeblad,1910,
203899626,warensardne,1910,
202012922,baerumogaskersblad,1910,
201775750,tromsoeposten,1910,Tromsø
202541160,mossavis,1910,Moss
202495488,lindesnes,1910,Mandal
203430464,tunsbergeren,1910,
201798003,trondhjemsadresseavis,1910,Trondheim
201556924,socialdemokraten,1910,Oslo
201276529,norgessjoefartstidende,1910,Oslo
200911476,lillehammertilskuer,1910,Lillehammer
204688305,Øvre Smaalenene ,1910,Indre Østfold
202059964,breviksposten,1910,Porsgrunn
202522339,more,1910,Volda
203411599,soloerposten,1910,
204293371,vestoplaendingen,1910,
203455704,vestfoldsandefjordatten,1910,
200562599,flekkefjordsposten,1910,
200525853,finnmarksposten,1910,Nordkapp
202554110,namdalensblad,1910,
201035749,morgenbladet,1910,Oslo
202410702,hordalandfolkeblad,1910,Kvam
204241591,gudbrandsdalensfolkebladgjoevik,1910,
203995357,lofotposten,1910,
200562484,flekkefjordsposten,1910,
202410694,hordalandfolkeblad,1910,Kvam
202505702,listerogmandalsamtstidendeogadresseavis,1910,Lindesnes
200601617,fredriksstadtilskuer,1910,Fredrikstad
204683607,Samhold (Gjøvik: 1885-1920) ,1910,Gjøvik
202040893,bergensannoncetidende,1910,
203539826,nordland,1910,
202222742,folketidendetrondheimattennittien,1910,Trondheim
201797748,trondhjemsadresseavis,1910,Trondheim
202541126,mossavis,1910,Moss
200602406,fremover,1910,Narvik
202181432,farsundsavis,1910,Farsund
203455735,vestfoldsandefjordatten,1910,
200676368,grimstadadressetiden,1910,Grimstad
202023442,bergensaftenbladbergenattenattini,1910,Bergen
202568322,nordfjord,1910,
200866178,kongsbergdagblad,1910,Kongsberg
201505828,sandefjordsblad,1910,Sandefjord
200885981,kysten,1910,Oslo
202222998,folketidendetrondheimattennittien,1910,Trondheim
203516409,narviktidende,1910,
201967635,akershus,1910,Lillestrøm
203358848,oevresmaalenene,1910,Indre Østfold
202522291,more,1910,Volda
200311149,dagbladet,1910,Oslo
201979119,akersposten,1910,Oslo
203929326,buskerudsblad,1910,
200885938,kysten,1910,Oslo
200752861,harstadtidende,1910,Harstad
203411685,soloerposten,1910,
203393442,senjensbladnittennullsju,1910,
202059990,breviksposten,1910,Porsgrunn
200866365,kongsbergdagblad,1910,Kongsberg
203185193,ranenstidende,1910,Hemnes
203358839,oevresmaalenene,1910,Indre Østfold
201471473,romsdalsamtstidende,1910,Kristiansund
201170384,nordkapp,1910,
203396260,skotfosavisnittennullen,1910,
203411622,soloerposten,1910,
204551426,Samhold (Gjøvik: 1885-1920) ,1910,Gjøvik
201556783,socialdemokraten,1910,Oslo
202579943,nordlandsfolkeblad,1910,
200358180,dagensnytt,1910,
203198858,stavangeraftenblad,1910,Stavanger
204281939,saltensfremtid,1910,
203198941,stavangeraftenblad,1910,Stavanger
202222740,folketidendetrondheimattennittien,1910,Trondheim
202181375,farsundsavis,1910,Farsund
202556323,namdalensfolkeblad,1910,
201109420,mosstilskuer,1910,Moss
202040956,bergensannoncetidende,1910,
202452051,jarlsbergoglarviksamtstidende,1910,Larvik
203198760,stavangeraftenblad,1910,Stavanger
200358233,dagensnytt,1910,
200217506,bergenstidende,1910,Bergen
204579750,Samhold (Gjøvik: 1885-1920) ,1910,Gjøvik
203358764,oevresmaalenene,1910,Indre Østfold
202479208,landmandsposten,1910,
202609746,nordtroenderen,1910,
201941515,vortlandosloattennitti,1910,Oslo
201797756,trondhjemsadresseavis,1910,Trondheim
203198956,stavangeraftenblad,1910,Stavanger
201556826,socialdemokraten,1910,Oslo
202302519,grimstadposten,1910,
201506004,sandefjordsblad,1910,Sandefjord
202222817,folketidendetrondheimattennittien,1910,Trondheim
201035558,morgenbladet,1910,Oslo
203185161,ranenstidende,1910,Hemnes
201471454,romsdalsamtstidende,1910,Kristiansund
201471572,romsdalsamtstidende,1910,Kristiansund
202601673,nordretrondhjemsamtstidende,1910,
201797997,trondhjemsadresseavis,1910,Trondheim
201967613,akershus,1910,Lillestrøm
202601740,nordretrondhjemsamtstidende,1910,
202756609,romsdalstidende,1910,
202483359,langesundsposten,1910,
200811166,helgelandsblad,1910,
201477526,romsdalsbudstikke,1910,Molde
201560808,soendretrondhjemsamtstidende,1910,Orkdal
201967627,akershus,1910,Lillestrøm
200027876,agder,1910,
200455072,faedrelandsvennen,1910,Kristiansand
201505870,sandefjordsblad,1910,Sandefjord
201993000,arbeidet,1910,Bergen
203871306,lofotposten,1910,
203125141,indtrondelagen,1910,
200525850,finnmarksposten,1910,Nordkapp
203463162,vossavis,1910,
203165799,nordrebergenhusamtstidende,1910,Kinn
204319020,gjoviksbladattenattifire,1910,
203198935,stavangeraftenblad,1910,Stavanger
203198973,stavangeraftenblad,1910,Stavanger
200667882,glommendalen,1910,Kongsvinger
201600261,solungen,1910,Kongsvinger
202944217,aftenposten,1910,Oslo
201109463,mosstilskuer,1910,Moss
202541176,mossavis,1910,Moss
203198981,stavangeraftenblad,1910,Stavanger
203455676,vestfoldsandefjordatten,1910,
201950767,agderposten,1910,Arendal
200694075,gudbrandsdoelen,1910,Lillehammer
202536020,mossaftenblad,1910,
202181390,farsundsavis,1910,Farsund
203430435,tunsbergeren,1910,
200866231,kongsbergdagblad,1910,Kongsberg
203358832,oevresmaalenene,1910,Indre Østfold
204151391,fjordenestidende,1910,
202756617,romsdalstidende,1910,
203125194,indtrondelagen,1910,
202222841,folketidendetrondheimattennittien,1910,Trondheim
203430342,tunsbergeren,1910,
200866149,kongsbergdagblad,1910,Kongsberg
203386802,sarpen,1910,
204506817,Øvre Smaalenene ,1910,Indre Østfold
202187084,finmarken,1910,Vardø
202495520,lindesnes,1910,Mandal
200436787,dunderlandsdoelen,1910,Rana
201833976,valdres,1910,Nord-Aurdal
204368891,unglyden ,1910,Voss
202040731,bergensannoncetidende,1910,
201035312,morgenbladet,1910,Oslo
200886213,kysten,1910,Oslo
201276454,norgessjoefartstidende,1910,Oslo
201594562,sognstidend,1910,Sogndal
201992933,arbeidet,1910,Bergen
202621935,norskkundgjoerelsestidende,1910,Oslo
201797811,trondhjemsadresseavis,1910,Trondheim
201557034,socialdemokraten,1910,Oslo
202452188,jarlsbergoglarviksamtstidende,1910,Larvik
202568232,nordfjord,1910,
202474821,kristiansundspostenatten,1910,
201556774,socialdemokraten,1910,Oslo
202621689,norskkundgjoerelsestidende,1910,Oslo
204544988,Samhold (Gjøvik: 1885-1920) ,1910,Gjøvik
202944628,aftenposten,1910,Oslo
201941518,vortlandosloattennitti,1910,Oslo
202495546,lindesnes,1910,Mandal
200642871,gjengangeren,1910,Horten
200811225,helgelandsblad,1910,
200642899,gjengangeren,1910,Horten
202040803,bergensannoncetidende,1910,
203527493,fjellposten,1910,
200752872,harstadtidende,1910,Harstad
200217536,bergenstidende,1910,Bergen
200455097,faedrelandsvennen,1910,Kristiansand
200217336,bergenstidende,1910,Bergen
200454953,faedrelandsvennen,1910,Kristiansand
202410684,hordalandfolkeblad,1910,Kvam
201505844,sandefjordsblad,1910,Sandefjord
202944276,aftenposten,1910,Oslo
201950768,agderposten,1910,Arendal
202040843,bergensannoncetidende,1910,
204605366,Hamar Stiftstidende ,1910,Hamar
204151351,fjordenestidende,1910,
202621918,norskkundgjoerelsestidende,1910,Oslo
201276574,norgessjoefartstidende,1910,Oslo
200886182,kysten,1910,Oslo
203358807,oevresmaalenene,1910,Indre Østfold
202756661,romsdalstidende,1910,
200454930,faedrelandsvennen,1910,Kristiansand
200311166,dagbladet,1910,Oslo
201217562,nordlys,1910,Tromsø
201345502,osterdolen,1910,Tynset
201217596,nordlys,1910,Tromsø
200866106,kongsbergdagblad,1910,Kongsberg
202181425,farsundsavis,1910,Farsund
203430422,tunsbergeren,1910,
204241558,gudbrandsdalensfolkebladgjoevik,1910,
201967749,akershus,1910,Lillestrøm
200911594,lillehammertilskuer,1910,Lillehammer
203396243,skotfosavisnittennullen,1910,
201992906,arbeidet,1910,Bergen
202505772,listerogmandalsamtstidendeogadresseavis,1910,Lindesnes
201775770,tromsoeposten,1910,Tromsø
202500326,listerfarsundatten,1910,
201035294,morgenbladet,1910,Oslo
204487395,Samhold (Gjøvik: 1885-1920) ,1910,Gjøvik
201797893,trondhjemsadresseavis,1910,Trondheim
201817055,tvedestrandsposten,1910,Tvedestrand
200885919,kysten,1910,Oslo
203756610,aftenpostenukensnytt,1910,
204547090,Hamar Stiftstidende ,1910,Hamar
204293467,vestoplaendingen,1910,
202452197,jarlsbergoglarviksamtstidende,1910,Larvik
203198857,stavangeraftenblad,1910,Stavanger
200601480,fredriksstadtilskuer,1910,Fredrikstad
203020004,askerogbaerumsbudstikke,1910,Bærum
203358751,oevresmaalenene,1910,Indre Østfold
202222736,folketidendetrondheimattennittien,1910,Trondheim
202944876,aftenposten,1910,Oslo
202536115,mossaftenblad,1910,
201035559,morgenbladet,1910,Oslo
203168058,nordrebergenhusfolkeblad,1910,Kinn
200217650,bergenstidende,1910,Bergen
200667841,glommendalen,1910,Kongsvinger
201035390,morgenbladet,1910,Oslo
200886159,kysten,1910,Oslo
201152827,nedenaesamtstidende,1910,Risør
201276466,norgessjoefartstidende,1910,Oslo
201316114,ofotenstidende,1910,Narvik
200676490,grimstadadressetiden,1910,Grimstad
201967672,akershus,1910,Lillestrøm
203985655,lofotposten,1910,
202521464,moldeannonceblad,1910,
201950846,agderposten,1910,Arendal
201170421,nordkapp,1910,
201471562,romsdalsamtstidende,1910,Kristiansund
201979063,akersposten,1910,Oslo
202040802,bergensannoncetidende,1910,
200217342,bergenstidende,1910,Bergen
201797812,trondhjemsadresseavis,1910,Trondheim
202521462,moldeannonceblad,1910,
201152817,nedenaesamtstidende,1910,Risør
203865959,helgeland,1910,
201505984,sandefjordsblad,1910,Sandefjord
204319093,gjoviksbladattenattifire,1910,
203386899,sarpen,1910,
200601690,fredriksstadtilskuer,1910,Fredrikstad
202609835,nordtroenderen,1910,
203302922,buskerudsamtstidendedrammen,1910,
201163455,nordisktidende,1910,
203523363,aftenpostenukensnytt,1910,
202500306,listerfarsundatten,1910,
202239768,fredrikshaldsavis,1910,
200310989,dagbladet,1910,Oslo
200642877,gjengangeren,1910,Horten
202222945,folketidendetrondheimattennittien,1910,Trondheim
203811191,buskerudsblad,1910,
200752833,harstadtidende,1910,Harstad
202023428,bergensaftenbladbergenattenattini,1910,Bergen
200027907,agder,1910,
201797831,trondhjemsadresseavis,1910,Trondheim
202410661,hordalandfolkeblad,1910,Kvam
202040890,bergensannoncetidende,1910,
202505797,listerogmandalsamtstidendeogadresseavis,1910,Lindesnes
201276514,norgessjoefartstidende,1910,Oslo
202452133,jarlsbergoglarviksamtstidende,1910,Larvik
202621831,norskkundgjoerelsestidende,1910,Oslo
201163480,nordisktidende,1910,
200866173,kongsbergdagblad,1910,Kongsberg
202756625,romsdalstidende,1910,
201992847,arbeidet,1910,Bergen
203879990,oerebladet,1910,
200358252,dagensnytt,1910,
204444112,Hamar Stiftstidende ,1910,Hamar
201556795,socialdemokraten,1910,Oslo
201276511,norgessjoefartstidende,1910,Oslo
202239819,fredrikshaldsavis,1910,
200602332,fremover,1910,Narvik
203302906,buskerudsamtstidendedrammen,1910,
200866192,kongsbergdagblad,1910,Kongsberg
203455771,vestfoldsandefjordatten,1910,
200601656,fredriksstadtilskuer,1910,Fredrikstad
201556809,socialdemokraten,1910,Oslo
202410699,hordalandfolkeblad,1910,Kvam
200623968,fremtiden,1910,Drammen
201833958,valdres,1910,Nord-Aurdal
200601484,fredriksstadtilskuer,1910,Fredrikstad
203153815,nordenfjeldsktidende,1910,Levanger
202023484,bergensaftenbladbergenattenattini,1910,Bergen
204616458,Samhold (Gjøvik: 1885-1920) ,1910,Gjøvik
202589615,nordlendingen,1910,
202239792,fredrikshaldsavis,1910,
202642256,oplandenesavis,1910,Hamar
203564405,warensardne,1910,
202495480,lindesnes,1910,Mandal
202222901,folketidendetrondheimattennittien,1910,Trondheim
201993072,arbeidet,1910,Bergen
200217430,bergenstidende,1910,Bergen
201109423,mosstilskuer,1910,Moss
202944233,aftenposten,1910,Oslo
202479248,landmandsposten,1910,
202410691,hordalandfolkeblad,1910,Kvam
202944354,aftenposten,1910,Oslo
200676371,grimstadadressetiden,1910,Grimstad
203430366,tunsbergeren,1910,
201556806,socialdemokraten,1910,Oslo
202944566,aftenposten,1910,Oslo
201471499,romsdalsamtstidende,1910,Kristiansund
201152892,nedenaesamtstidende,1910,Risør
202023496,bergensaftenbladbergenattenattini,1910,Bergen
202059938,breviksposten,1910,Porsgrunn
200752887,harstadtidende,1910,Harstad
200601481,fredriksstadtilskuer,1910,Fredrikstad
202944410,aftenposten,1910,Oslo
204374488,Hamar Stiftstidende ,1910,Hamar
200694042,gudbrandsdoelen,1910,Lillehammer
200601569,fredriksstadtilskuer,1910,Fredrikstad
201941539,vortlandosloattennitti,1910,Oslo
203411690,soloerposten,1910,
202222777,folketidendetrondheimattennittien,1910,Trondheim
200217374,bergenstidende,1910,Bergen
204593725,unglyden ,1910,Voss
201477512,romsdalsbudstikke,1910,Molde
202040742,bergensannoncetidende,1910,
202057343,breidablik,1910,
200601542,fredriksstadtilskuer,1910,Fredrikstad
202041015,bergensannoncetidende,1910,
204564576,Samhold (Gjøvik: 1885-1920) ,1910,Gjøvik
202585493,nordlandsposten,1910,Bodø
203532164,lofotposten,1910,
201471570,romsdalsamtstidende,1910,Kristiansund
202495464,lindesnes,1910,Mandal
201035881,morgenbladet,1910,Oslo
201035488,morgenbladet,1910,Oslo
200044390,agderposten,1910,Arendal
202621762,norskkundgjoerelsestidende,1910,Oslo
202424196,indlandsposten,1910,
202621773,norskkundgjoerelsestidende,1910,Oslo
202944686,aftenposten,1910,Oslo
200217297,bergenstidende,1910,Bergen
202568295,nordfjord,1910,
200642844,gjengangeren,1910,Horten
203455599,vestfoldsandefjordatten,1910,
202222836,folketidendetrondheimattennittien,1910,Trondheim
202944771,aftenposten,1910,Oslo
202944757,aftenposten,1910,Oslo
200601586,fredriksstadtilskuer,1910,Fredrikstad
200886103,kysten,1910,Oslo
203960177,fjellposten,1910,
202621880,norskkundgjoerelsestidende,1910,Oslo
203625316,narviktidende,1910,
203198980,stavangeraftenblad,1910,Stavanger
200602333,fremover,1910,Narvik
201477491,romsdalsbudstikke,1910,Molde
202239818,fredrikshaldsavis,1910,
201217623,nordlys,1910,Tromsø
200217548,bergenstidende,1910,Bergen
202585470,nordlandsposten,1910,Bodø
200642978,gjengangeren,1910,Horten
201594631,sognstidend,1910,Sogndal
203153755,nordenfjeldsktidende,1910,Levanger
200310956,dagbladet,1910,Oslo
203463221,vossavis,1910,
203396173,skotfosavisnittennullen,1910,
201556871,socialdemokraten,1910,Oslo
202556292,namdalensfolkeblad,1910,
200623995,fremtiden,1910,Drammen
203430442,tunsbergeren,1910,
201505954,sandefjordsblad,1910,Sandefjord
202522326,more,1910,Volda
200811153,helgelandsblad,1910,
200217626,bergenstidende,1910,Bergen
202585520,nordlandsposten,1910,Bodø
201629289,stjordalensblad,1910,Stjørdal
202452164,jarlsbergoglarviksamtstidende,1910,Larvik
203324962,langesundsposten,1910,
200601699,fredriksstadtilskuer,1910,Fredrikstad
202554205,namdalensblad,1910,
203020026,askerogbaerumsbudstikke,1910,Bærum
203198982,stavangeraftenblad,1910,Stavanger
200311009,dagbladet,1910,Oslo
201276553,norgessjoefartstidende,1910,Oslo
203463127,vossavis,1910,
203411566,soloerposten,1910,
202756571,romsdalstidende,1910,
202187092,finmarken,1910,Vardø
202601726,nordretrondhjemsamtstidende,1910,
201572943,sogningen,1910,Sogndal
204636542,Hamar Stiftstidende ,1910,Hamar
202222823,folketidendetrondheimattennittien,1910,Trondheim
202040931,bergensannoncetidende,1910,
203019980,askerogbaerumsbudstikke,1910,Bærum
200217595,bergenstidende,1910,Bergen
200454884,faedrelandsvennen,1910,Kristiansand
202302511,grimstadposten,1910,
202568313,nordfjord,1910,
203386877,sarpen,1910,
201993136,arbeidet,1910,Bergen
202222963,folketidendetrondheimattennittien,1910,Trondheim
202579967,nordlandsfolkeblad,1910,
201276534,norgessjoefartstidende,1910,Oslo
202609831,nordtroenderen,1910,
201993144,arbeidet,1910,Bergen
202222749,folketidendetrondheimattennittien,1910,Trondheim
202187053,finmarken,1910,Vardø
204241474,gudbrandsdalensfolkebladgjoevik,1910,
201975008,akershuspostenlillestroemnitten,1910,Lørenskog
201967598,akershus,1910,Lillestrøm
203573124,fjellposten,1910,
201781594,tromsoestiftstidende,1910,Tromsø
200676463,grimstadadressetiden,1910,Grimstad
201560775,soendretrondhjemsamtstidende,1910,Orkdal
201797846,trondhjemsadresseavis,1910,Trondheim
202601739,nordretrondhjemsamtstidende,1910,
202181435,farsundsavis,1910,Farsund
202756644,romsdalstidende,1910,
203463198,vossavis,1910,
201797868,trondhjemsadresseavis,1910,Trondheim
202621806,norskkundgjoerelsestidende,1910,Oslo
202023317,bergensaftenbladbergenattenattini,1910,Bergen
200831032,indresmaalenenesavis,1910,Indre Østfold
202181387,farsundsavis,1910,Farsund
204624981,unglyden ,1910,Voss
200436789,dunderlandsdoelen,1910,Rana
202554129,namdalensblad,1910,
201975035,akershuspostenlillestroemnitten,1910,Lørenskog
202568270,nordfjord,1910,
202621808,norskkundgjoerelsestidende,1910,Oslo
200790900,hedemarkensamtstidende,1910,Hamar
200642912,gjengangeren,1910,Horten
200642969,gjengangeren,1910,Horten
200866129,kongsbergdagblad,1910,Kongsberg
200752883,harstadtidende,1910,Harstad
204318967,gjoviksbladattenattifire,1910,
203658091,aftenpostenukensnytt,1910,
201316132,ofotenstidende,1910,Narvik
204438477,Samhold (Gjøvik: 1885-1920) ,1910,Gjøvik
202786832,skandinaven,1910,
203198995,stavangeraftenblad,1910,Stavanger
202541140,mossavis,1910,Moss
202522351,more,1910,Volda
204619295,Hamar Stiftstidende ,1910,Hamar
202023220,bergensaftenbladbergenattenattini,1910,Bergen
203396171,skotfosavisnittennullen,1910,
201309854,oeieren,1910,
201506019,sandefjordsblad,1910,Sandefjord
203125145,indtrondelagen,1910,
203402164,soendhordland,1910,
200866190,kongsbergdagblad,1910,Kongsberg
203303040,buskerudsamtstidendedrammen,1910,
203850739,narviktidende,1910,
201600198,solungen,1910,Kongsvinger
202040972,bergensannoncetidende,1910,
200253749,bratsbergdemokraten,1910,Skien
203534405,salten,1910,
202023282,bergensaftenbladbergenattenattini,1910,Bergen
203827384,aftenpostenukensnytt,1910,
202601761,nordretrondhjemsamtstidende,1910,
201671747,svelviksposten,1910,Drammen
201109432,mosstilskuer,1910,Moss
202040838,bergensannoncetidende,1910,
202059943,breviksposten,1910,Porsgrunn
201109436,mosstilskuer,1910,Moss
201797832,trondhjemsadresseavis,1910,Trondheim
202541137,mossavis,1910,Moss
202023250,bergensaftenbladbergenattenattini,1910,Bergen
204241575,gudbrandsdalensfolkebladgjoevik,1910,
202012909,baerumogaskersblad,1910,
203165833,nordrebergenhusamtstidende,1910,Kinn
200928367,lillesandsposten,1910,Lillesand
201974997,akershuspostenlillestroemnitten,1910,Lørenskog
202159007,egersundsposten,1910,Eigersund
200623962,fremtiden,1910,Drammen
204492156,Samhold (Gjøvik: 1885-1920) ,1910,Gjøvik
201217587,nordlys,1910,Tromsø
200358237,dagensnytt,1910,
201309865,oeieren,1910,
200562527,flekkefjordsposten,1910,
201556983,socialdemokraten,1910,Oslo
203153784,nordenfjeldsktidende,1910,Levanger
201992865,arbeidet,1910,Bergen
201345556,osterdolen,1910,Tynset
200694000,gudbrandsdoelen,1910,Lillehammer
202944237,aftenposten,1910,Oslo
203963545,buskerudsblad,1910,
200885928,kysten,1910,Oslo
200564548,foerstemai,1910,Stavanger
201556988,socialdemokraten,1910,Oslo
200911478,lillehammertilskuer,1910,Lillehammer
201109413,mosstilskuer,1910,Moss
202541112,mossavis,1910,Moss
202944371,aftenposten,1910,Oslo
202483338,langesundsposten,1910,
201950723,agderposten,1910,Arendal
202601759,nordretrondhjemsamtstidende,1910,
200866250,kongsbergdagblad,1910,Kongsberg
202040947,bergensannoncetidende,1910,
203117109,indheredsposten,1910,
202642171,oplandenesavis,1910,Hamar
202495526,lindesnes,1910,Mandal
202474927,kristiansundspostenatten,1910,
204241550,gudbrandsdalensfolkebladgjoevik,1910,
200311135,dagbladet,1910,Oslo
203198852,stavangeraftenblad,1910,Stavanger
201109401,mosstilskuer,1910,Moss
202642227,oplandenesavis,1910,Hamar
202181431,farsundsavis,1910,Farsund
203752018,lofotposten,1910,
201817140,tvedestrandsposten,1910,Tvedestrand
201797742,trondhjemsadresseavis,1910,Trondheim
200044507,agderposten,1910,Arendal
202541204,mossavis,1910,Moss
204514176,Samhold (Gjøvik: 1885-1920) ,1910,Gjøvik
200811157,helgelandsblad,1910,
202222786,folketidendetrondheimattennittien,1910,Trondheim
201345607,osterdolen,1910,Tynset
202944496,aftenposten,1910,Oslo
201975083,akershuspostenlillestroemnitten,1910,Lørenskog
203749998,lofotposten,1910,
202495529,lindesnes,1910,Mandal
202554078,namdalensblad,1910,
200831090,indresmaalenenesavis,1910,Indre Østfold
200676356,grimstadadressetiden,1910,Grimstad
202452023,jarlsbergoglarviksamtstidende,1910,Larvik
201035301,morgenbladet,1910,Oslo
201505915,sandefjordsblad,1910,Sandefjord
201600281,solungen,1910,Kongsvinger
201993147,arbeidet,1910,Bergen
203168010,nordrebergenhusfolkeblad,1910,Kinn
202302460,grimstadposten,1910,
201217576,nordlys,1910,Tromsø
202944211,aftenposten,1910,Oslo
201276556,norgessjoefartstidende,1910,Oslo
202474816,kristiansundspostenatten,1910,
202158980,egersundsposten,1910,Eigersund
201993118,arbeidet,1910,Bergen
201194339,nordlandsposten,1910,Bodø
200885974,kysten,1910,Oslo
204319018,gjoviksbladattenattifire,1910,
200811191,helgelandsblad,1910,
203198873,stavangeraftenblad,1910,Stavanger
203153781,nordenfjeldsktidende,1910,Levanger
201506013,sandefjordsblad,1910,Sandefjord
201556754,socialdemokraten,1910,Oslo
200455026,faedrelandsvennen,1910,Kristiansand
200601493,fredriksstadtilskuer,1910,Fredrikstad
203198842,stavangeraftenblad,1910,Stavanger
202302552,grimstadposten,1910,
203396218,skotfosavisnittennullen,1910,
202621887,norskkundgjoerelsestidende,1910,Oslo
202222933,folketidendetrondheimattennittien,1910,Trondheim
200602329,fremover,1910,Narvik
204406473,Samhold (Gjøvik: 1885-1920) ,1910,Gjøvik
200831103,indresmaalenenesavis,1910,Indre Østfold
200454984,faedrelandsvennen,1910,Kristiansand
202790757,soendmoerefolkeblad,1910,
202944549,aftenposten,1910,Oslo
201163478,nordisktidende,1910,
203168056,nordrebergenhusfolkeblad,1910,Kinn
201629287,stjordalensblad,1910,Stjørdal
202060008,breviksposten,1910,Porsgrunn
204506563,unglyden ,1910,Voss
200027765,agder,1910,
203165813,nordrebergenhusamtstidende,1910,Kinn
201600196,solungen,1910,Kongsvinger
203386817,sarpen,1910,
201556877,socialdemokraten,1910,Oslo
201975013,akershuspostenlillestroemnitten,1910,Lørenskog
201993037,arbeidet,1910,Bergen
201993025,arbeidet,1910,Bergen
201556938,socialdemokraten,1910,Oslo
200623884,fremtiden,1910,Drammen
203744337,buskerudsblad,1910,
201152829,nedenaesamtstidende,1910,Risør
202479197,landmandsposten,1910,
201316119,ofotenstidende,1910,Narvik
204319052,gjoviksbladattenattifire,1910,
202944701,aftenposten,1910,Oslo
201035452,morgenbladet,1910,Oslo
200676427,grimstadadressetiden,1910,Grimstad
203167975,nordrebergenhusfolkeblad,1910,Kinn
201556790,socialdemokraten,1910,Oslo
200601554,fredriksstadtilskuer,1910,Fredrikstad
201109341,mosstilskuer,1910,Moss
202023283,bergensaftenbladbergenattenattini,1910,Bergen
202579920,nordlandsfolkeblad,1910,
203667943,narviktidende,1910,
200752824,harstadtidende,1910,Harstad
203118905,indherred,1910,Steinkjer
204043970,nordland,1910,
202059919,breviksposten,1910,Porsgrunn
200044369,agderposten,1910,Arendal
201797735,trondhjemsadresseavis,1910,Trondheim
202536098,mossaftenblad,1910,
200253774,bratsbergdemokraten,1910,Skien
201035274,morgenbladet,1910,Oslo
200358259,dagensnytt,1910,
200253716,bratsbergdemokraten,1910,Skien
200562567,flekkefjordsposten,1910,
200217549,bergenstidende,1910,Bergen
201594564,sognstidend,1910,Sogndal
203411552,soloerposten,1910,
202556301,namdalensfolkeblad,1910,
200562539,flekkefjordsposten,1910,
202944491,aftenposten,1910,Oslo
203957018,lofotposten,1910,
203455845,vestfoldsandefjordatten,1910,
202621819,norskkundgjoerelsestidende,1910,Oslo
201950742,agderposten,1910,Arendal
204736269,Laagendalsposten ,1910,Kongsberg
202479130,landmandsposten,1910,
203642381,narviktidende,1910,
202495542,lindesnes,1910,Mandal
200601724,fredriksstadtilskuer,1910,Fredrikstad
200564585,foerstemai,1910,Stavanger
203396265,skotfosavisnittennullen,1910,
202222819,folketidendetrondheimattennittien,1910,Trondheim
203199013,stavangeraftenblad,1910,Stavanger
200455019,faedrelandsvennen,1910,Kristiansand
202181394,farsundsavis,1910,Farsund
202012894,baerumogaskersblad,1910,
200623996,fremtiden,1910,Drammen
200911554,lillehammertilskuer,1910,Lillehammer
202483362,langesundsposten,1910,
204151324,fjordenestidende,1910,
202474908,kristiansundspostenatten,1910,
200866337,kongsbergdagblad,1910,Kongsberg
201035887,morgenbladet,1910,Oslo
200831085,indresmaalenenesavis,1910,Indre Østfold
200217414,bergenstidende,1910,Bergen
204319099,gjoviksbladattenattifire,1910,
202621949,norskkundgjoerelsestidende,1910,Oslo
200454972,faedrelandsvennen,1910,Kristiansand
201276558,norgessjoefartstidende,1910,Oslo
202944446,aftenposten,1910,Oslo
201035729,morgenbladet,1910,Oslo
201170379,nordkapp,1910,
201967699,akershus,1910,Lillestrøm
200866143,kongsbergdagblad,1910,Kongsberg
200866356,kongsbergdagblad,1910,Kongsberg
202944954,aftenposten,1910,Oslo
201217611,nordlys,1910,Tromsø
202222894,folketidendetrondheimattennittien,1910,Trondheim
202621761,norskkundgjoerelsestidende,1910,Oslo
200436803,dunderlandsdoelen,1910,Rana
204241594,gudbrandsdalensfolkebladgjoevik,1910,
202554113,namdalensblad,1910,
203463132,vossavis,1910,
203117094,indheredsposten,1910,
201993177,arbeidet,1910,Bergen
202452111,jarlsbergoglarviksamtstidende,1910,Larvik
203455660,vestfoldsandefjordatten,1910,
201950849,agderposten,1910,Arendal
202023252,bergensaftenbladbergenattenattini,1910,Bergen
202479144,landmandsposten,1910,
203198905,stavangeraftenblad,1910,Stavanger
201629271,stjordalensblad,1910,Stjørdal
203125202,indtrondelagen,1910,
200676373,grimstadadressetiden,1910,Grimstad
200217629,bergenstidende,1910,Bergen
202541102,mossavis,1910,Moss
202541107,mossavis,1910,Moss
200928365,lillesandsposten,1910,Lillesand
200831030,indresmaalenenesavis,1910,Indre Østfold
202012900,baerumogaskersblad,1910,
200310943,dagbladet,1910,Oslo
202756667,romsdalstidende,1910,
200790930,hedemarkensamtstidende,1910,Hamar
201035517,morgenbladet,1910,Oslo
201035762,morgenbladet,1910,Oslo
202621833,norskkundgjoerelsestidende,1910,Oslo
200886146,kysten,1910,Oslo
200310896,dagbladet,1910,Oslo
200790810,hedemarkensamtstidende,1910,Hamar
202410718,hordalandfolkeblad,1910,Kvam
202621892,norskkundgjoerelsestidende,1910,Oslo
203502800,helgeland,1910,
200217341,bergenstidende,1910,Bergen
202568271,nordfjord,1910,
203731587,buskerudsblad,1910,
201781566,tromsoestiftstidende,1910,Tromsø
202944866,aftenposten,1910,Oslo
200253752,bratsbergdemokraten,1910,Skien
201276326,norgessjoefartstidende,1910,Oslo
200311192,dagbladet,1910,Oslo
201993160,arbeidet,1910,Bergen
204241557,gudbrandsdalensfolkebladgjoevik,1910,
200601594,fredriksstadtilskuer,1910,Fredrikstad
202452043,jarlsbergoglarviksamtstidende,1910,Larvik
203988945,oerebladet,1910,
201629297,stjordalensblad,1910,Stjørdal
200911517,lillehammertilskuer,1910,Lillehammer
203711453,lofotposten,1910,
201170383,nordkapp,1910,
200694099,gudbrandsdoelen,1910,Lillehammer
201979070,akersposten,1910,Oslo
204590017,Samhold (Gjøvik: 1885-1920) ,1910,Gjøvik
202012887,baerumogaskersblad,1910,
202944691,aftenposten,1910,Oslo
201035546,morgenbladet,1910,Oslo
202522343,more,1910,Volda
200693983,gudbrandsdoelen,1910,Lillehammer
201993077,arbeidet,1910,Bergen
202944818,aftenposten,1910,Oslo
203198793,stavangeraftenblad,1910,Stavanger
202944451,aftenposten,1910,Oslo
201797653,trondhjemsadresseavis,1910,Trondheim
202944636,aftenposten,1910,Oslo
200601535,fredriksstadtilskuer,1910,Fredrikstad
202181417,farsundsavis,1910,Farsund
200676393,grimstadadressetiden,1910,Grimstad
204281946,saltensfremtid,1910,
202023309,bergensaftenbladbergenattenattini,1910,Bergen
201797654,trondhjemsadresseavis,1910,Trondheim
200217563,bergenstidende,1910,Bergen
200044465,agderposten,1910,Arendal
202023222,bergensaftenbladbergenattenattini,1910,Bergen
201452093,romerikesblad,1910,Lillestrøm
202642212,oplandenesavis,1910,Hamar
200217507,bergenstidende,1910,Bergen
201560860,soendretrondhjemsamtstidende,1910,Orkdal
202059936,breviksposten,1910,Porsgrunn
201573001,sogningen,1910,Sogndal
201556897,socialdemokraten,1910,Oslo
201316098,ofotenstidende,1910,Narvik
201163502,nordisktidende,1910,
201992994,arbeidet,1910,Bergen
202181401,farsundsavis,1910,Farsund
201671745,svelviksposten,1910,Drammen
202541189,mossavis,1910,Moss
201345579,osterdolen,1910,Tynset
201316118,ofotenstidende,1910,Narvik
204379076,Bergensposten Fram (Bergen 1892-1893) ,1910,Bergen
203302881,buskerudsamtstidendedrammen,1910,
203433331,tvedestrandogomegnsavis,1910,
204026894,oerebladet,1910,
203463164,vossavis,1910,
202479236,landmandsposten,1910,
201505938,sandefjordsblad,1910,Sandefjord
201992886,arbeidet,1910,Bergen
203463182,vossavis,1910,
202790734,soendmoerefolkeblad,1910,
200253834,bratsbergdemokraten,1910,Skien
201993121,arbeidet,1910,Bergen
202521399,moldeannonceblad,1910,
201797731,trondhjemsadresseavis,1910,Trondheim
200217651,bergenstidende,1910,Bergen
202023213,bergensaftenbladbergenattenattini,1910,Bergen
203463225,vossavis,1910,
203964641,fjellposten,1910,
200790878,hedemarkensamtstidende,1910,Hamar
203117088,indheredsposten,1910,
201556839,socialdemokraten,1910,Oslo
202040927,bergensannoncetidende,1910,
200562602,flekkefjordsposten,1910,
200602356,fremover,1910,Narvik
202521414,moldeannonceblad,1910,
202050554,bodotidende,1910,Bodø
202181388,farsundsavis,1910,Farsund
202568297,nordfjord,1910,
202474857,kristiansundspostenatten,1910,
201975015,akershuspostenlillestroemnitten,1910,Lørenskog
202424314,indlandsposten,1910,
203463192,vossavis,1910,
202023368,bergensaftenbladbergenattenattini,1910,Bergen
202790730,soendmoerefolkeblad,1910,
204241482,gudbrandsdalensfolkebladgjoevik,1910,
203997398,buskerudsblad,1910,
202187089,finmarken,1910,Vardø
202621790,norskkundgjoerelsestidende,1910,Oslo
203118902,indherred,1910,Steinkjer
202944193,aftenposten,1910,Oslo
204016442,lofotposten,1910,
200752852,harstadtidende,1910,Harstad
201941543,vortlandosloattennitti,1910,Oslo
200886201,kysten,1910,Oslo
200310974,dagbladet,1910,Oslo
204032412,lofotposten,1910,
200667773,glommendalen,1910,Kongsvinger
203657386,helgeland,1910,
200866361,kongsbergdagblad,1910,Kongsberg
204319068,gjoviksbladattenattifire,1910,
202786815,skandinaven,1910,
203198767,stavangeraftenblad,1910,Stavanger
200866311,kongsbergdagblad,1910,Kongsberg
203303078,buskerudsamtstidendedrammen,1910,
200886064,kysten,1910,Oslo
200310875,dagbladet,1910,Oslo
202568260,nordfjord,1910,
202621794,norskkundgjoerelsestidende,1910,Oslo
201992893,arbeidet,1910,Bergen
202556378,namdalensfolkeblad,1910,
200831125,indresmaalenenesavis,1910,Indre Østfold
203198860,stavangeraftenblad,1910,Stavanger
201505989,sandefjordsblad,1910,Sandefjord
202609742,nordtroenderen,1910,
200642848,gjengangeren,1910,Horten
202023394,bergensaftenbladbergenattenattini,1910,Bergen
204002099,aftenpostenukensnytt,1910,
202944736,aftenposten,1910,Oslo
202474887,kristiansundspostenatten,1910,
201035479,morgenbladet,1910,Oslo
204507270,Samhold (Gjøvik: 1885-1920) ,1910,Gjøvik
200866339,kongsbergdagblad,1910,Kongsberg
200866326,kongsbergdagblad,1910,Kongsberg
202505769,listerogmandalsamtstidendeogadresseavis,1910,Lindesnes
201477473,romsdalsbudstikke,1910,Molde
201505855,sandefjordsblad,1910,Sandefjord
201035455,morgenbladet,1910,Oslo
200790927,hedemarkensamtstidende,1910,Hamar
202041005,bergensannoncetidende,1910,
202568296,nordfjord,1910,
201035688,morgenbladet,1910,Oslo
201035490,morgenbladet,1910,Oslo
202222922,folketidendetrondheimattennittien,1910,Trondheim
201817117,tvedestrandsposten,1910,Tvedestrand
201556758,socialdemokraten,1910,Oslo
202452115,jarlsbergoglarviksamtstidende,1910,Larvik
200564532,foerstemai,1910,Stavanger
200564499,foerstemai,1910,Stavanger
200358202,dagensnytt,1910,
203303118,buskerudsamtstidendedrammen,1910,
200027805,agder,1910,
203685541,warensardne,1910,
200454935,faedrelandsvennen,1910,Kristiansand
202040938,bergensannoncetidende,1910,
202187102,finmarken,1910,Vardø
201035449,morgenbladet,1910,Oslo
203198969,stavangeraftenblad,1910,Stavanger
202040924,bergensannoncetidende,1910,
200676360,grimstadadressetiden,1910,Grimstad
201797926,trondhjemsadresseavis,1910,Trondheim
200253805,bratsbergdemokraten,1910,Skien
202568276,nordfjord,1910,
204672521,Hamar Stiftstidende ,1910,Hamar
203402195,soendhordland,1910,
202536108,mossaftenblad,1910,
203125270,indtrondelagen,1910,
200358203,dagensnytt,1910,
204684045,Samhold (Gjøvik: 1885-1920) ,1910,Gjøvik
200885918,kysten,1910,Oslo
200601738,fredriksstadtilskuer,1910,Fredrikstad
202790737,soendmoerefolkeblad,1910,
202158994,egersundsposten,1910,Eigersund
201556802,socialdemokraten,1910,Oslo
202642257,oplandenesavis,1910,Hamar
201798046,trondhjemsadresseavis,1910,Trondheim
200217307,bergenstidende,1910,Bergen
201950722,agderposten,1910,Arendal
201316165,ofotenstidende,1910,Narvik
201109389,mosstilskuer,1910,Moss
202521406,moldeannonceblad,1910,
202222839,folketidendetrondheimattennittien,1910,Trondheim
203455649,vestfoldsandefjordatten,1910,
203493807,oerebladet,1910,
200358188,dagensnytt,1910,
201316086,ofotenstidende,1910,Narvik
200694034,gudbrandsdoelen,1910,Lillehammer
203824422,aftenpostenukensnytt,1910,
200310998,dagbladet,1910,Oslo
202500356,listerfarsundatten,1910,
201967623,akershus,1910,Lillestrøm
202222999,folketidendetrondheimattennittien,1910,Trondheim
200455095,faedrelandsvennen,1910,Kristiansand
200044380,agderposten,1910,Arendal
200694128,gudbrandsdoelen,1910,Lillehammer
204675796,Samhold (Gjøvik: 1885-1920) ,1910,Gjøvik
202944302,aftenposten,1910,Oslo
200358251,dagensnytt,1910,
204293421,vestoplaendingen,1910,
203965699,buskerudsblad,1910,
203455663,vestfoldsandefjordatten,1910,
202060018,breviksposten,1910,Porsgrunn
201471556,romsdalsamtstidende,1910,Kristiansund
202479142,landmandsposten,1910,
200358167,dagensnytt,1910,
202621959,norskkundgjoerelsestidende,1910,Oslo
201967745,akershus,1910,Lillestrøm
203125256,indtrondelagen,1910,
202050587,bodotidende,1910,Bodø
202495597,lindesnes,1910,Mandal
201035611,morgenbladet,1910,Oslo
204379720,Hamar Stiftstidende ,1910,Hamar
202621936,norskkundgjoerelsestidende,1910,Oslo
203396262,skotfosavisnittennullen,1910,
201556941,socialdemokraten,1910,Oslo
201035548,morgenbladet,1910,Oslo
202158978,egersundsposten,1910,Eigersund
202790753,soendmoerefolkeblad,1910,
202621792,norskkundgjoerelsestidende,1910,Oslo
203943463,lofotposten,1910,
203118911,indherred,1910,Steinkjer
202242335,fredrikshaldstilskuer,1910,Halden
202158935,egersundsposten,1910,Eigersund
200866334,kongsbergdagblad,1910,Kongsberg
200253698,bratsbergdemokraten,1910,Skien
202621756,norskkundgjoerelsestidende,1910,Oslo
201556764,socialdemokraten,1910,Oslo
203455594,vestfoldsandefjordatten,1910,
202944694,aftenposten,1910,Oslo
200790840,hedemarkensamtstidende,1910,Hamar
202568256,nordfjord,1910,
202040937,bergensannoncetidende,1910,
200667784,glommendalen,1910,Kongsvinger
200831025,indresmaalenenesavis,1910,Indre Østfold
202579957,nordlandsfolkeblad,1910,
203492274,buskerudsblad,1910,
204293496,vestoplaendingen,1910,
201035639,morgenbladet,1910,Oslo
202452170,jarlsbergoglarviksamtstidende,1910,Larvik
200564589,foerstemai,1910,Stavanger
202181454,farsundsavis,1910,Farsund
203455602,vestfoldsandefjordatten,1910,
201975064,akershuspostenlillestroemnitten,1910,Lørenskog
202944258,aftenposten,1910,Oslo
202040740,bergensannoncetidende,1910,
200694047,gudbrandsdoelen,1910,Lillehammer
202554204,namdalensblad,1910,
201556961,socialdemokraten,1910,Oslo
201035311,morgenbladet,1910,Oslo
200623990,fremtiden,1910,Drammen
203911548,lofotposten,1910,
202522299,more,1910,Volda
200866263,kongsbergdagblad,1910,Kongsberg
201152814,nedenaesamtstidende,1910,Risør
201600257,solungen,1910,Kongsvinger
201452154,romerikesblad,1910,Lillestrøm
201276513,norgessjoefartstidende,1910,Oslo
202424210,indlandsposten,1910,
201477550,romsdalsbudstikke,1910,Molde
200811164,helgelandsblad,1910,
202521459,moldeannonceblad,1910,
203386891,sarpen,1910,
203595860,buskerudsblad,1910,
201217627,nordlys,1910,Tromsø
203780952,lofotposten,1910,
201035300,morgenbladet,1910,Oslo
201035431,morgenbladet,1910,Oslo
202500370,listerfarsundatten,1910,
201950830,agderposten,1910,Arendal
204151372,fjordenestidende,1910,
202944770,aftenposten,1910,Oslo
201594589,sognstidend,1910,Sogndal
202621731,norskkundgjoerelsestidende,1910,Oslo
203519629,narviktidende,1910,
202944744,aftenposten,1910,Oslo
203125135,indtrondelagen,1910,
201572966,sogningen,1910,Sogndal
201975089,akershuspostenlillestroemnitten,1910,Lørenskog
203455834,vestfoldsandefjordatten,1910,
200601555,fredriksstadtilskuer,1910,Fredrikstad
204293487,vestoplaendingen,1910,
201973548,akershusfolkebladdroebak,1910,Oslo
201967667,akershus,1910,Lillestrøm
200311131,dagbladet,1910,Oslo
201798032,trondhjemsadresseavis,1910,Trondheim
202187131,finmarken,1910,Vardø
201967653,akershus,1910,Lillestrøm
204487357,Bergensposten Fram (Bergen 1892-1893) ,1910,Bergen
200562521,flekkefjordsposten,1910,
201163475,nordisktidende,1910,
203198813,stavangeraftenblad,1910,Stavanger
200601701,fredriksstadtilskuer,1910,Fredrikstad
202041014,bergensannoncetidende,1910,
204241616,gudbrandsdalensfolkebladgjoevik,1910,
204401923,Samhold (Gjøvik: 1885-1920) ,1910,Gjøvik
203125165,indtrondelagen,1910,
201035315,morgenbladet,1910,Oslo
202159003,egersundsposten,1910,Eigersund
202621881,norskkundgjoerelsestidende,1910,Oslo
203302956,buskerudsamtstidendedrammen,1910,
201035415,morgenbladet,1910,Oslo
202944546,aftenposten,1910,Oslo
200310951,dagbladet,1910,Oslo
203386760,sarpen,1910,
202522337,more,1910,Volda
201316128,ofotenstidende,1910,Narvik
201975061,akershuspostenlillestroemnitten,1910,Lørenskog
201316162,ofotenstidende,1910,Narvik
202944872,aftenposten,1910,Oslo
202023494,bergensaftenbladbergenattenattini,1910,Bergen
204293431,vestoplaendingen,1910,
201797686,trondhjemsadresseavis,1910,Trondheim
200044371,agderposten,1910,Arendal
201163487,nordisktidende,1910,
204241506,gudbrandsdalensfolkebladgjoevik,1910,
202944552,aftenposten,1910,Oslo
204241564,gudbrandsdalensfolkebladgjoevik,1910,
200694074,gudbrandsdoelen,1910,Lillehammer
200562495,flekkefjordsposten,1910,
200831056,indresmaalenenesavis,1910,Indre Østfold
201817079,tvedestrandsposten,1910,Tvedestrand
202579979,nordlandsfolkeblad,1910,
203199014,stavangeraftenblad,1910,Stavanger
202023351,bergensaftenbladbergenattenattini,1910,Bergen
202040816,bergensannoncetidende,1910,
201506007,sandefjordsblad,1910,Sandefjord
204723262,Laagendalsposten ,1910,Kongsberg
200310855,dagbladet,1910,Oslo
200693981,gudbrandsdoelen,1910,Lillehammer
200044388,agderposten,1910,Arendal
203153749,nordenfjeldsktidende,1910,Levanger
202756591,romsdalstidende,1910,
201600304,solungen,1910,Kongsvinger
200694080,gudbrandsdoelen,1910,Lillehammer
201950820,agderposten,1910,Arendal
200667857,glommendalen,1910,Kongsvinger
201992849,arbeidet,1910,Bergen
201452130,romerikesblad,1910,Lillestrøm
200311172,dagbladet,1910,Oslo
200310834,dagbladet,1910,Oslo
200311156,dagbladet,1910,Oslo
201556969,socialdemokraten,1910,Oslo
201833889,valdres,1910,Nord-Aurdal
202944860,aftenposten,1910,Oslo
204443174,Hamar Stiftstidende ,1910,Hamar
200217387,bergenstidende,1910,Bergen
200694083,gudbrandsdoelen,1910,Lillehammer
204319042,gjoviksbladattenattifire,1910,
202040944,bergensannoncetidende,1910,
201975063,akershuspostenlillestroemnitten,1910,Lørenskog
202474872,kristiansundspostenatten,1910,
202642160,oplandenesavis,1910,Hamar
203302845,buskerudsamtstidendedrammen,1910,
203198947,stavangeraftenblad,1910,Stavanger
201556998,socialdemokraten,1910,Oslo
200667780,glommendalen,1910,Kongsvinger
203596519,narviktidende,1910,
200623986,fremtiden,1910,Drammen
203198754,stavangeraftenblad,1910,Stavanger
203165869,nordrebergenhusamtstidende,1910,Kinn
204678630,Bergensposten Fram (Bergen 1892-1893) ,1910,Bergen
201798109,trondhjemsadresseavis,1910,Trondheim
200694123,gudbrandsdoelen,1910,Lillehammer
203593081,salten,1910,
202023430,bergensaftenbladbergenattenattini,1910,Bergen
202181385,farsundsavis,1910,Farsund
201775745,tromsoeposten,1910,Tromsø
201109374,mosstilskuer,1910,Moss
201035789,morgenbladet,1910,Oslo
200217542,bergenstidende,1910,Bergen
201993092,arbeidet,1910,Bergen
201941540,vortlandosloattennitti,1910,Oslo
202474935,kristiansundspostenatten,1910,
201992887,arbeidet,1910,Bergen
204454899,Samhold (Gjøvik: 1885-1920) ,1910,Gjøvik
202040748,bergensannoncetidende,1910,
200886184,kysten,1910,Oslo
203125179,indtrondelagen,1910,
201993159,arbeidet,1910,Bergen
202642254,oplandenesavis,1910,Hamar
201993131,arbeidet,1910,Bergen
202474913,kristiansundspostenatten,1910,
202756619,romsdalstidende,1910,
200886091,kysten,1910,Oslo
202059885,breviksposten,1910,Porsgrunn
202621755,norskkundgjoerelsestidende,1910,Oslo
203455717,vestfoldsandefjordatten,1910,
200601740,fredriksstadtilskuer,1910,Fredrikstad
202223013,folketidendetrondheimattennittien,1910,Trondheim
202554112,namdalensblad,1910,
201276401,norgessjoefartstidende,1910,Oslo
201993098,arbeidet,1910,Bergen
200525830,finnmarksposten,1910,Nordkapp
200694059,gudbrandsdoelen,1910,Lillehammer
201797836,trondhjemsadresseavis,1910,Trondheim
200217654,bergenstidende,1910,Bergen
202541212,mossavis,1910,Moss
204718529,Laagendalsposten ,1910,Kongsberg
202642288,oplandenesavis,1910,Hamar
201992882,arbeidet,1910,Bergen
201833986,valdres,1910,Nord-Aurdal
202479120,landmandsposten,1910,
202474832,kristiansundspostenatten,1910,
202536102,mossaftenblad,1910,
202222716,folketidendetrondheimattennittien,1910,Trondheim
200253802,bratsbergdemokraten,1910,Skien
202474922,kristiansundspostenatten,1910,
204703341,Laagendalsposten ,1910,Kongsberg
203433399,tvedestrandogomegnsavis,1910,
202222713,folketidendetrondheimattennittien,1910,Trondheim
201345606,osterdolen,1910,Tynset
201276376,norgessjoefartstidende,1910,Oslo
200044383,agderposten,1910,Arendal
202621867,norskkundgjoerelsestidende,1910,Oslo
200525861,finnmarksposten,1910,Nordkapp
201471457,romsdalsamtstidende,1910,Kristiansund
201973537,akershusfolkebladdroebak,1910,Oslo
203463139,vossavis,1910,
203849929,aftenpostenukensnytt,1910,
200564489,foerstemai,1910,Stavanger
201035901,morgenbladet,1910,Oslo
200866156,kongsbergdagblad,1910,Kongsberg
204647313,Samhold (Gjøvik: 1885-1920) ,1910,Gjøvik
201798015,trondhjemsadresseavis,1910,Trondheim
201629261,stjordalensblad,1910,Stjørdal
201505886,sandefjordsblad,1910,Sandefjord
202012884,baerumogaskersblad,1910,
200601583,fredriksstadtilskuer,1910,Fredrikstad
203125232,indtrondelagen,1910,
202041023,bergensannoncetidende,1910,
201170368,nordkapp,1910,
201950741,agderposten,1910,Arendal
204371792,unglyden ,1910,Voss
202181427,farsundsavis,1910,Farsund
201477507,romsdalsbudstikke,1910,Molde
202239817,fredrikshaldsavis,1910,
203302935,buskerudsamtstidendedrammen,1910,
203303143,buskerudsamtstidendedrammen,1910,
200455138,faedrelandsvennen,1910,Kristiansand
202495513,lindesnes,1910,Mandal
202023407,bergensaftenbladbergenattenattini,1910,Bergen
202239808,fredrikshaldsavis,1910,
202609846,nordtroenderen,1910,
202239762,fredrikshaldsavis,1910,
202601675,nordretrondhjemsamtstidende,1910,
202944457,aftenposten,1910,Oslo
202424337,indlandsposten,1910,
202474817,kristiansundspostenatten,1910,
200310907,dagbladet,1910,Oslo
202589655,nordlendingen,1910,
200027886,agder,1910,
204563551,Samhold (Gjøvik: 1885-1920) ,1910,Gjøvik
204319025,gjoviksbladattenattifire,1910,
200311013,dagbladet,1910,Oslo
202023270,bergensaftenbladbergenattenattini,1910,Bergen
200601584,fredriksstadtilskuer,1910,Fredrikstad
200676391,grimstadadressetiden,1910,Grimstad
200623947,fremtiden,1910,Drammen
203125215,indtrondelagen,1910,
201345464,osterdolen,1910,Tynset
200311181,dagbladet,1910,Oslo
201797755,trondhjemsadresseavis,1910,Trondheim
200601741,fredriksstadtilskuer,1910,Fredrikstad
200886056,kysten,1910,Oslo
203117052,indheredsposten,1910,
201345473,osterdolen,1910,Tynset
203303038,buskerudsamtstidendedrammen,1910,
201276590,norgessjoefartstidende,1910,Oslo
202222924,folketidendetrondheimattennittien,1910,Trondheim
200525791,finnmarksposten,1910,Nordkapp
200562540,flekkefjordsposten,1910,
200564583,foerstemai,1910,Stavanger
204535093,Samhold (Gjøvik: 1885-1920) ,1910,Gjøvik
200217413,bergenstidende,1910,Bergen
202474855,kristiansundspostenatten,1910,
202944450,aftenposten,1910,Oslo
202609789,nordtroenderen,1910,
200752807,harstadtidende,1910,Harstad
203430397,tunsbergeren,1910,
201505825,sandefjordsblad,1910,Sandefjord
202187144,finmarken,1910,Vardø
202521425,moldeannonceblad,1910,
201217536,nordlys,1910,Tromsø
203185157,ranenstidende,1910,Hemnes
200811239,helgelandsblad,1910,
201781544,tromsoestiftstidende,1910,Tromsø
203396174,skotfosavisnittennullen,1910,
202601737,nordretrondhjemsamtstidende,1910,
202522329,more,1910,Volda
203199029,stavangeraftenblad,1910,Stavanger
203125288,indtrondelagen,1910,
204031381,nordland,1910,
200886036,kysten,1910,Oslo
201035825,morgenbladet,1910,Oslo
202500403,listerfarsundatten,1910,
201035709,morgenbladet,1910,Oslo
202452102,jarlsbergoglarviksamtstidende,1910,Larvik
200253809,bratsbergdemokraten,1910,Skien
201471531,romsdalsamtstidende,1910,Kristiansund
203433310,tvedestrandogomegnsavis,1910,
203455709,vestfoldsandefjordatten,1910,
203455654,vestfoldsandefjordatten,1910,
202158996,egersundsposten,1910,Eigersund
202023454,bergensaftenbladbergenattenattini,1910,Bergen
203165815,nordrebergenhusamtstidende,1910,Kinn
203386825,sarpen,1910,
204622789,Hamar Stiftstidende ,1910,Hamar
200601673,fredriksstadtilskuer,1910,Fredrikstad
200886169,kysten,1910,Oslo
200642911,gjengangeren,1910,Horten
201556973,socialdemokraten,1910,Oslo
200811168,helgelandsblad,1910,
201035672,morgenbladet,1910,Oslo
200455124,faedrelandsvennen,1910,Kristiansand
201950787,agderposten,1910,Arendal
202609806,nordtroenderen,1910,
202452183,jarlsbergoglarviksamtstidende,1910,Larvik
201993171,arbeidet,1910,Bergen
200217330,bergenstidende,1910,Bergen
200911625,lillehammertilskuer,1910,Lillehammer
203684439,oerebladet,1910,
203455804,vestfoldsandefjordatten,1910,
204318984,gjoviksbladattenattifire,1910,
203165805,nordrebergenhusamtstidende,1910,Kinn
200217380,bergenstidende,1910,Bergen
202242348,fredrikshaldstilskuer,1910,Halden
201560802,soendretrondhjemsamtstidende,1910,Orkdal
202642163,oplandenesavis,1910,Hamar
202568241,nordfjord,1910,
201979118,akersposten,1910,Oslo
202302446,grimstadposten,1910,
200358137,dagensnytt,1910,
202059929,breviksposten,1910,Porsgrunn
203117078,indheredsposten,1910,
200310913,dagbladet,1910,Oslo
204682948,Hamar Stiftstidende ,1910,Hamar
202041038,bergensannoncetidende,1910,
203698441,fjellposten,1910,
201505881,sandefjordsblad,1910,Sandefjord
201979053,akersposten,1910,Oslo
201109434,mosstilskuer,1910,Moss
200790807,hedemarkensamtstidende,1910,Hamar
202222775,folketidendetrondheimattennittien,1910,Trondheim
201775733,tromsoeposten,1910,Tromsø
200676344,grimstadadressetiden,1910,Grimstad
203479315,helgeland,1910,
202479254,landmandsposten,1910,
203153712,nordenfjeldsktidende,1910,Levanger
202786863,skandinaven,1910,
200253847,bratsbergdemokraten,1910,Skien
201979048,akersposten,1910,Oslo
200562493,flekkefjordsposten,1910,
201471587,romsdalsamtstidende,1910,Kristiansund
202040805,bergensannoncetidende,1910,
201035527,morgenbladet,1910,Oslo
202242374,fredrikshaldstilskuer,1910,Halden
203199022,stavangeraftenblad,1910,Stavanger
201797864,trondhjemsadresseavis,1910,Trondheim
203302899,buskerudsamtstidendedrammen,1910,
202585498,nordlandsposten,1910,Bodø
201941514,vortlandosloattennitti,1910,Oslo
200831043,indresmaalenenesavis,1910,Indre Østfold
203430426,tunsbergeren,1910,
202012899,baerumogaskersblad,1910,
200217290,bergenstidende,1910,Bergen
201975105,akershuspostenlillestroemnitten,1910,Lørenskog
204319055,gjoviksbladattenattifire,1910,
202479111,landmandsposten,1910,
204241559,gudbrandsdalensfolkebladgjoevik,1910,
202621915,norskkundgjoerelsestidende,1910,Oslo
200217603,bergenstidende,1910,Bergen
203402185,soendhordland,1910,
202159027,egersundsposten,1910,Eigersund
202568308,nordfjord,1910,
202585463,nordlandsposten,1910,Bodø
200217402,bergenstidende,1910,Bergen
200217657,bergenstidende,1910,Bergen
202223000,folketidendetrondheimattennittien,1910,Trondheim
202944756,aftenposten,1910,Oslo
204319077,gjoviksbladattenattifire,1910,
201600180,solungen,1910,Kongsvinger
201035759,morgenbladet,1910,Oslo
201471465,romsdalsamtstidende,1910,Kristiansund
202479133,landmandsposten,1910,
200217596,bergenstidende,1910,Bergen
201276499,norgessjoefartstidende,1910,Oslo
200217642,bergenstidende,1910,Bergen
201170417,nordkapp,1910,
201993018,arbeidet,1910,Bergen
204725013,Laagendalsposten ,1910,Kongsberg
203302908,buskerudsamtstidendedrammen,1910,
201993161,arbeidet,1910,Bergen
203463146,vossavis,1910,
201992985,arbeidet,1910,Bergen
203153721,nordenfjeldsktidende,1910,Levanger
201345506,osterdolen,1910,Tynset
200886188,kysten,1910,Oslo
202536075,mossaftenblad,1910,
200564500,foerstemai,1910,Stavanger
203463176,vossavis,1910,
203411660,soloerposten,1910,
202642188,oplandenesavis,1910,Hamar
200831051,indresmaalenenesavis,1910,Indre Østfold
203303086,buskerudsamtstidendedrammen,1910,
203639183,buskerudsblad,1910,
201798078,trondhjemsadresseavis,1910,Trondheim
202556296,namdalensfolkeblad,1910,
203430341,tunsbergeren,1910,
201035483,morgenbladet,1910,Oslo
203165849,nordrebergenhusamtstidende,1910,Kinn
203198929,stavangeraftenblad,1910,Stavanger
200866358,kongsbergdagblad,1910,Kongsberg
201152842,nedenaesamtstidende,1910,Risør
202495579,lindesnes,1910,Mandal
203185170,ranenstidende,1910,Hemnes
201109385,mosstilskuer,1910,Moss
200885924,kysten,1910,Oslo
201600274,solungen,1910,Kongsvinger
201560814,soendretrondhjemsamtstidende,1910,Orkdal
204293434,vestoplaendingen,1910,
201797972,trondhjemsadresseavis,1910,Trondheim
202568287,nordfjord,1910,
200217360,bergenstidende,1910,Bergen
204501738,Hamar Stiftstidende ,1910,Hamar
200217492,bergenstidende,1910,Bergen
203722820,warensardne,1910,
204293428,vestoplaendingen,1910,
203672305,aftenpostenukensnytt,1910,
202621896,norskkundgjoerelsestidende,1910,Oslo
200676477,grimstadadressetiden,1910,Grimstad
203393460,senjensbladnittennullsju,1910,
201992851,arbeidet,1910,Bergen
201276495,norgessjoefartstidende,1910,Oslo
200027810,agder,1910,
202601757,nordretrondhjemsamtstidende,1910,
201471564,romsdalsamtstidende,1910,Kristiansund
200562513,flekkefjordsposten,1910,
201817143,tvedestrandsposten,1910,Tvedestrand
201109387,mosstilskuer,1910,Moss
200311159,dagbladet,1910,Oslo
201833949,valdres,1910,Nord-Aurdal
200623924,fremtiden,1910,Drammen
203693476,warensardne,1910,
204705889,Laagendalsposten ,1910,Kongsberg
201556760,socialdemokraten,1910,Oslo
202642235,oplandenesavis,1910,Hamar
201345577,osterdolen,1910,Tynset
202040942,bergensannoncetidende,1910,
201781507,tromsoestiftstidende,1910,Tromsø
203550657,buskerudsblad,1910,
200454998,faedrelandsvennen,1910,Kristiansand
201471593,romsdalsamtstidende,1910,Kristiansund
202522349,more,1910,Volda
201194342,nordlandsposten,1910,Bodø
200928345,lillesandsposten,1910,Lillesand
203303145,buskerudsamtstidendedrammen,1910,
201035440,morgenbladet,1910,Oslo
203936233,helgeland,1910,
201035819,morgenbladet,1910,Oslo
202023500,bergensaftenbladbergenattenattini,1910,Bergen
200601654,fredriksstadtilskuer,1910,Fredrikstad
202944349,aftenposten,1910,Oslo
202568309,nordfjord,1910,
200667791,glommendalen,1910,Kongsvinger
204018254,helgeland,1910,
201276429,norgessjoefartstidende,1910,Oslo
202505711,listerogmandalsamtstidendeogadresseavis,1910,Lindesnes
201035915,morgenbladet,1910,Oslo
202023425,bergensaftenbladbergenattenattini,1910,Bergen
202621783,norskkundgjoerelsestidende,1910,Oslo
201975039,akershuspostenlillestroemnitten,1910,Lørenskog
202756641,romsdalstidende,1910,
202944539,aftenposten,1910,Oslo
203430336,tunsbergeren,1910,
200601495,fredriksstadtilskuer,1910,Fredrikstad
203455843,vestfoldsandefjordatten,1910,
200601506,fredriksstadtilskuer,1910,Fredrikstad
200044410,agderposten,1910,Arendal
202479169,landmandsposten,1910,
202495455,lindesnes,1910,Mandal
201781572,tromsoestiftstidende,1910,Tromsø
200562575,flekkefjordsposten,1910,
202556320,namdalensfolkeblad,1910,
201035363,morgenbladet,1910,Oslo
201276434,norgessjoefartstidende,1910,Oslo
204293464,vestoplaendingen,1910,
203455794,vestfoldsandefjordatten,1910,
202181420,farsundsavis,1910,Farsund
201797716,trondhjemsadresseavis,1910,Trondheim
204241504,gudbrandsdalensfolkebladgjoevik,1910,
202023431,bergensaftenbladbergenattenattini,1910,Bergen
203715907,aftenpostenukensnytt,1910,
200601627,fredriksstadtilskuer,1910,Fredrikstad
201276548,norgessjoefartstidende,1910,Oslo
202452037,jarlsbergoglarviksamtstidende,1910,Larvik
202579930,nordlandsfolkeblad,1910,
202790708,soendmoerefolkeblad,1910,
203532090,nordland,1910,
200253810,bratsbergdemokraten,1910,Skien
200253705,bratsbergdemokraten,1910,Skien
202452007,jarlsbergoglarviksamtstidende,1910,Larvik
202521453,moldeannonceblad,1910,
200752847,harstadtidende,1910,Harstad
203637251,narviktidende,1910,
200642839,gjengangeren,1910,Horten
202040849,bergensannoncetidende,1910,
202589653,nordlendingen,1910,
201109351,mosstilskuer,1910,Moss
202521397,moldeannonceblad,1910,
204729620,Laagendalsposten ,1910,Kongsberg
201556770,socialdemokraten,1910,Oslo
201950842,agderposten,1910,Arendal
202579932,nordlandsfolkeblad,1910,
202500312,listerfarsundatten,1910,
202554172,namdalensblad,1910,
202621692,norskkundgjoerelsestidende,1910,Oslo
200886048,kysten,1910,Oslo
203303071,buskerudsamtstidendedrammen,1910,
200454939,faedrelandsvennen,1910,Kristiansand
202554119,namdalensblad,1910,
202541179,mossavis,1910,Moss
202474851,kristiansundspostenatten,1910,
201833856,valdres,1910,Nord-Aurdal
204430488,Samhold (Gjøvik: 1885-1920) ,1910,Gjøvik
200667885,glommendalen,1910,Kongsvinger
201217568,nordlys,1910,Tromsø
201967614,akershus,1910,Lillestrøm
203396242,skotfosavisnittennullen,1910,
202944784,aftenposten,1910,Oslo
201035597,morgenbladet,1910,Oslo
202424339,indlandsposten,1910,
201975000,akershuspostenlillestroemnitten,1910,Lørenskog
203358873,oevresmaalenene,1910,Indre Østfold
203302885,buskerudsamtstidendedrammen,1910,
200217638,bergenstidende,1910,Bergen
201833995,valdres,1910,Nord-Aurdal
200667770,glommendalen,1910,Kongsvinger
202541077,mossavis,1910,Moss
203117030,indheredsposten,1910,
203455607,vestfoldsandefjordatten,1910,
202944462,aftenposten,1910,Oslo
204293417,vestoplaendingen,1910,
201950756,agderposten,1910,Arendal
203168000,nordrebergenhusfolkeblad,1910,Kinn
200885916,kysten,1910,Oslo
200811171,helgelandsblad,1910,
201600189,solungen,1910,Kongsvinger
200455108,faedrelandsvennen,1910,Kristiansand
200454918,faedrelandsvennen,1910,Kristiansand
201950699,agderposten,1910,Arendal
200694002,gudbrandsdoelen,1910,Lillehammer
201276392,norgessjoefartstidende,1910,Oslo
201316130,ofotenstidende,1910,Narvik
201035700,morgenbladet,1910,Oslo
201276545,norgessjoefartstidende,1910,Oslo
200217302,bergenstidende,1910,Bergen
204503360,Bergensposten Fram (Bergen 1892-1893) ,1910,Bergen
201817146,tvedestrandsposten,1910,Tvedestrand
202522360,more,1910,Volda
201434726,rogalandnittensju,1910,Stavanger
201316179,ofotenstidende,1910,Narvik
203125127,indtrondelagen,1910,
201534671,selbyggen,1910,Selbu
200358158,dagensnytt,1910,
201572983,sogningen,1910,Sogndal
200866327,kongsbergdagblad,1910,Kongsberg
204723119,Laagendalsposten ,1910,Kongsberg
203153774,nordenfjeldsktidende,1910,Levanger
202222960,folketidendetrondheimattennittien,1910,Trondheim
203455854,vestfoldsandefjordatten,1910,
202023344,bergensaftenbladbergenattenattini,1910,Bergen
204151386,fjordenestidende,1910,
204465624,Hamar Stiftstidende ,1910,Hamar
200044481,agderposten,1910,Arendal
202944309,aftenposten,1910,Oslo
202452068,jarlsbergoglarviksamtstidende,1910,Larvik
200311126,dagbladet,1910,Oslo
202554194,namdalensblad,1910,
202536066,mossaftenblad,1910,
201471580,romsdalsamtstidende,1910,Kristiansund
203396216,skotfosavisnittennullen,1910,
201035610,morgenbladet,1910,Oslo
201276537,norgessjoefartstidende,1910,Oslo
203636704,buskerudsblad,1910,
200623940,fremtiden,1910,Drammen
204044325,oerebladet,1910,
203430390,tunsbergeren,1910,
201276354,norgessjoefartstidende,1910,Oslo
203525835,narviktidende,1910,
200911590,lillehammertilskuer,1910,Lillehammer
200694097,gudbrandsdoelen,1910,Lillehammer
200455159,faedrelandsvennen,1910,Kristiansand
200667753,glommendalen,1910,Kongsvinger
202944813,aftenposten,1910,Oslo
203930923,narviktidende,1910,
201452102,romerikesblad,1910,Lillestrøm
201477459,romsdalsbudstikke,1910,Molde
204241548,gudbrandsdalensfolkebladgjoevik,1910,
204591727,Bergensposten Fram (Bergen 1892-1893) ,1910,Bergen
200358141,dagensnytt,1910,
201817081,tvedestrandsposten,1910,Tvedestrand
200562497,flekkefjordsposten,1910,
203455692,vestfoldsandefjordatten,1910,
202944670,aftenposten,1910,Oslo
203624202,buskerudsblad,1910,
203117098,indheredsposten,1910,
200562571,flekkefjordsposten,1910,
200454892,faedrelandsvennen,1910,Kristiansand
200642992,gjengangeren,1910,Horten
202944677,aftenposten,1910,Oslo
200454891,faedrelandsvennen,1910,Kristiansand
203117103,indheredsposten,1910,
204241569,gudbrandsdalensfolkebladgjoevik,1910,
201967637,akershus,1910,Lillestrøm
202522317,more,1910,Volda
202944923,aftenposten,1910,Oslo
202521465,moldeannonceblad,1910,
201560838,soendretrondhjemsamtstidende,1910,Orkdal
203430455,tunsbergeren,1910,
201505899,sandefjordsblad,1910,Sandefjord
200455027,faedrelandsvennen,1910,Kristiansand
200602327,fremover,1910,Narvik
203302883,buskerudsamtstidendedrammen,1910,
200831116,indresmaalenenesavis,1910,Indre Østfold
203125276,indtrondelagen,1910,
201035617,morgenbladet,1910,Oslo
203914206,helgeland,1910,
202522357,more,1910,Volda
201035703,morgenbladet,1910,Oslo
201781564,tromsoestiftstidende,1910,Tromsø
202609845,nordtroenderen,1910,
203702445,aftenpostenukensnytt,1910,
202944468,aftenposten,1910,Oslo
201309838,oeieren,1910,
200019412,aftenposten,1910,Oslo
203411648,soloerposten,1910,
202040889,bergensannoncetidende,1910,
202790709,soendmoerefolkeblad,1910,
200217670,bergenstidende,1910,Bergen
200642809,gjengangeren,1910,Horten
201600232,solungen,1910,Kongsvinger
202568255,nordfjord,1910,
203942490,oerebladet,1910,
202023402,bergensaftenbladbergenattenattini,1910,Bergen
202536043,mossaftenblad,1910,
203537610,aftenpostenukensnytt,1910,
200455120,faedrelandsvennen,1910,Kristiansand
201471511,romsdalsamtstidende,1910,Kristiansund
200455032,faedrelandsvennen,1910,Kristiansand
202541167,mossavis,1910,Moss
202585462,nordlandsposten,1910,Bodø
201035843,morgenbladet,1910,Oslo
201434727,rogalandnittensju,1910,Stavanger
200811159,helgelandsblad,1910,
203303129,buskerudsamtstidendedrammen,1910,
202944452,aftenposten,1910,Oslo
203020058,askerogbaerumsbudstikke,1910,Bærum
201775829,tromsoeposten,1910,Tromsø
203888205,warensardne,1910,
202621748,norskkundgjoerelsestidende,1910,Oslo
200564566,foerstemai,1910,Stavanger
201671750,svelviksposten,1910,Drammen
204319102,gjoviksbladattenattifire,1910,
200601743,fredriksstadtilskuer,1910,Fredrikstad
204319044,gjoviksbladattenattifire,1910,
201993175,arbeidet,1910,Bergen
202040914,bergensannoncetidende,1910,
202181413,farsundsavis,1910,Farsund
200455147,faedrelandsvennen,1910,Kristiansand
202181471,farsundsavis,1910,Farsund
201817091,tvedestrandsposten,1910,Tvedestrand
203430407,tunsbergeren,1910,
201797801,trondhjemsadresseavis,1910,Trondheim
203455789,vestfoldsandefjordatten,1910,
202536119,mossaftenblad,1910,
201556914,socialdemokraten,1910,Oslo
201217622,nordlys,1910,Tromsø
202521430,moldeannonceblad,1910,
201979095,akersposten,1910,Oslo
204007958,warensardne,1910,
201035337,morgenbladet,1910,Oslo
200601650,fredriksstadtilskuer,1910,Fredrikstad
204393716,Hamar Stiftstidende ,1910,Hamar
200253831,bratsbergdemokraten,1910,Skien
200310858,dagbladet,1910,Oslo
202483293,langesundsposten,1910,
201035328,morgenbladet,1910,Oslo
200928325,lillesandsposten,1910,Lillesand
201035785,morgenbladet,1910,Oslo
203402200,soendhordland,1910,
201817126,tvedestrandsposten,1910,Tvedestrand
201556848,socialdemokraten,1910,Oslo
202536084,mossaftenblad,1910,
201797869,trondhjemsadresseavis,1910,Trondheim
201035649,morgenbladet,1910,Oslo
200676471,grimstadadressetiden,1910,Grimstad
202059997,breviksposten,1910,Porsgrunn
200886130,kysten,1910,Oslo
200564526,foerstemai,1910,Stavanger
201560813,soendretrondhjemsamtstidende,1910,Orkdal
204473411,Bergensposten Fram (Bergen 1892-1893) ,1910,Bergen
202424274,indlandsposten,1910,
200694065,gudbrandsdoelen,1910,Lillehammer
201505937,sandefjordsblad,1910,Sandefjord
200253699,bratsbergdemokraten,1910,Skien
201797998,trondhjemsadresseavis,1910,Trondheim
200562542,flekkefjordsposten,1910,
200886059,kysten,1910,Oslo
202050504,bodotidende,1910,Bodø
201600239,solungen,1910,Kongsvinger
202944433,aftenposten,1910,Oslo
201775761,tromsoeposten,1910,Tromsø
203813823,oerebladet,1910,
201950790,agderposten,1910,Arendal
202410650,hordalandfolkeblad,1910,Kvam
201797825,trondhjemsadresseavis,1910,Trondheim
200866295,kongsbergdagblad,1910,Kongsberg
202944325,aftenposten,1910,Oslo
202040793,bergensannoncetidende,1910,
200217586,bergenstidende,1910,Bergen
204451088,Samhold (Gjøvik: 1885-1920) ,1910,Gjøvik
201797674,trondhjemsadresseavis,1910,Trondheim
200601618,fredriksstadtilskuer,1910,Fredrikstad
200027890,agder,1910,
204054644,buskerudsblad,1910,
202474888,kristiansundspostenatten,1910,
202239749,fredrikshaldsavis,1910,
200601671,fredriksstadtilskuer,1910,Fredrikstad
202756611,romsdalstidende,1910,
201797974,trondhjemsadresseavis,1910,Trondheim
200831016,indresmaalenenesavis,1910,Indre Østfold
201992980,arbeidet,1910,Bergen
203659437,nordland,1910,
201797820,trondhjemsadresseavis,1910,Trondheim
200217646,bergenstidende,1910,Bergen
201035793,morgenbladet,1910,Oslo
202609767,nordtroenderen,1910,
203153840,nordenfjeldsktidende,1910,Levanger
200886127,kysten,1910,Oslo
201797975,trondhjemsadresseavis,1910,Trondheim
201170396,nordkapp,1910,
202474813,kristiansundspostenatten,1910,
202642281,oplandenesavis,1910,Hamar
200885927,kysten,1910,Oslo
203199025,stavangeraftenblad,1910,Stavanger
200831067,indresmaalenenesavis,1910,Indre Østfold
202756580,romsdalstidende,1910,
201471442,romsdalsamtstidende,1910,Kristiansund
201217557,nordlys,1910,Tromsø
201975068,akershuspostenlillestroemnitten,1910,Lørenskog
204490917,Hamar Stiftstidende ,1910,Hamar
202944337,aftenposten,1910,Oslo
203358894,oevresmaalenene,1910,Indre Østfold
202452092,jarlsbergoglarviksamtstidende,1910,Larvik
201629233,stjordalensblad,1910,Stjørdal
203957966,buskerudsblad,1910,
203724941,oerebladet,1910,
201316156,ofotenstidende,1910,Narvik
203996849,warensardne,1910,
201817139,tvedestrandsposten,1910,Tvedestrand
201170401,nordkapp,1910,
203621391,buskerudsblad,1910,
202944298,aftenposten,1910,Oslo
202944569,aftenposten,1910,Oslo
203509012,narviktidende,1910,
203165876,nordrebergenhusamtstidende,1910,Kinn
202944889,aftenposten,1910,Oslo
201967737,akershus,1910,Lillestrøm
200562551,flekkefjordsposten,1910,
203198883,stavangeraftenblad,1910,Stavanger
202040708,bergensannoncetidende,1910,
204552483,Hamar Stiftstidende ,1910,Hamar
202424329,indlandsposten,1910,
201276387,norgessjoefartstidende,1910,Oslo
203302910,buskerudsamtstidendedrammen,1910,
204241576,gudbrandsdalensfolkebladgjoevik,1910,
201975103,akershuspostenlillestroemnitten,1910,Lørenskog
200564503,foerstemai,1910,Stavanger
200642885,gjengangeren,1910,Horten
200311089,dagbladet,1910,Oslo
203153751,nordenfjeldsktidende,1910,Levanger
201276512,norgessjoefartstidende,1910,Oslo
204241479,gudbrandsdalensfolkebladgjoevik,1910,
201035696,morgenbladet,1910,Oslo
202642220,oplandenesavis,1910,Hamar
201316087,ofotenstidende,1910,Narvik
202410658,hordalandfolkeblad,1910,Kvam
201781538,tromsoestiftstidende,1910,Tromsø
202642253,oplandenesavis,1910,Hamar
201109453,mosstilskuer,1910,Moss
201471482,romsdalsamtstidende,1910,Kristiansund
201345505,osterdolen,1910,Tynset
200027807,agder,1910,
202786852,skandinaven,1910,
202222990,folketidendetrondheimattennittien,1910,Trondheim
203430432,tunsbergeren,1910,
202479241,landmandsposten,1910,
200564522,foerstemai,1910,Stavanger
200455153,faedrelandsvennen,1910,Kristiansand
204241498,gudbrandsdalensfolkebladgjoevik,1910,
201345571,osterdolen,1910,Tynset
202500303,listerfarsundatten,1910,
203760917,buskerudsblad,1910,
202239731,fredrikshaldsavis,1910,
202040836,bergensannoncetidende,1910,
203393417,senjensbladnittennullsju,1910,
201992923,arbeidet,1910,Bergen
200454983,faedrelandsvennen,1910,Kristiansand
201833869,valdres,1910,Nord-Aurdal
202601682,nordretrondhjemsamtstidende,1910,
200027813,agder,1910,
201505935,sandefjordsblad,1910,Sandefjord
200311077,dagbladet,1910,Oslo
200562480,flekkefjordsposten,1910,
200667831,glommendalen,1910,Kongsvinger
203517367,aftenpostenukensnytt,1910,
201967710,akershus,1910,Lillestrøm
202536086,mossaftenblad,1910,
202059891,breviksposten,1910,Porsgrunn
201557018,socialdemokraten,1910,Oslo
200602353,fremover,1910,Narvik
200455134,faedrelandsvennen,1910,Kristiansand
202554091,namdalensblad,1910,
200455162,faedrelandsvennen,1910,Kristiansand
201035570,morgenbladet,1910,Oslo
200253744,bratsbergdemokraten,1910,Skien
201600282,solungen,1910,Kongsvinger
200455137,faedrelandsvennen,1910,Kristiansand
203118904,indherred,1910,Steinkjer
201109425,mosstilskuer,1910,Moss
201316121,ofotenstidende,1910,Narvik
201477535,romsdalsbudstikke,1910,Molde
202568240,nordfjord,1910,
203986996,lofotposten,1910,
202790786,soendmoerefolkeblad,1910,
204386213,Samhold (Gjøvik: 1885-1920) ,1910,Gjøvik
200358274,dagensnytt,1910,
202452118,jarlsbergoglarviksamtstidende,1910,Larvik
203386860,sarpen,1910,
200911516,lillehammertilskuer,1910,Lillehammer
201163501,nordisktidende,1910,
202474883,kristiansundspostenatten,1910,
203484935,buskerudsblad,1910,
203303050,buskerudsamtstidendedrammen,1910,
202944803,aftenposten,1910,Oslo
202500334,listerfarsundatten,1910,
203167994,nordrebergenhusfolkeblad,1910,Kinn
200044423,agderposten,1910,Arendal
203795083,lofotposten,1910,
200623955,fremtiden,1910,Drammen
200311180,dagbladet,1910,Oslo
202495540,lindesnes,1910,Mandal
200253792,bratsbergdemokraten,1910,Skien
200831049,indresmaalenenesavis,1910,Indre Østfold
202944224,aftenposten,1910,Oslo
201556813,socialdemokraten,1910,Oslo
201035742,morgenbladet,1910,Oslo
204737283,Laagendalsposten ,1910,Kongsberg
200866104,kongsbergdagblad,1910,Kongsberg
200454898,faedrelandsvennen,1910,Kristiansand
201035648,morgenbladet,1910,Oslo
203165828,nordrebergenhusamtstidende,1910,Kinn
202790703,soendmoerefolkeblad,1910,
200564561,foerstemai,1910,Stavanger
202944393,aftenposten,1910,Oslo
202158958,egersundsposten,1910,Eigersund
202495512,lindesnes,1910,Mandal
201471451,romsdalsamtstidende,1910,Kristiansund
203199023,stavangeraftenblad,1910,Stavanger
201671718,svelviksposten,1910,Drammen
203117062,indheredsposten,1910,
201035743,morgenbladet,1910,Oslo
201035358,morgenbladet,1910,Oslo
202944932,aftenposten,1910,Oslo
201967760,akershus,1910,Lillestrøm
201950839,agderposten,1910,Arendal
202495585,lindesnes,1910,Mandal
200676386,grimstadadressetiden,1910,Grimstad
201629266,stjordalensblad,1910,Stjørdal
201477530,romsdalsbudstikke,1910,Molde
203302891,buskerudsamtstidendedrammen,1910,
202302505,grimstadposten,1910,
203455613,vestfoldsandefjordatten,1910,
201035583,morgenbladet,1910,Oslo
202505790,listerogmandalsamtstidendeogadresseavis,1910,Lindesnes
201979076,akersposten,1910,Oslo
201316100,ofotenstidende,1910,Narvik
200217631,bergenstidende,1910,Bergen
202556357,namdalensfolkeblad,1910,
200601626,fredriksstadtilskuer,1910,Fredrikstad
200676414,grimstadadressetiden,1910,Grimstad
202181384,farsundsavis,1910,Farsund
200044373,agderposten,1910,Arendal
201979042,akersposten,1910,Oslo
203455574,vestfoldsandefjordatten,1910,
200217291,bergenstidende,1910,Bergen
203455793,vestfoldsandefjordatten,1910,
203185174,ranenstidende,1910,Hemnes
203746902,oerebladet,1910,
203386865,sarpen,1910,
201671757,svelviksposten,1910,Drammen
200836042,indtrondelagen,1910,
202023299,bergensaftenbladbergenattenattini,1910,Bergen
202944949,aftenposten,1910,Oslo
201434732,rogalandnittensju,1910,Stavanger
201797665,trondhjemsadresseavis,1910,Trondheim
201309892,oeieren,1910,
201817071,tvedestrandsposten,1910,Tvedestrand
202554144,namdalensblad,1910,
203551397,lofotposten,1910,
201276362,norgessjoefartstidende,1910,Oslo
202944478,aftenposten,1910,Oslo
203125271,indtrondelagen,1910,
200911530,lillehammertilskuer,1910,Lillehammer
202609740,nordtroenderen,1910,
204704389,Laagendalsposten ,1910,Kongsberg
200676423,grimstadadressetiden,1910,Grimstad
202521446,moldeannonceblad,1910,
200790885,hedemarkensamtstidende,1910,Hamar
203386868,sarpen,1910,
202609771,nordtroenderen,1910,
200790806,hedemarkensamtstidende,1910,Hamar
202181436,farsundsavis,1910,Farsund
200811187,helgelandsblad,1910,
202521405,moldeannonceblad,1910,
201967657,akershus,1910,Lillestrøm
200217508,bergenstidende,1910,Bergen
201629265,stjordalensblad,1910,Stjørdal
201992996,arbeidet,1910,Bergen
200217483,bergenstidende,1910,Bergen
201471527,romsdalsamtstidende,1910,Kristiansund
200886162,kysten,1910,Oslo
200676351,grimstadadressetiden,1910,Grimstad
204476265,Hamar Stiftstidende ,1910,Hamar
204293459,vestoplaendingen,1910,
200455172,faedrelandsvennen,1910,Kristiansand
200564455,foerstemai,1910,Stavanger
202621989,norskkundgjoerelsestidende,1910,Oslo
202410675,hordalandfolkeblad,1910,Kvam
204241552,gudbrandsdalensfolkebladgjoevik,1910,
201950807,agderposten,1910,Arendal
202181464,farsundsavis,1910,Farsund
201556828,socialdemokraten,1910,Oslo
202424221,indlandsposten,1910,
202222763,folketidendetrondheimattennittien,1910,Trondheim
201276322,norgessjoefartstidende,1910,Oslo
201797827,trondhjemsadresseavis,1910,Trondheim
204657016,Samhold (Gjøvik: 1885-1920) ,1910,Gjøvik
202500394,listerfarsundatten,1910,
202181404,farsundsavis,1910,Farsund
200676460,grimstadadressetiden,1910,Grimstad
201556855,socialdemokraten,1910,Oslo
200358153,dagensnytt,1910,
200455077,faedrelandsvennen,1910,Kristiansand
204293460,vestoplaendingen,1910,
202500402,listerfarsundatten,1910,
201434746,rogalandnittensju,1910,Stavanger
202012914,baerumogaskersblad,1910,
202642219,oplandenesavis,1910,Hamar
200623980,fremtiden,1910,Drammen
203168055,nordrebergenhusfolkeblad,1910,Kinn
203125216,indtrondelagen,1910,
202556306,namdalensfolkeblad,1910,
203411694,soloerposten,1910,
203588869,narviktidende,1910,
201152873,nedenaesamtstidende,1910,Risør
201309850,oeieren,1910,
202023216,bergensaftenbladbergenattenattini,1910,Bergen
201834001,valdres,1910,Nord-Aurdal
200454988,faedrelandsvennen,1910,Kristiansand
200623952,fremtiden,1910,Drammen
202242354,fredrikshaldstilskuer,1910,Halden
202944741,aftenposten,1910,Oslo
202479168,landmandsposten,1910,
200752839,harstadtidende,1910,Harstad
200455140,faedrelandsvennen,1910,Kristiansand
202410662,hordalandfolkeblad,1910,Kvam
200790819,hedemarkensamtstidende,1910,Hamar
200866120,kongsbergdagblad,1910,Kongsberg
201797878,trondhjemsadresseavis,1910,Trondheim
202452184,jarlsbergoglarviksamtstidende,1910,Larvik
201775734,tromsoeposten,1910,Tromsø
200217539,bergenstidende,1910,Bergen
201345525,osterdolen,1910,Tynset
200911564,lillehammertilskuer,1910,Lillehammer
201817069,tvedestrandsposten,1910,Tvedestrand
200601639,fredriksstadtilskuer,1910,Fredrikstad
200886026,kysten,1910,Oslo
202239809,fredrikshaldsavis,1910,
201557005,socialdemokraten,1910,Oslo
200667764,glommendalen,1910,Kongsvinger
202222840,folketidendetrondheimattennittien,1910,Trondheim
202159017,egersundsposten,1910,Eigersund
201109489,mosstilskuer,1910,Moss
200562577,flekkefjordsposten,1910,
202522361,more,1910,Volda
201798061,trondhjemsadresseavis,1910,Trondheim
202589627,nordlendingen,1910,
203165843,nordrebergenhusamtstidende,1910,Kinn
202222956,folketidendetrondheimattennittien,1910,Trondheim
203402181,soendhordland,1910,
201817052,tvedestrandsposten,1910,Tvedestrand
201975113,akershuspostenlillestroemnitten,1910,Lørenskog
201817049,tvedestrandsposten,1910,Tvedestrand
203856664,buskerudsblad,1910,
202579925,nordlandsfolkeblad,1910,
201276371,norgessjoefartstidende,1910,Oslo
201817047,tvedestrandsposten,1910,Tvedestrand
202944235,aftenposten,1910,Oslo
201671753,svelviksposten,1910,Drammen
200311058,dagbladet,1910,Oslo
203760345,oerebladet,1910,
202621764,norskkundgjoerelsestidende,1910,Oslo
201557039,socialdemokraten,1910,Oslo
202059992,breviksposten,1910,Porsgrunn
201781549,tromsoestiftstidende,1910,Tromsø
201993094,arbeidet,1910,Bergen
200831149,indresmaalenenesavis,1910,Indre Østfold
203199030,stavangeraftenblad,1910,Stavanger
201967609,akershus,1910,Lillestrøm
202474942,kristiansundspostenatten,1910,
200667861,glommendalen,1910,Kongsvinger
200790912,hedemarkensamtstidende,1910,Hamar
204379393,Hamar Stiftstidende ,1910,Hamar
203577547,oerebladet,1910,
201556867,socialdemokraten,1910,Oslo
200253708,bratsbergdemokraten,1910,Skien
202495505,lindesnes,1910,Mandal
201992940,arbeidet,1910,Bergen
204615391,Hamar Stiftstidende ,1910,Hamar
200217482,bergenstidende,1910,Bergen
202222978,folketidendetrondheimattennittien,1910,Trondheim
203386824,sarpen,1910,
202756651,romsdalstidende,1910,
200928379,lillesandsposten,1910,Lillesand
200676486,grimstadadressetiden,1910,Grimstad
200564557,foerstemai,1910,Stavanger
201833874,valdres,1910,Nord-Aurdal
202944681,aftenposten,1910,Oslo
201600312,solungen,1910,Kongsvinger
202500320,listerfarsundatten,1910,
200217606,bergenstidende,1910,Bergen
204319036,gjoviksbladattenattifire,1910,
202158989,egersundsposten,1910,Eigersund
203639784,fjellposten,1910,
200027845,agder,1910,
200436766,dunderlandsdoelen,1910,Rana
202944558,aftenposten,1910,Oslo
203303077,buskerudsamtstidendedrammen,1910,
200601465,fredriksstadtilskuer,1910,Fredrikstad
202621787,norskkundgjoerelsestidende,1910,Oslo
201505837,sandefjordsblad,1910,Sandefjord
200310835,dagbladet,1910,Oslo
204318973,gjoviksbladattenattifire,1910,
200455040,faedrelandsvennen,1910,Kristiansand
200623914,fremtiden,1910,Drammen
203714069,aftenpostenukensnytt,1910,
203185168,ranenstidende,1910,Hemnes
201309814,oeieren,1910,
204293419,vestoplaendingen,1910,
201797688,trondhjemsadresseavis,1910,Trondheim
202944350,aftenposten,1910,Oslo
204241516,gudbrandsdalensfolkebladgjoevik,1910,
200811189,helgelandsblad,1910,
201979045,akersposten,1910,Oslo
202479123,landmandsposten,1910,
202554166,namdalensblad,1910,
200253791,bratsbergdemokraten,1910,Skien
202023313,bergensaftenbladbergenattenattini,1910,Bergen
202242383,fredrikshaldstilskuer,1910,Halden
202944524,aftenposten,1910,Oslo
203358762,oevresmaalenene,1910,Indre Østfold
200928324,lillesandsposten,1910,Lillesand
203153780,nordenfjeldsktidende,1910,Levanger
200694103,gudbrandsdoelen,1910,Lillehammer
200525823,finnmarksposten,1910,Nordkapp
203664036,oerebladet,1910,
201345580,osterdolen,1910,Tynset
201471544,romsdalsamtstidende,1910,Kristiansund
202621962,norskkundgjoerelsestidende,1910,Oslo
201471538,romsdalsamtstidende,1910,Kristiansund
202944742,aftenposten,1910,Oslo
202944777,aftenposten,1910,Oslo
203430347,tunsbergeren,1910,
201434729,rogalandnittensju,1910,Stavanger
202944703,aftenposten,1910,Oslo
202302515,grimstadposten,1910,
202536029,mossaftenblad,1910,
200623907,fremtiden,1910,Drammen
201979060,akersposten,1910,Oslo
201556805,socialdemokraten,1910,Oslo
203185198,ranenstidende,1910,Hemnes
200886007,kysten,1910,Oslo
200358247,dagensnytt,1910,
200866153,kongsbergdagblad,1910,Kongsberg
202521474,moldeannonceblad,1910,
201471504,romsdalsamtstidende,1910,Kristiansund
202040811,bergensannoncetidende,1910,
202023441,bergensaftenbladbergenattenattini,1910,Bergen
202541099,mossavis,1910,Moss
201471555,romsdalsamtstidende,1910,Kristiansund
200455015,faedrelandsvennen,1910,Kristiansand
203784332,oerebladet,1910,
203430340,tunsbergeren,1910,
200564475,foerstemai,1910,Stavanger
203125195,indtrondelagen,1910,
202483288,langesundsposten,1910,
200911484,lillehammertilskuer,1910,Lillehammer
203198926,stavangeraftenblad,1910,Stavanger
202642226,oplandenesavis,1910,Hamar
203117058,indheredsposten,1910,
202181400,farsundsavis,1910,Farsund
203870561,aftenpostenukensnytt,1910,
203019995,askerogbaerumsbudstikke,1910,Bærum
200885947,kysten,1910,Oslo
203125159,indtrondelagen,1910,
203411568,soloerposten,1910,
201505963,sandefjordsblad,1910,Sandefjord
202483321,langesundsposten,1910,
202621975,norskkundgjoerelsestidende,1910,Oslo
203198794,stavangeraftenblad,1910,Stavanger
201817109,tvedestrandsposten,1910,Tvedestrand
203198870,stavangeraftenblad,1910,Stavanger
200642887,gjengangeren,1910,Horten
201276351,norgessjoefartstidende,1910,Oslo
203493613,buskerudsblad,1910,
201035842,morgenbladet,1910,Oslo
201967736,akershus,1910,Lillestrøm
203167996,nordrebergenhusfolkeblad,1910,Kinn
203125278,indtrondelagen,1910,
202495535,lindesnes,1910,Mandal
203386896,sarpen,1910,
202521413,moldeannonceblad,1910,
200752820,harstadtidende,1910,Harstad
201309813,oeieren,1910,
201506020,sandefjordsblad,1910,Sandefjord
203198967,stavangeraftenblad,1910,Stavanger
202556290,namdalensfolkeblad,1910,
200217394,bergenstidende,1910,Bergen
200911597,lillehammertilskuer,1910,Lillehammer
202057338,breidablik,1910,
200562503,flekkefjordsposten,1910,
201975018,akershuspostenlillestroemnitten,1910,Lørenskog
202601732,nordretrondhjemsamtstidende,1910,
203726442,salten,1910,
202059883,breviksposten,1910,Porsgrunn
203125171,indtrondelagen,1910,
201109470,mosstilskuer,1910,Moss
201992986,arbeidet,1910,Bergen
200311078,dagbladet,1910,Oslo
202944311,aftenposten,1910,Oslo
203455701,vestfoldsandefjordatten,1910,
201798107,trondhjemsadresseavis,1910,Trondheim
201941541,vortlandosloattennitti,1910,Oslo
202452042,jarlsbergoglarviksamtstidende,1910,Larvik
200928378,lillesandsposten,1910,Lillesand
200866335,kongsbergdagblad,1910,Kongsberg
201170400,nordkapp,1910,
202483378,langesundsposten,1910,
200564509,foerstemai,1910,Stavanger
200886031,kysten,1910,Oslo
203455578,vestfoldsandefjordatten,1910,
200642979,gjengangeren,1910,Horten
203402161,soendhordland,1910,
202556360,namdalensfolkeblad,1910,
200311194,dagbladet,1910,Oslo
201797687,trondhjemsadresseavis,1910,Trondheim
201629291,stjordalensblad,1910,Stjørdal
201560858,soendretrondhjemsamtstidende,1910,Orkdal
203625598,fjellposten,1910,
203117072,indheredsposten,1910,
202483327,langesundsposten,1910,
200311151,dagbladet,1910,Oslo
200623925,fremtiden,1910,Drammen
201833944,valdres,1910,Nord-Aurdal
200866347,kongsbergdagblad,1910,Kongsberg
200676417,grimstadadressetiden,1910,Grimstad
202944281,aftenposten,1910,Oslo
202023408,bergensaftenbladbergenattenattini,1910,Bergen
200667743,glommendalen,1910,Kongsvinger
202479222,landmandsposten,1910,
200217459,bergenstidende,1910,Bergen
201109383,mosstilskuer,1910,Moss
201316109,ofotenstidende,1910,Narvik
202158959,egersundsposten,1910,Eigersund
200454924,faedrelandsvennen,1910,Kristiansand
200311075,dagbladet,1910,Oslo
200217544,bergenstidende,1910,Bergen
202621891,norskkundgjoerelsestidende,1910,Oslo
203168024,nordrebergenhusfolkeblad,1910,Kinn
202568284,nordfjord,1910,
201217605,nordlys,1910,Tromsø
201967757,akershus,1910,Lillestrøm
200836046,indtrondelagen,1910,
200667734,glommendalen,1910,Kongsvinger
202474943,kristiansundspostenatten,1910,
203433318,tvedestrandogomegnsavis,1910,
203168038,nordrebergenhusfolkeblad,1910,Kinn
200454900,faedrelandsvennen,1910,Kristiansand
200866148,kongsbergdagblad,1910,Kongsberg
202181410,farsundsavis,1910,Farsund
201035476,morgenbladet,1910,Oslo
201035522,morgenbladet,1910,Oslo
202500353,listerfarsundatten,1910,
202239745,fredrikshaldsavis,1910,
201035487,morgenbladet,1910,Oslo
200911548,lillehammertilskuer,1910,Lillehammer
201345533,osterdolen,1910,Tynset
200642864,gjengangeren,1910,Horten
203302917,buskerudsamtstidendedrammen,1910,
200642914,gjengangeren,1910,Horten
201560849,soendretrondhjemsamtstidende,1910,Orkdal
203546373,aftenpostenukensnytt,1910,
202474886,kristiansundspostenatten,1910,
200811209,helgelandsblad,1910,
202521427,moldeannonceblad,1910,
203455835,vestfoldsandefjordatten,1910,
201035298,morgenbladet,1910,Oslo
203198831,stavangeraftenblad,1910,Stavanger
203577375,helgeland,1910,
202410621,hordalandfolkeblad,1910,Kvam
201797838,trondhjemsadresseavis,1910,Trondheim
203479353,narviktidende,1910,
202556288,namdalensfolkeblad,1910,
201556952,socialdemokraten,1910,Oslo
201967727,akershus,1910,Lillestrøm
202483297,langesundsposten,1910,
203837366,nordland,1910,
200454980,faedrelandsvennen,1910,Kristiansand
200311154,dagbladet,1910,Oslo
204591069,Samhold (Gjøvik: 1885-1920) ,1910,Gjøvik
202621801,norskkundgjoerelsestidende,1910,Oslo
200624001,fremtiden,1910,Drammen
202239760,fredrikshaldsavis,1910,
203455746,vestfoldsandefjordatten,1910,
204731970,Laagendalsposten ,1910,Kongsberg
202756605,romsdalstidende,1910,
200694066,gudbrandsdoelen,1910,Lillehammer
202944912,aftenposten,1910,Oslo
200562458,flekkefjordsposten,1910,
200454875,faedrelandsvennen,1910,Kristiansand
200623904,fremtiden,1910,Drammen
201505863,sandefjordsblad,1910,Sandefjord
201594594,sognstidend,1910,Sogndal
201556893,socialdemokraten,1910,Oslo
203916493,buskerudsblad,1910,
203854561,warensardne,1910,
202786873,skandinaven,1910,
202536054,mossaftenblad,1910,
203697668,helgeland,1910,
203302997,buskerudsamtstidendedrammen,1910,
202556314,namdalensfolkeblad,1910,
204687157,Bergensposten Fram (Bergen 1892-1893) ,1910,Bergen
200886097,kysten,1910,Oslo
200525810,finnmarksposten,1910,Nordkapp
202424306,indlandsposten,1910,
200886067,kysten,1910,Oslo
202040729,bergensannoncetidende,1910,
202521451,moldeannonceblad,1910,
204319032,gjoviksbladattenattifire,1910,
202500404,listerfarsundatten,1910,
200217337,bergenstidende,1910,Bergen
201817105,tvedestrandsposten,1910,Tvedestrand
201109450,mosstilskuer,1910,Moss
200623970,fremtiden,1910,Drammen
203485047,helgeland,1910,
200253770,bratsbergdemokraten,1910,Skien
203772985,narviktidende,1910,
203696392,buskerudsblad,1910,
200642805,gjengangeren,1910,Horten
200752860,harstadtidende,1910,Harstad
203168041,nordrebergenhusfolkeblad,1910,Kinn
202756588,romsdalstidende,1910,
204558198,Bergensposten Fram (Bergen 1892-1893) ,1910,Bergen
203411668,soloerposten,1910,
200455175,faedrelandsvennen,1910,Kristiansand
203575583,narviktidende,1910,
202181409,farsundsavis,1910,Farsund
202790739,soendmoerefolkeblad,1910,
200562545,flekkefjordsposten,1910,
201477467,romsdalsbudstikke,1910,Molde
202944740,aftenposten,1910,Oslo
203198843,stavangeraftenblad,1910,Stavanger
201833969,valdres,1910,Nord-Aurdal
200886185,kysten,1910,Oslo
201797990,trondhjemsadresseavis,1910,Trondheim
200667806,glommendalen,1910,Kongsvinger
200454971,faedrelandsvennen,1910,Kristiansand
200455109,faedrelandsvennen,1910,Kristiansand
200694039,gudbrandsdoelen,1910,Lillehammer
200811236,helgelandsblad,1910,
202500342,listerfarsundatten,1910,
202302538,grimstadposten,1910,
203153839,nordenfjeldsktidende,1910,Levanger
202452187,jarlsbergoglarviksamtstidende,1910,Larvik
202222799,folketidendetrondheimattennittien,1910,Trondheim
200601566,fredriksstadtilskuer,1910,Fredrikstad
202589625,nordlendingen,1910,
200790893,hedemarkensamtstidende,1910,Hamar
200911593,lillehammertilskuer,1910,Lillehammer
202944335,aftenposten,1910,Oslo
200790874,hedemarkensamtstidende,1910,Hamar
202541125,mossavis,1910,Moss
203020036,askerogbaerumsbudstikke,1910,Bærum
201194332,nordlandsposten,1910,Bodø
203712030,oerebladet,1910,
203386784,sarpen,1910,
202944890,aftenposten,1910,Oslo
203744845,buskerudsblad,1910,
201950736,agderposten,1910,Arendal
203873716,fjellposten,1910,
201993033,arbeidet,1910,Bergen
201600205,solungen,1910,Kongsvinger
201594554,sognstidend,1910,Sogndal
203168049,nordrebergenhusfolkeblad,1910,Kinn
200866288,kongsbergdagblad,1910,Kongsberg
200601662,fredriksstadtilskuer,1910,Fredrikstad
201797656,trondhjemsadresseavis,1910,Trondheim
200311014,dagbladet,1910,Oslo
200928344,lillesandsposten,1910,Lillesand
203198946,stavangeraftenblad,1910,Stavanger
201505921,sandefjordsblad,1910,Sandefjord
201992914,arbeidet,1910,Bergen
200044504,agderposten,1910,Arendal
202187069,finmarken,1910,Vardø
202944651,aftenposten,1910,Oslo
202050503,bodotidende,1910,Bodø
204007684,narviktidende,1910,
200525826,finnmarksposten,1910,Nordkapp
202609772,nordtroenderen,1910,
203020040,askerogbaerumsbudstikke,1910,Bærum
204318991,gjoviksbladattenattifire,1910,
200044488,agderposten,1910,Arendal
201979046,akersposten,1910,Oslo
202479118,landmandsposten,1910,
202158990,egersundsposten,1910,Eigersund
202609810,nordtroenderen,1910,
203386782,sarpen,1910,
204241598,gudbrandsdalensfolkebladgjoevik,1910,
201975046,akershuspostenlillestroemnitten,1910,Lørenskog
202642268,oplandenesavis,1910,Hamar
202642274,oplandenesavis,1910,Hamar
201781542,tromsoestiftstidende,1910,Tromsø
202495555,lindesnes,1910,Mandal
200911571,lillehammertilskuer,1910,Lillehammer
203455681,vestfoldsandefjordatten,1910,
202556309,namdalensfolkeblad,1910,
203995748,buskerudsblad,1910,
200562463,flekkefjordsposten,1910,
203463215,vossavis,1910,
203463188,vossavis,1910,
200694130,gudbrandsdoelen,1910,Lillehammer
201797758,trondhjemsadresseavis,1910,Trondheim
200454907,faedrelandsvennen,1910,Kristiansand
202642172,oplandenesavis,1910,Hamar
200311152,dagbladet,1910,Oslo
200601630,fredriksstadtilskuer,1910,Fredrikstad
202222966,folketidendetrondheimattennittien,1910,Trondheim
200886156,kysten,1910,Oslo
204493553,Hamar Stiftstidende ,1910,Hamar
201950812,agderposten,1910,Arendal
200911497,lillehammertilskuer,1910,Lillehammer
204319031,gjoviksbladattenattifire,1910,
200676465,grimstadadressetiden,1910,Grimstad
201471539,romsdalsamtstidende,1910,Kristiansund
203613948,buskerudsblad,1910,
203396191,skotfosavisnittennullen,1910,
201629251,stjordalensblad,1910,Stjørdal
202187141,finmarken,1910,Vardø
200044463,agderposten,1910,Arendal
203393455,senjensbladnittennullsju,1910,
201276411,norgessjoefartstidende,1910,Oslo
200676363,grimstadadressetiden,1910,Grimstad
200311145,dagbladet,1910,Oslo
201035893,morgenbladet,1910,Oslo
204241488,gudbrandsdalensfolkebladgjoevik,1910,
203185183,ranenstidende,1910,Hemnes
203455621,vestfoldsandefjordatten,1910,
201505951,sandefjordsblad,1910,Sandefjord
202452163,jarlsbergoglarviksamtstidende,1910,Larvik
203455714,vestfoldsandefjordatten,1910,
201775790,tromsoeposten,1910,Tromsø
202302523,grimstadposten,1910,
201671742,svelviksposten,1910,Drammen
203198750,stavangeraftenblad,1910,Stavanger
202302489,grimstadposten,1910,
202554147,namdalensblad,1910,
200358135,dagensnytt,1910,
203740080,oerebladet,1910,
204293498,vestoplaendingen,1910,
202452134,jarlsbergoglarviksamtstidende,1910,Larvik
200928323,lillesandsposten,1910,Lillesand
203386907,sarpen,1910,
203550911,narviktidende,1910,
202621931,norskkundgjoerelsestidende,1910,Oslo
203771247,helgeland,1910,
200027823,agder,1910,
200044475,agderposten,1910,Arendal
200455048,faedrelandsvennen,1910,Kristiansand
202505715,listerogmandalsamtstidendeogadresseavis,1910,Lindesnes
203433353,tvedestrandogomegnsavis,1910,
202505698,listerogmandalsamtstidendeogadresseavis,1910,Lindesnes
200253711,bratsbergdemokraten,1910,Skien
200676470,grimstadadressetiden,1910,Grimstad
203455747,vestfoldsandefjordatten,1910,
203819768,oerebladet,1910,
201993107,arbeidet,1910,Bergen
203402188,soendhordland,1910,
202944323,aftenposten,1910,Oslo
202556347,namdalensfolkeblad,1910,
202621982,norskkundgjoerelsestidende,1910,Oslo
202790747,soendmoerefolkeblad,1910,
202944575,aftenposten,1910,Oslo
201600190,solungen,1910,Kongsvinger
201594628,sognstidend,1910,Sogndal
202424201,indlandsposten,1910,
202222983,folketidendetrondheimattennittien,1910,Trondheim
201973521,akershusfolkebladdroebak,1910,Oslo
200886094,kysten,1910,Oslo
202944855,aftenposten,1910,Oslo
202023460,bergensaftenbladbergenattenattini,1910,Bergen
200454906,faedrelandsvennen,1910,Kristiansand
203117077,indheredsposten,1910,
200358162,dagensnytt,1910,
200217289,bergenstidende,1910,Bergen
203763985,aftenpostenukensnytt,1910,
201975011,akershuspostenlillestroemnitten,1910,Lørenskog
202012934,baerumogaskersblad,1910,
201035553,morgenbladet,1910,Oslo
203902890,aftenpostenukensnytt,1910,
202222822,folketidendetrondheimattennittien,1910,Trondheim
201035503,morgenbladet,1910,Oslo
202568263,nordfjord,1910,
202424227,indlandsposten,1910,
203168057,nordrebergenhusfolkeblad,1910,Kinn
204723184,Laagendalsposten ,1910,Kongsberg
201345513,osterdolen,1910,Tynset
200866324,kongsbergdagblad,1910,Kongsberg
200564456,foerstemai,1910,Stavanger
202621923,norskkundgjoerelsestidende,1910,Oslo
202944888,aftenposten,1910,Oslo
201992912,arbeidet,1910,Bergen
203483964,buskerudsblad,1910,
203716003,warensardne,1910,
200623950,fremtiden,1910,Drammen
202223014,folketidendetrondheimattennittien,1910,Trondheim
203396220,skotfosavisnittennullen,1910,
202050579,bodotidende,1910,Bodø
203402148,soendhordland,1910,
202023243,bergensaftenbladbergenattenattini,1910,Bergen
203198818,stavangeraftenblad,1910,Stavanger
204719362,Laagendalsposten ,1910,Kongsberg
200019414,aftenposten,1910,Oslo
201967748,akershus,1910,Lillestrøm
204730972,Laagendalsposten ,1910,Kongsberg
200601520,fredriksstadtilskuer,1910,Fredrikstad
201974975,akershuspostenlillestroemnitten,1910,Lørenskog
202023286,bergensaftenbladbergenattenattini,1910,Bergen
200642794,gjengangeren,1910,Horten
200624000,fremtiden,1910,Drammen
200866366,kongsbergdagblad,1910,Kongsberg
200564530,foerstemai,1910,Stavanger
200886025,kysten,1910,Oslo
200027838,agder,1910,
200866229,kongsbergdagblad,1910,Kongsberg
200564575,foerstemai,1910,Stavanger
203578256,aftenpostenukensnytt,1910,
203125212,indtrondelagen,1910,
204319091,gjoviksbladattenattifire,1910,
200601633,fredriksstadtilskuer,1910,Fredrikstad
203833932,oerebladet,1910,
200217314,bergenstidende,1910,Bergen
200564533,foerstemai,1910,Stavanger
202756584,romsdalstidende,1910,
200601578,fredriksstadtilskuer,1910,Fredrikstad
201452152,romerikesblad,1910,Lillestrøm
202944737,aftenposten,1910,Oslo
202222824,folketidendetrondheimattennittien,1910,Trondheim
202541149,mossavis,1910,Moss
202568298,nordfjord,1910,
202483316,langesundsposten,1910,
203386911,sarpen,1910,
201035286,morgenbladet,1910,Oslo
203805280,aftenpostenukensnytt,1910,
203198930,stavangeraftenblad,1910,Stavanger
200601712,fredriksstadtilskuer,1910,Fredrikstad
202424319,indlandsposten,1910,
203198796,stavangeraftenblad,1910,Stavanger
201950709,agderposten,1910,Arendal
201797824,trondhjemsadresseavis,1910,Trondheim
203683798,aftenpostenukensnytt,1910,
202222989,folketidendetrondheimattennittien,1910,Trondheim
202474894,kristiansundspostenatten,1910,
200601567,fredriksstadtilskuer,1910,Fredrikstad
201035626,morgenbladet,1910,Oslo
200525887,finnmarksposten,1910,Nordkapp
200667830,glommendalen,1910,Kongsvinger
201035457,morgenbladet,1910,Oslo
201600223,solungen,1910,Kongsvinger
202495518,lindesnes,1910,Mandal
202505823,listerogmandalsamtstidendeogadresseavis,1910,Lindesnes
202181458,farsundsavis,1910,Farsund
201950795,agderposten,1910,Arendal
204595041,Samhold (Gjøvik: 1885-1920) ,1910,Gjøvik
202222898,folketidendetrondheimattennittien,1910,Trondheim
204672216,Samhold (Gjøvik: 1885-1920) ,1910,Gjøvik
202944390,aftenposten,1910,Oslo
202556377,namdalensfolkeblad,1910,
201993052,arbeidet,1910,Bergen
202059951,breviksposten,1910,Porsgrunn
200811213,helgelandsblad,1910,
203117070,indheredsposten,1910,
204318988,gjoviksbladattenattifire,1910,
201797760,trondhjemsadresseavis,1910,Trondheim
202609745,nordtroenderen,1910,
203430374,tunsbergeren,1910,
201035549,morgenbladet,1910,Oslo
202222977,folketidendetrondheimattennittien,1910,Trondheim
200217382,bergenstidende,1910,Bergen
200217530,bergenstidende,1910,Bergen
202556346,namdalensfolkeblad,1910,
202181453,farsundsavis,1910,Farsund
202023471,bergensaftenbladbergenattenattini,1910,Bergen
201556767,socialdemokraten,1910,Oslo
201993134,arbeidet,1910,Bergen
203165883,nordrebergenhusamtstidende,1910,Kinn
202944188,aftenposten,1910,Oslo
203165807,nordrebergenhusamtstidende,1910,Kinn
200217412,bergenstidende,1910,Bergen
204412352,Hamar Stiftstidende ,1910,Hamar
201594612,sognstidend,1910,Sogndal
202944937,aftenposten,1910,Oslo
200667887,glommendalen,1910,Kongsvinger
200790871,hedemarkensamtstidende,1910,Hamar
204293484,vestoplaendingen,1910,
202944408,aftenposten,1910,Oslo
202944520,aftenposten,1910,Oslo
200455028,faedrelandsvennen,1910,Kristiansand
202222887,folketidendetrondheimattennittien,1910,Trondheim
200602344,fremover,1910,Narvik
203396257,skotfosavisnittennullen,1910,
200642829,gjengangeren,1910,Horten
201594568,sognstidend,1910,Sogndal
203430343,tunsbergeren,1910,
200831086,indresmaalenenesavis,1910,Indre Østfold
202023230,bergensaftenbladbergenattenattini,1910,Bergen
203433297,tvedestrandogomegnsavis,1910,
201035624,morgenbladet,1910,Oslo
201152816,nedenaesamtstidende,1910,Risør
201950792,agderposten,1910,Arendal
201035675,morgenbladet,1910,Oslo
201035723,morgenbladet,1910,Oslo
200562531,flekkefjordsposten,1910,
200642966,gjengangeren,1910,Horten
203396263,skotfosavisnittennullen,1910,
200667878,glommendalen,1910,Kongsvinger
201035478,morgenbladet,1910,Oslo
200642951,gjengangeren,1910,Horten
202585491,nordlandsposten,1910,Bodø
201797719,trondhjemsadresseavis,1910,Trondheim
200358148,dagensnytt,1910,
202505835,listerogmandalsamtstidendeogadresseavis,1910,Lindesnes
203185178,ranenstidende,1910,Hemnes
203430429,tunsbergeren,1910,
204660431,Bergensposten Fram (Bergen 1892-1893) ,1910,Bergen
201409748,ranenstidende,1910,Hemnes
200752874,harstadtidende,1910,Harstad
202505815,listerogmandalsamtstidendeogadresseavis,1910,Lindesnes
200358248,dagensnytt,1910,
203934995,oerebladet,1910,
200667797,glommendalen,1910,Kongsvinger
204381200,Samhold (Gjøvik: 1885-1920) ,1910,Gjøvik
203581215,narviktidende,1910,
200253781,bratsbergdemokraten,1910,Skien
201993076,arbeidet,1910,Bergen
200454944,faedrelandsvennen,1910,Kristiansand
202944769,aftenposten,1910,Oslo
200253748,bratsbergdemokraten,1910,Skien
201556935,socialdemokraten,1910,Oslo
200311193,dagbladet,1910,Oslo
201109391,mosstilskuer,1910,Moss
201276386,norgessjoefartstidende,1910,Oslo
201471486,romsdalsamtstidende,1910,Kristiansund
201993108,arbeidet,1910,Bergen
202579899,nordlandsfolkeblad,1910,
202556326,namdalensfolkeblad,1910,
203153786,nordenfjeldsktidende,1910,Levanger
201594574,sognstidend,1910,Sogndal
201798082,trondhjemsadresseavis,1910,Trondheim
202756635,romsdalstidende,1910,
203198752,stavangeraftenblad,1910,Stavanger
204293414,vestoplaendingen,1910,
203302904,buskerudsamtstidendedrammen,1910,
202944916,aftenposten,1910,Oslo
200044437,agderposten,1910,Arendal
203433390,tvedestrandogomegnsavis,1910,
204151356,fjordenestidende,1910,
202424348,indlandsposten,1910,
201109437,mosstilskuer,1910,Moss
201556971,socialdemokraten,1910,Oslo
202568321,nordfjord,1910,
201967759,akershus,1910,Lillestrøm
203153807,nordenfjeldsktidende,1910,Levanger
200886218,kysten,1910,Oslo
200217620,bergenstidende,1910,Bergen
203386845,sarpen,1910,
202452176,jarlsbergoglarviksamtstidende,1910,Larvik
202040926,bergensannoncetidende,1910,
203411616,soloerposten,1910,
201556859,socialdemokraten,1910,Oslo
202012898,baerumogaskersblad,1910,
202579988,nordlandsfolkeblad,1910,
203816307,buskerudsblad,1910,
202621878,norskkundgjoerelsestidende,1910,Oslo
203396182,skotfosavisnittennullen,1910,
202040960,bergensannoncetidende,1910,
203198901,stavangeraftenblad,1910,Stavanger
201600221,solungen,1910,Kongsvinger
204293351,vestoplaendingen,1910,
201035408,morgenbladet,1910,Oslo
201975093,akershuspostenlillestroemnitten,1910,Lørenskog
203886321,oerebladet,1910,
200790818,hedemarkensamtstidende,1910,Hamar
201975020,akershuspostenlillestroemnitten,1910,Lørenskog
201194346,nordlandsposten,1910,Bodø
203430408,tunsbergeren,1910,
201797828,trondhjemsadresseavis,1910,Trondheim
201797865,trondhjemsadresseavis,1910,Trondheim
201170414,nordkapp,1910,
202483348,langesundsposten,1910,
203168039,nordrebergenhusfolkeblad,1910,Kinn
201506023,sandefjordsblad,1910,Sandefjord
200311129,dagbladet,1910,Oslo
200217472,bergenstidende,1910,Bergen
202536111,mossaftenblad,1910,
202452050,jarlsbergoglarviksamtstidende,1910,Larvik
202541170,mossavis,1910,Moss
200866198,kongsbergdagblad,1910,Kongsberg
202589659,nordlendingen,1910,
200866379,kongsbergdagblad,1910,Kongsberg
204373594,Samhold (Gjøvik: 1885-1920) ,1910,Gjøvik
203700829,oerebladet,1910,
202944829,aftenposten,1910,Oslo
200866309,kongsbergdagblad,1910,Kongsberg
203020035,askerogbaerumsbudstikke,1910,Bærum
201316084,ofotenstidende,1910,Narvik
203411636,soloerposten,1910,
202023359,bergensaftenbladbergenattenattini,1910,Bergen
202500405,listerfarsundatten,1910,
202505800,listerogmandalsamtstidendeogadresseavis,1910,Lindesnes
201109447,mosstilskuer,1910,Moss
201471547,romsdalsamtstidende,1910,Kristiansund
202222820,folketidendetrondheimattennittien,1910,Trondheim
202040867,bergensannoncetidende,1910,
201452167,romerikesblad,1910,Lillestrøm
200217348,bergenstidende,1910,Bergen
200601640,fredriksstadtilskuer,1910,Fredrikstad
200928408,lillesandsposten,1910,Lillesand
200694118,gudbrandsdoelen,1910,Lillehammer
200311161,dagbladet,1910,Oslo
201035646,morgenbladet,1910,Oslo
201941545,vortlandosloattennitti,1910,Oslo
202424294,indlandsposten,1910,
200044453,agderposten,1910,Arendal
203125187,indtrondelagen,1910,
201967596,akershus,1910,Lillestrøm
201600255,solungen,1910,Kongsvinger
203715782,nordland,1910,
200911566,lillehammertilskuer,1910,Lillehammer
204441153,Samhold (Gjøvik: 1885-1920) ,1910,Gjøvik
202495582,lindesnes,1910,Mandal
202505806,listerogmandalsamtstidendeogadresseavis,1910,Lindesnes
202522332,more,1910,Volda
202242338,fredrikshaldstilskuer,1910,Halden
204496085,Hamar Stiftstidende ,1910,Hamar
201775775,tromsoeposten,1910,Tromsø
201505998,sandefjordsblad,1910,Sandefjord
202424204,indlandsposten,1910,
202452122,jarlsbergoglarviksamtstidende,1910,Larvik
204653033,Samhold (Gjøvik: 1885-1920) ,1910,Gjøvik
201975070,akershuspostenlillestroemnitten,1910,Lørenskog
200455161,faedrelandsvennen,1910,Kristiansand
203430331,tunsbergeren,1910,
202222993,folketidendetrondheimattennittien,1910,Trondheim
201345542,osterdolen,1910,Tynset
202521387,moldeannonceblad,1910,
203978012,aftenpostenukensnytt,1910,
202579962,nordlandsfolkeblad,1910,
203393443,senjensbladnittennullsju,1910,
200928335,lillesandsposten,1910,Lillesand
200253826,bratsbergdemokraten,1910,Skien
200602330,fremover,1910,Narvik
202474916,kristiansundspostenatten,1910,
202040710,bergensannoncetidende,1910,
201797841,trondhjemsadresseavis,1910,Trondheim
200601675,fredriksstadtilskuer,1910,Fredrikstad
203663221,lofotposten,1910,
202158965,egersundsposten,1910,Eigersund
203960376,salten,1910,
200217415,bergenstidende,1910,Bergen
203663369,aftenpostenukensnytt,1910,
202040763,bergensannoncetidende,1910,
201452106,romerikesblad,1910,Lillestrøm
202495451,lindesnes,1910,Mandal
200310932,dagbladet,1910,Oslo
202790724,soendmoerefolkeblad,1910,
202944279,aftenposten,1910,Oslo
203117114,indheredsposten,1910,
201170437,nordkapp,1910,
204721060,Laagendalsposten ,1910,Kongsberg
204718816,Laagendalsposten ,1910,Kongsberg
204601260,Bergensposten Fram (Bergen 1892-1893) ,1910,Bergen
200667877,glommendalen,1910,Kongsvinger
201797822,trondhjemsadresseavis,1910,Trondheim
200601713,fredriksstadtilskuer,1910,Fredrikstad
200886133,kysten,1910,Oslo
201316144,ofotenstidende,1910,Narvik
202786842,skandinaven,1910,
201979034,akersposten,1910,Oslo
200811228,helgelandsblad,1910,
201556845,socialdemokraten,1910,Oslo
203411662,soloerposten,1910,
203878200,helgeland,1910,
201170406,nordkapp,1910,
201506027,sandefjordsblad,1910,Sandefjord
200217425,bergenstidende,1910,Bergen
203393422,senjensbladnittennullsju,1910,
202505741,listerogmandalsamtstidendeogadresseavis,1910,Lindesnes
201345493,osterdolen,1910,Tynset
200911558,lillehammertilskuer,1910,Lillehammer
201973538,akershusfolkebladdroebak,1910,Oslo
202424280,indlandsposten,1910,
202040866,bergensannoncetidende,1910,
200217417,bergenstidende,1910,Bergen
203463196,vossavis,1910,
200027795,agder,1910,
202609750,nordtroenderen,1910,
202424230,indlandsposten,1910,
201345486,osterdolen,1910,Tynset
200601595,fredriksstadtilskuer,1910,Fredrikstad
200564527,foerstemai,1910,Stavanger
203117112,indheredsposten,1910,
202059923,breviksposten,1910,Porsgrunn
201775804,tromsoeposten,1910,Tromsø
201316180,ofotenstidende,1910,Narvik
201572937,sogningen,1910,Sogndal
200667832,glommendalen,1910,Kongsvinger
200217364,bergenstidende,1910,Bergen
201979081,akersposten,1910,Oslo
201950823,agderposten,1910,Arendal
202500343,listerfarsundatten,1910,
202222928,folketidendetrondheimattennittien,1910,Trondheim
200217636,bergenstidende,1910,Bergen
203455592,vestfoldsandefjordatten,1910,
202522347,more,1910,Volda
201276523,norgessjoefartstidende,1910,Oslo
200885998,kysten,1910,Oslo
200562479,flekkefjordsposten,1910,
202452155,jarlsbergoglarviksamtstidende,1910,Larvik
200676467,grimstadadressetiden,1910,Grimstad
202642191,oplandenesavis,1910,Hamar
202040868,bergensannoncetidende,1910,
201170412,nordkapp,1910,
200564494,foerstemai,1910,Stavanger
201452160,romerikesblad,1910,Lillestrøm
202500331,listerfarsundatten,1910,
202589637,nordlendingen,1910,
203396181,skotfosavisnittennullen,1910,
201781574,tromsoestiftstidende,1910,Tromsø
204370681,Samhold (Gjøvik: 1885-1920) ,1910,Gjøvik
200667805,glommendalen,1910,Kongsvinger
202756586,romsdalstidende,1910,
203125128,indtrondelagen,1910,
203386762,sarpen,1910,
201534656,selbyggen,1910,Selbu
202452156,jarlsbergoglarviksamtstidende,1910,Larvik
202452199,jarlsbergoglarviksamtstidende,1910,Larvik
200310959,dagbladet,1910,Oslo
200564504,foerstemai,1910,Stavanger
200310830,dagbladet,1910,Oslo
201629311,stjordalensblad,1910,Stjørdal
202786854,skandinaven,1910,
203875276,helgeland,1910,
202554087,namdalensblad,1910,
204012159,helgeland,1910,
200454886,faedrelandsvennen,1910,Kristiansand
203402154,soendhordland,1910,
201170392,nordkapp,1910,
201035678,morgenbladet,1910,Oslo
203358867,oevresmaalenene,1910,Indre Østfold
203198872,stavangeraftenblad,1910,Stavanger
201505859,sandefjordsblad,1910,Sandefjord
204319015,gjoviksbladattenattifire,1910,
204499458,Hamar Stiftstidende ,1910,Hamar
203303146,buskerudsamtstidendedrammen,1910,
200667733,glommendalen,1910,Kongsvinger
200885939,kysten,1910,Oslo
201434748,rogalandnittensju,1910,Stavanger
203396176,skotfosavisnittennullen,1910,
201035458,morgenbladet,1910,Oslo
200217369,bergenstidende,1910,Bergen
202944827,aftenposten,1910,Oslo
201817107,tvedestrandsposten,1910,Tvedestrand
202585507,nordlandsposten,1910,Bodø
202944283,aftenposten,1910,Oslo
201975107,akershuspostenlillestroemnitten,1910,Lørenskog
201594587,sognstidend,1910,Sogndal
202059957,breviksposten,1910,Porsgrunn
200311043,dagbladet,1910,Oslo
201979113,akersposten,1910,Oslo
202023339,bergensaftenbladbergenattenattini,1910,Bergen
202495590,lindesnes,1910,Mandal
202601734,nordretrondhjemsamtstidende,1910,
202040977,bergensannoncetidende,1910,
203411593,soloerposten,1910,
203117037,indheredsposten,1910,
201035608,morgenbladet,1910,Oslo
202500392,listerfarsundatten,1910,
201276493,norgessjoefartstidende,1910,Oslo
202536099,mossaftenblad,1910,
200311053,dagbladet,1910,Oslo
204318970,gjoviksbladattenattifire,1910,
200027905,agder,1910,
202222834,folketidendetrondheimattennittien,1910,Trondheim
201276321,norgessjoefartstidende,1910,Oslo
201217547,nordlys,1910,Tromsø
202944669,aftenposten,1910,Oslo
203430353,tunsbergeren,1910,
204705667,Laagendalsposten ,1910,Kongsberg
202059899,breviksposten,1910,Porsgrunn
201035920,morgenbladet,1910,Oslo
204293490,vestoplaendingen,1910,
204710575,Laagendalsposten ,1910,Kongsberg
202023506,bergensaftenbladbergenattenattini,1910,Bergen
203153827,nordenfjeldsktidende,1910,Levanger
200623944,fremtiden,1910,Drammen
202059881,breviksposten,1910,Porsgrunn
203125177,indtrondelagen,1910,
202790782,soendmoerefolkeblad,1910,
202554143,namdalensblad,1910,
202483301,langesundsposten,1910,
201434743,rogalandnittensju,1910,Stavanger
202023277,bergensaftenbladbergenattenattini,1910,Bergen
203455851,vestfoldsandefjordatten,1910,
204567390,Samhold (Gjøvik: 1885-1920) ,1910,Gjøvik
201035704,morgenbladet,1910,Oslo
201556814,socialdemokraten,1910,Oslo
202500364,listerfarsundatten,1910,
202495583,lindesnes,1910,Mandal
200642853,gjengangeren,1910,Horten
202474866,kristiansundspostenatten,1910,
202222781,folketidendetrondheimattennittien,1910,Trondheim
201600219,solungen,1910,Kongsvinger
202483322,langesundsposten,1910,
202222987,folketidendetrondheimattennittien,1910,Trondheim
203358834,oevresmaalenene,1910,Indre Østfold
204293379,vestoplaendingen,1910,
200525839,finnmarksposten,1910,Nordkapp
200885913,kysten,1910,Oslo
202944523,aftenposten,1910,Oslo
203396258,skotfosavisnittennullen,1910,
202505802,listerogmandalsamtstidendeogadresseavis,1910,Lindesnes
202944418,aftenposten,1910,Oslo
203303020,buskerudsamtstidendedrammen,1910,
204151358,fjordenestidende,1910,
201276347,norgessjoefartstidende,1910,Oslo
203019993,askerogbaerumsbudstikke,1910,Bærum
202609822,nordtroenderen,1910,
201477509,romsdalsbudstikke,1910,Molde
201560817,soendretrondhjemsamtstidende,1910,Orkdal
200562565,flekkefjordsposten,1910,
202756608,romsdalstidende,1910,
202568306,nordfjord,1910,
202621728,norskkundgjoerelsestidende,1910,Oslo
201600319,solungen,1910,Kongsvinger
201775815,tromsoeposten,1910,Tromsø
201973565,akershusfolkebladdroebak,1910,Oslo
200885997,kysten,1910,Oslo
201276442,norgessjoefartstidende,1910,Oslo
204318980,gjoviksbladattenattifire,1910,
202023373,bergensaftenbladbergenattenattini,1910,Bergen
202050578,bodotidende,1910,Bodø
203153782,nordenfjeldsktidende,1910,Levanger
200601589,fredriksstadtilskuer,1910,Fredrikstad
201163471,nordisktidende,1910,
201452133,romerikesblad,1910,Lillestrøm
202621718,norskkundgjoerelsestidende,1910,Oslo
201797752,trondhjemsadresseavis,1910,Trondheim
201152882,nedenaesamtstidende,1910,Risør
201560831,soendretrondhjemsamtstidende,1910,Orkdal
201781546,tromsoestiftstidende,1910,Tromsø
201781583,tromsoestiftstidende,1910,Tromsø
202495458,lindesnes,1910,Mandal
200310923,dagbladet,1910,Oslo
201035682,morgenbladet,1910,Oslo
202040738,bergensannoncetidende,1910,
200217312,bergenstidende,1910,Bergen
201950810,agderposten,1910,Arendal
200601679,fredriksstadtilskuer,1910,Fredrikstad
200311090,dagbladet,1910,Oslo
200311037,dagbladet,1910,Oslo
201572991,sogningen,1910,Sogndal
201973530,akershusfolkebladdroebak,1910,Oslo
200027863,agder,1910,
200642909,gjengangeren,1910,Horten
200525838,finnmarksposten,1910,Nordkapp
202452040,jarlsbergoglarviksamtstidende,1910,Larvik
200044498,agderposten,1910,Arendal
204293412,vestoplaendingen,1910,
203476160,buskerudsblad,1910,
200811195,helgelandsblad,1910,
203386811,sarpen,1910,
203168004,nordrebergenhusfolkeblad,1910,Kinn
200831060,indresmaalenenesavis,1910,Indre Østfold
200885956,kysten,1910,Oslo
202601762,nordretrondhjemsamtstidende,1910,
204721544,Laagendalsposten ,1910,Kongsberg
201556980,socialdemokraten,1910,Oslo
203198800,stavangeraftenblad,1910,Stavanger
202589635,nordlendingen,1910,
202601715,nordretrondhjemsamtstidende,1910,
203125205,indtrondelagen,1910,
203622951,helgeland,1910,
201941499,vortlandosloattennitti,1910,Oslo
202944263,aftenposten,1910,Oslo
201152870,nedenaesamtstidende,1910,Risør
202579937,nordlandsfolkeblad,1910,
200310873,dagbladet,1910,Oslo
203455600,vestfoldsandefjordatten,1910,
202609737,nordtroenderen,1910,
202040958,bergensannoncetidende,1910,
202790698,soendmoerefolkeblad,1910,
203302936,buskerudsamtstidendedrammen,1910,
203302934,buskerudsamtstidendedrammen,1910,
202222752,folketidendetrondheimattennittien,1910,Trondheim
202786837,skandinaven,1910,
201035621,morgenbladet,1910,Oslo
203118903,indherred,1910,Steinkjer
200790892,hedemarkensamtstidende,1910,Hamar
203411603,soloerposten,1910,
202536135,mossaftenblad,1910,
200311065,dagbladet,1910,Oslo
201452083,romerikesblad,1910,Lillestrøm
203504625,lofotposten,1910,
201276595,norgessjoefartstidende,1910,Oslo
200358279,dagensnytt,1910,
201629255,stjordalensblad,1910,Stjørdal
203430398,tunsbergeren,1910,
202495461,lindesnes,1910,Mandal
201035463,morgenbladet,1910,Oslo
203970691,warensardne,1910,
202505749,listerogmandalsamtstidendeogadresseavis,1910,Lindesnes
200601494,fredriksstadtilskuer,1910,Fredrikstad
203302907,buskerudsamtstidendedrammen,1910,
201560772,soendretrondhjemsamtstidende,1910,Orkdal
202609780,nordtroenderen,1910,
200623861,fremtiden,1910,Drammen
201781520,tromsoestiftstidende,1910,Tromsø
201600316,solungen,1910,Kongsvinger
203153705,nordenfjeldsktidende,1910,Levanger
203894777,lofotposten,1910,
202601683,nordretrondhjemsamtstidende,1910,
200667836,glommendalen,1910,Kongsvinger
202589610,nordlendingen,1910,
201170381,nordkapp,1910,
201941546,vortlandosloattennitti,1910,Oslo
201556948,socialdemokraten,1910,Oslo
203455744,vestfoldsandefjordatten,1910,
202944441,aftenposten,1910,Oslo
204293360,vestoplaendingen,1910,
200310947,dagbladet,1910,Oslo
202181473,farsundsavis,1910,Farsund
202536113,mossaftenblad,1910,
202944873,aftenposten,1910,Oslo
201967671,akershus,1910,Lillestrøm
200602323,fremover,1910,Narvik
202554101,namdalensblad,1910,
202050520,bodotidende,1910,Bodø
200693995,gudbrandsdoelen,1910,Lillehammer
203302843,buskerudsamtstidendedrammen,1910,
201817093,tvedestrandsposten,1910,Tvedestrand
202023414,bergensaftenbladbergenattenattini,1910,Bergen
204241539,gudbrandsdalensfolkebladgjoevik,1910,
200642832,gjengangeren,1910,Horten
202944177,aftenposten,1910,Oslo
204241485,gudbrandsdalensfolkebladgjoevik,1910,
203728756,nordland,1910,
200885979,kysten,1910,Oslo
201217606,nordlys,1910,Tromsø
202059874,breviksposten,1910,Porsgrunn
201798090,trondhjemsadresseavis,1910,Trondheim
201950776,agderposten,1910,Arendal
200911592,lillehammertilskuer,1910,Lillehammer
203863109,lofotposten,1910,
200310885,dagbladet,1910,Oslo
200564518,foerstemai,1910,Stavanger
201276451,norgessjoefartstidende,1910,Oslo
200911526,lillehammertilskuer,1910,Lillehammer
203118908,indherred,1910,Steinkjer
202222885,folketidendetrondheimattennittien,1910,Trondheim
200601560,fredriksstadtilskuer,1910,Fredrikstad
203302887,buskerudsamtstidendedrammen,1910,
203198769,stavangeraftenblad,1910,Stavanger
203511279,oerebladet,1910,
202541106,mossavis,1910,Moss
203433313,tvedestrandogomegnsavis,1910,
203476161,buskerudsblad,1910,
200027786,agder,1910,
200866376,kongsbergdagblad,1910,Kongsberg
201797737,trondhjemsadresseavis,1910,Trondheim
201471483,romsdalsamtstidende,1910,Kristiansund
201505900,sandefjordsblad,1910,Sandefjord
200676377,grimstadadressetiden,1910,Grimstad
200831008,indresmaalenenesavis,1910,Indre Østfold
201979120,akersposten,1910,Oslo
200831044,indresmaalenenesavis,1910,Indre Østfold
203386819,sarpen,1910,
201309852,oeieren,1910,
200886009,kysten,1910,Oslo
201798033,trondhjemsadresseavis,1910,Trondheim
202609757,nordtroenderen,1910,
200694092,gudbrandsdoelen,1910,Lillehammer
200455025,faedrelandsvennen,1910,Kristiansand
201035811,morgenbladet,1910,Oslo
202239770,fredrikshaldsavis,1910,
200436768,dunderlandsdoelen,1910,Rana
200358234,dagensnytt,1910,
200866373,kongsbergdagblad,1910,Kongsberg
203455568,vestfoldsandefjordatten,1910,
202452017,jarlsbergoglarviksamtstidende,1910,Larvik
203593432,oerebladet,1910,
204548959,Samhold (Gjøvik: 1885-1920) ,1910,Gjøvik
200217446,bergenstidende,1910,Bergen
201477511,romsdalsbudstikke,1910,Molde
203743507,narviktidende,1910,
202505820,listerogmandalsamtstidendeogadresseavis,1910,Lindesnes
200601631,fredriksstadtilskuer,1910,Fredrikstad
202474825,kristiansundspostenatten,1910,
202410672,hordalandfolkeblad,1910,Kvam
200667844,glommendalen,1910,Kongsvinger
202023381,bergensaftenbladbergenattenattini,1910,Bergen
202609727,nordtroenderen,1910,
204429434,Samhold (Gjøvik: 1885-1920) ,1910,Gjøvik
201035438,morgenbladet,1910,Oslo
200623879,fremtiden,1910,Drammen
203117074,indheredsposten,1910,
200623883,fremtiden,1910,Drammen
201993032,arbeidet,1910,Bergen
203165801,nordrebergenhusamtstidende,1910,Kinn
201797675,trondhjemsadresseavis,1910,Trondheim
201309815,oeieren,1910,
203836425,nordland,1910,
200831093,indresmaalenenesavis,1910,Indre Østfold
201798103,trondhjemsadresseavis,1910,Trondheim
202505736,listerogmandalsamtstidendeogadresseavis,1910,Lindesnes
202050513,bodotidende,1910,Bodø
200676416,grimstadadressetiden,1910,Grimstad
200602342,fremover,1910,Narvik
201833917,valdres,1910,Nord-Aurdal
203433387,tvedestrandogomegnsavis,1910,
204017494,buskerudsblad,1910,
202158961,egersundsposten,1910,Eigersund
200911570,lillehammertilskuer,1910,Lillehammer
202495534,lindesnes,1910,Mandal
202452160,jarlsbergoglarviksamtstidende,1910,Larvik
203302996,buskerudsamtstidendedrammen,1910,
200667883,glommendalen,1910,Kongsvinger
201992913,arbeidet,1910,Bergen
204379284,unglyden ,1910,Voss
200562529,flekkefjordsposten,1910,
202187093,finmarken,1910,Vardø
202040773,bergensannoncetidende,1910,
200623908,fremtiden,1910,Drammen
201572934,sogningen,1910,Sogndal
200525845,finnmarksposten,1910,Nordkapp
201941506,vortlandosloattennitti,1910,Oslo
204380997,unglyden ,1910,Voss
203455583,vestfoldsandefjordatten,1910,
203597757,helgeland,1910,
202579940,nordlandsfolkeblad,1910,
201833961,valdres,1910,Nord-Aurdal
203850887,aftenpostenukensnytt,1910,
201109367,mosstilskuer,1910,Moss
202944415,aftenposten,1910,Oslo
202556345,namdalensfolkeblad,1910,
201505840,sandefjordsblad,1910,Sandefjord
201797950,trondhjemsadresseavis,1910,Trondheim
201035467,morgenbladet,1910,Oslo
200886120,kysten,1910,Oslo
202944774,aftenposten,1910,Oslo
200928356,lillesandsposten,1910,Lillesand
204672713,Samhold (Gjøvik: 1885-1920) ,1910,Gjøvik
203198953,stavangeraftenblad,1910,Stavanger
200562555,flekkefjordsposten,1910,
202621907,norskkundgjoerelsestidende,1910,Oslo
203951405,lofotposten,1910,
203455591,vestfoldsandefjordatten,1910,
200623977,fremtiden,1910,Drammen
203198814,stavangeraftenblad,1910,Stavanger
202944704,aftenposten,1910,Oslo
200676403,grimstadadressetiden,1910,Grimstad
200311137,dagbladet,1910,Oslo
200454993,faedrelandsvennen,1910,Kristiansand
201979112,akersposten,1910,Oslo
203396195,skotfosavisnittennullen,1910,
200601747,fredriksstadtilskuer,1910,Fredrikstad
200217501,bergenstidende,1910,Bergen
200044375,agderposten,1910,Arendal
202452086,jarlsbergoglarviksamtstidende,1910,Larvik
201194334,nordlandsposten,1910,Bodø
203402149,soendhordland,1910,
204293411,vestoplaendingen,1910,
202944708,aftenposten,1910,Oslo
202541210,mossavis,1910,Moss
201035618,morgenbladet,1910,Oslo
200601549,fredriksstadtilskuer,1910,Fredrikstad
202040795,bergensannoncetidende,1910,
200217532,bergenstidende,1910,Bergen
203358879,oevresmaalenene,1910,Indre Østfold
201817086,tvedestrandsposten,1910,Tvedestrand
203303137,buskerudsamtstidendedrammen,1910,
200310852,dagbladet,1910,Oslo
204028342,nordland,1910,
204658487,Samhold (Gjøvik: 1885-1920) ,1910,Gjøvik
200831071,indresmaalenenesavis,1910,Indre Østfold
202944426,aftenposten,1910,Oslo
201035774,morgenbladet,1910,Oslo
203153703,nordenfjeldsktidende,1910,Levanger
203396234,skotfosavisnittennullen,1910,
202474836,kristiansundspostenatten,1910,
201967624,akershus,1910,Lillestrøm
200358243,dagensnytt,1910,
204241587,gudbrandsdalensfolkebladgjoevik,1910,
203117065,indheredsposten,1910,
204560855,Bergensposten Fram (Bergen 1892-1893) ,1910,Bergen
201993054,arbeidet,1910,Bergen
203433397,tvedestrandogomegnsavis,1910,
201035691,morgenbladet,1910,Oslo
204151332,fjordenestidende,1910,
201035640,morgenbladet,1910,Oslo
202944947,aftenposten,1910,Oslo
202756575,romsdalstidende,1910,
203455713,vestfoldsandefjordatten,1910,
202554061,namdalensblad,1910,
200911511,lillehammertilskuer,1910,Lillehammer
201992974,arbeidet,1910,Bergen
200454961,faedrelandsvennen,1910,Kristiansand
201572959,sogningen,1910,Sogndal
201152838,nedenaesamtstidende,1910,Risør
201035604,morgenbladet,1910,Oslo
201797947,trondhjemsadresseavis,1910,Trondheim
200311038,dagbladet,1910,Oslo
203970251,narviktidende,1910,
204653574,Hamar Stiftstidende ,1910,Hamar
200253755,bratsbergdemokraten,1910,Skien
203583732,aftenpostenukensnytt,1910,
200667747,glommendalen,1910,Kongsvinger
201594561,sognstidend,1910,Sogndal
201276589,norgessjoefartstidende,1910,Oslo
200790850,hedemarkensamtstidende,1910,Hamar
200694087,gudbrandsdoelen,1910,Lillehammer
201035848,morgenbladet,1910,Oslo
201556857,socialdemokraten,1910,Oslo
203776100,salten,1910,
200885915,kysten,1910,Oslo
204151379,fjordenestidende,1910,
201967714,akershus,1910,Lillestrøm
201505967,sandefjordsblad,1910,Sandefjord
200027909,agder,1910,
200601742,fredriksstadtilskuer,1910,Fredrikstad
202158933,egersundsposten,1910,Eigersund
201309855,oeieren,1910,
203988247,aftenpostenukensnytt,1910,
200358175,dagensnytt,1910,
201170389,nordkapp,1910,
203396188,skotfosavisnittennullen,1910,
201194381,nordlandsposten,1910,Bodø
204054738,helgeland,1910,
202505792,listerogmandalsamtstidendeogadresseavis,1910,Lindesnes
203020054,askerogbaerumsbudstikke,1910,Bærum
200310997,dagbladet,1910,Oslo
201967725,akershus,1910,Lillestrøm
202410710,hordalandfolkeblad,1910,Kvam
202521384,moldeannonceblad,1910,
200454955,faedrelandsvennen,1910,Kristiansand
203358828,oevresmaalenene,1910,Indre Østfold
201993168,arbeidet,1910,Bergen
200455121,faedrelandsvennen,1910,Kristiansand
201798016,trondhjemsadresseavis,1910,Trondheim
203303119,buskerudsamtstidendedrammen,1910,
200217518,bergenstidende,1910,Bergen
201600265,solungen,1910,Kongsvinger
202568289,nordfjord,1910,
200455142,faedrelandsvennen,1910,Kristiansand
201992969,arbeidet,1910,Bergen
202944479,aftenposten,1910,Oslo
200253842,bratsbergdemokraten,1910,Skien
202556353,namdalensfolkeblad,1910,
202158975,egersundsposten,1910,Eigersund
201556896,socialdemokraten,1910,Oslo
200310973,dagbladet,1910,Oslo
202944563,aftenposten,1910,Oslo
201035701,morgenbladet,1910,Oslo
201556933,socialdemokraten,1910,Oslo
202944732,aftenposten,1910,Oslo
202554086,namdalensblad,1910,
201556954,socialdemokraten,1910,Oslo
201967753,akershus,1910,Lillestrøm
202479216,landmandsposten,1910,
204668780,Samhold (Gjøvik: 1885-1920) ,1910,Gjøvik
200866260,kongsbergdagblad,1910,Kongsberg
202568228,nordfjord,1910,
202621730,norskkundgjoerelsestidende,1910,Oslo
200455107,faedrelandsvennen,1910,Kristiansand
202222932,folketidendetrondheimattennittien,1910,Trondheim
201345492,osterdolen,1910,Tynset
204513951,Samhold (Gjøvik: 1885-1920) ,1910,Gjøvik
201276526,norgessjoefartstidende,1910,Oslo
202059958,breviksposten,1910,Porsgrunn
202479229,landmandsposten,1910,
202944484,aftenposten,1910,Oslo
203020023,askerogbaerumsbudstikke,1910,Bærum
203168019,nordrebergenhusfolkeblad,1910,Kinn
201556881,socialdemokraten,1910,Oslo
203455648,vestfoldsandefjordatten,1910,
200831120,indresmaalenenesavis,1910,Indre Østfold
201992855,arbeidet,1910,Bergen
201600202,solungen,1910,Kongsvinger
203302957,buskerudsamtstidendedrammen,1910,
203125209,indtrondelagen,1910,
202483340,langesundsposten,1910,
200310895,dagbladet,1910,Oslo
200694017,gudbrandsdoelen,1910,Lillehammer
200454928,faedrelandsvennen,1910,Kristiansand
200311094,dagbladet,1910,Oslo
203165820,nordrebergenhusamtstidende,1910,Kinn
202040697,bergensannoncetidende,1910,
200601489,fredriksstadtilskuer,1910,Fredrikstad
200601462,fredriksstadtilskuer,1910,Fredrikstad
202786893,skandinaven,1910,
202158966,egersundsposten,1910,Eigersund
201109415,mosstilskuer,1910,Moss
201556882,socialdemokraten,1910,Oslo
200311033,dagbladet,1910,Oslo
203866856,aftenpostenukensnytt,1910,
200642892,gjengangeren,1910,Horten
203763907,oerebladet,1910,
201797936,trondhjemsadresseavis,1910,Trondheim
203411634,soloerposten,1910,
203793432,oerebladet,1910,
200311015,dagbladet,1910,Oslo
201035396,morgenbladet,1910,Oslo
202521376,moldeannonceblad,1910,
200358223,dagensnytt,1910,
200358204,dagensnytt,1910,
200310979,dagbladet,1910,Oslo
204506281,Samhold (Gjøvik: 1885-1920) ,1910,Gjøvik
204014009,salten,1910,
201671728,svelviksposten,1910,Drammen
203896135,oerebladet,1910,
202040786,bergensannoncetidende,1910,
200027902,agder,1910,
202585486,nordlandsposten,1910,Bodø
204714114,Laagendalsposten ,1910,Kongsberg
203386795,sarpen,1910,
200667825,glommendalen,1910,Kongsvinger
204739011,Laagendalsposten ,1910,Kongsberg
200044476,agderposten,1910,Arendal
200694127,gudbrandsdoelen,1910,Lillehammer
202023452,bergensaftenbladbergenattenattini,1910,Bergen
200311086,dagbladet,1910,Oslo
202474861,kristiansundspostenatten,1910,
201993039,arbeidet,1910,Bergen
203358771,oevresmaalenene,1910,Indre Østfold
201345519,osterdolen,1910,Tynset
203386805,sarpen,1910,
202944352,aftenposten,1910,Oslo
202541090,mossavis,1910,Moss
204518755,Samhold (Gjøvik: 1885-1920) ,1910,Gjøvik
202554069,namdalensblad,1910,
201973554,akershusfolkebladdroebak,1910,Oslo
201345583,osterdolen,1910,Tynset
201170408,nordkapp,1910,
200694060,gudbrandsdoelen,1910,Lillehammer
200642800,gjengangeren,1910,Horten
202059998,breviksposten,1910,Porsgrunn
200564555,foerstemai,1910,Stavanger
203198751,stavangeraftenblad,1910,Stavanger
201973558,akershusfolkebladdroebak,1910,Oslo
201600267,solungen,1910,Kongsvinger
200831145,indresmaalenenesavis,1910,Indre Østfold
201797797,trondhjemsadresseavis,1910,Trondheim
202541073,mossavis,1910,Moss
201556880,socialdemokraten,1910,Oslo
202944346,aftenposten,1910,Oslo
201035730,morgenbladet,1910,Oslo
203168037,nordrebergenhusfolkeblad,1910,Kinn
202609814,nordtroenderen,1910,
202222938,folketidendetrondheimattennittien,1910,Trondheim
202023400,bergensaftenbladbergenattenattini,1910,Bergen
200455164,faedrelandsvennen,1910,Kristiansand
204002641,buskerudsblad,1910,
201109462,mosstilskuer,1910,Moss
200525824,finnmarksposten,1910,Nordkapp
200310848,dagbladet,1910,Oslo
202944505,aftenposten,1910,Oslo
200217329,bergenstidende,1910,Bergen
202944487,aftenposten,1910,Oslo
200454952,faedrelandsvennen,1910,Kristiansand
202756572,romsdalstidende,1910,
200866123,kongsbergdagblad,1910,Kongsberg
201035270,morgenbladet,1910,Oslo
203358838,oevresmaalenene,1910,Indre Østfold
200027896,agder,1910,
203117075,indheredsposten,1910,
202621742,norskkundgjoerelsestidende,1910,Oslo
201992931,arbeidet,1910,Bergen
201979114,akersposten,1910,Oslo
203504429,oerebladet,1910,
203302869,buskerudsamtstidendedrammen,1910,
203651900,salten,1910,
202541182,mossavis,1910,Moss
201950805,agderposten,1910,Arendal
201035441,morgenbladet,1910,Oslo
202585508,nordlandsposten,1910,Bodø
201797912,trondhjemsadresseavis,1910,Trondheim
203566749,lofotposten,1910,
202944245,aftenposten,1910,Oslo
202057332,breidablik,1910,
201170465,nordkapp,1910,
203970520,fjellposten,1910,
201629280,stjordalensblad,1910,Stjørdal
201109359,mosstilskuer,1910,Moss
203167981,nordrebergenhusfolkeblad,1910,Kinn
200454951,faedrelandsvennen,1910,Kristiansand
202023328,bergensaftenbladbergenattenattini,1910,Bergen
202023461,bergensaftenbladbergenattenattini,1910,Bergen
200027852,agder,1910,
202479230,landmandsposten,1910,
204008031,oerebladet,1910,
200886085,kysten,1910,Oslo
203430334,tunsbergeren,1910,
202474822,kristiansundspostenatten,1910,
201309885,oeieren,1910,
200886145,kysten,1910,Oslo
202609826,nordtroenderen,1910,
204720604,Laagendalsposten ,1910,Kongsberg
202585504,nordlandsposten,1910,Bodø
202609707,nordtroenderen,1910,
203433340,tvedestrandogomegnsavis,1910,
203908307,aftenpostenukensnytt,1910,
201035599,morgenbladet,1910,Oslo
202452124,jarlsbergoglarviksamtstidende,1910,Larvik
201833990,valdres,1910,Nord-Aurdal
202944497,aftenposten,1910,Oslo
200217411,bergenstidende,1910,Bergen
201557015,socialdemokraten,1910,Oslo
200601473,fredriksstadtilskuer,1910,Fredrikstad
204025717,buskerudsblad,1910,
201594622,sognstidend,1910,Sogndal
200562506,flekkefjordsposten,1910,
204404787,Samhold (Gjøvik: 1885-1920) ,1910,Gjøvik
200623886,fremtiden,1910,Drammen
200454917,faedrelandsvennen,1910,Kristiansand
202040881,bergensannoncetidende,1910,
203745209,narviktidende,1910,
201797690,trondhjemsadresseavis,1910,Trondheim
202410614,hordalandfolkeblad,1910,Kvam
202944881,aftenposten,1910,Oslo
202505785,listerogmandalsamtstidendeogadresseavis,1910,Lindesnes
202023507,bergensaftenbladbergenattenattini,1910,Bergen
202222871,folketidendetrondheimattennittien,1910,Trondheim
202522328,more,1910,Volda
200601642,fredriksstadtilskuer,1910,Fredrikstad
200027787,agder,1910,
201775748,tromsoeposten,1910,Tromsø
202483373,langesundsposten,1910,
202944171,aftenposten,1910,Oslo
202609796,nordtroenderen,1910,
201505993,sandefjordsblad,1910,Sandefjord
201941511,vortlandosloattennitti,1910,Oslo
203433376,tvedestrandogomegnsavis,1910,
203673682,buskerudsblad,1910,
203455737,vestfoldsandefjordatten,1910,
203198919,stavangeraftenblad,1910,Stavanger
202621868,norskkundgjoerelsestidende,1910,Oslo
201109452,mosstilskuer,1910,Moss
204551941,Samhold (Gjøvik: 1885-1920) ,1910,Gjøvik
200217384,bergenstidende,1910,Bergen
201471591,romsdalsamtstidende,1910,Kristiansund
202522304,more,1910,Volda
200642872,gjengangeren,1910,Horten
202944314,aftenposten,1910,Oslo
203020053,askerogbaerumsbudstikke,1910,Bærum
203433312,tvedestrandogomegnsavis,1910,
204485046,Bergensposten Fram (Bergen 1892-1893) ,1910,Bergen
204706177,Laagendalsposten ,1910,Kongsberg
200928312,lillesandsposten,1910,Lillesand
200642860,gjengangeren,1910,Horten
202500389,listerfarsundatten,1910,
203198895,stavangeraftenblad,1910,Stavanger
200790915,hedemarkensamtstidende,1910,Hamar
201556943,socialdemokraten,1910,Oslo
203125160,indtrondelagen,1910,
200217370,bergenstidende,1910,Bergen
203302986,buskerudsamtstidendedrammen,1910,
201163472,nordisktidende,1910,
203411688,soloerposten,1910,
200564495,foerstemai,1910,Stavanger
203546196,nordland,1910,
201035917,morgenbladet,1910,Oslo
200562509,flekkefjordsposten,1910,
202790720,soendmoerefolkeblad,1910,
201309866,oeieren,1910,
200811160,helgelandsblad,1910,
203455702,vestfoldsandefjordatten,1910,
203695649,lofotposten,1910,
203455672,vestfoldsandefjordatten,1910,
204471339,Samhold (Gjøvik: 1885-1920) ,1910,Gjøvik
202536042,mossaftenblad,1910,
203358855,oevresmaalenene,1910,Indre Østfold
200044471,agderposten,1910,Arendal
201477497,romsdalsbudstikke,1910,Molde
202609717,nordtroenderen,1910,
201276524,norgessjoefartstidende,1910,Oslo
200562476,flekkefjordsposten,1910,
202541131,mossavis,1910,Moss
200866094,kongsbergdagblad,1910,Kongsberg
201170405,nordkapp,1910,
202040717,bergensannoncetidende,1910,
201950819,agderposten,1910,Arendal
202040869,bergensannoncetidende,1910,
201471460,romsdalsamtstidende,1910,Kristiansund
202059934,breviksposten,1910,Porsgrunn
202568247,nordfjord,1910,
201556755,socialdemokraten,1910,Oslo
200027860,agder,1910,
201276500,norgessjoefartstidende,1910,Oslo
204293433,vestoplaendingen,1910,
201798055,trondhjemsadresseavis,1910,Trondheim
202242381,fredrikshaldstilskuer,1910,Halden
202474902,kristiansundspostenatten,1910,
202756646,romsdalstidende,1910,
200601736,fredriksstadtilskuer,1910,Fredrikstad
200911565,lillehammertilskuer,1910,Lillehammer
201035399,morgenbladet,1910,Oslo
200886041,kysten,1910,Oslo
202944471,aftenposten,1910,Oslo
200642795,gjengangeren,1910,Horten
200217383,bergenstidende,1910,Bergen
201797710,trondhjemsadresseavis,1910,Trondheim
202944775,aftenposten,1910,Oslo
203153796,nordenfjeldsktidende,1910,Levanger
200886121,kysten,1910,Oslo
201035350,morgenbladet,1910,Oslo
204241583,gudbrandsdalensfolkebladgjoevik,1910,
201035477,morgenbladet,1910,Oslo
204696240,Samhold (Gjøvik: 1885-1920) ,1910,Gjøvik
203153775,nordenfjeldsktidende,1910,Levanger
202609817,nordtroenderen,1910,
200358235,dagensnytt,1910,
202536114,mossaftenblad,1910,
203433364,tvedestrandogomegnsavis,1910,
200217421,bergenstidende,1910,Bergen
203303009,buskerudsamtstidendedrammen,1910,
200886082,kysten,1910,Oslo
203303052,buskerudsamtstidendedrammen,1910,
203165839,nordrebergenhusamtstidende,1910,Kinn
203455853,vestfoldsandefjordatten,1910,
203153803,nordenfjeldsktidende,1910,Levanger
200752805,harstadtidende,1910,Harstad
202452005,jarlsbergoglarviksamtstidende,1910,Larvik
202040963,bergensannoncetidende,1910,
202944243,aftenposten,1910,Oslo
202505695,listerogmandalsamtstidendeogadresseavis,1910,Lindesnes
201276330,norgessjoefartstidende,1910,Oslo
203386869,sarpen,1910,
202222782,folketidendetrondheimattennittien,1910,Trondheim
202059898,breviksposten,1910,Porsgrunn
202642201,oplandenesavis,1910,Hamar
200866371,kongsbergdagblad,1910,Kongsberg
203303018,buskerudsamtstidendedrammen,1910,
204241533,gudbrandsdalensfolkebladgjoevik,1910,
204385723,unglyden ,1910,Voss
200027908,agder,1910,
201152856,nedenaesamtstidende,1910,Risør
203199012,stavangeraftenblad,1910,Stavanger
203198806,stavangeraftenblad,1910,Stavanger
202424228,indlandsposten,1910,
200217667,bergenstidende,1910,Bergen
202642202,oplandenesavis,1910,Hamar
202479146,landmandsposten,1910,
200676365,grimstadadressetiden,1910,Grimstad
200217535,bergenstidende,1910,Bergen
202410676,hordalandfolkeblad,1910,Kvam
204423015,Samhold (Gjøvik: 1885-1920) ,1910,Gjøvik
202474882,kristiansundspostenatten,1910,
202452056,jarlsbergoglarviksamtstidende,1910,Larvik
202302443,grimstadposten,1910,
200928315,lillesandsposten,1910,Lillesand
201950739,agderposten,1910,Arendal
203153779,nordenfjeldsktidende,1910,Levanger
203533122,oerebladet,1910,
201276546,norgessjoefartstidende,1910,Oslo
201035445,morgenbladet,1910,Oslo
201035681,morgenbladet,1910,Oslo
202541148,mossavis,1910,Moss
201556761,socialdemokraten,1910,Oslo
201035838,morgenbladet,1910,Oslo
204293497,vestoplaendingen,1910,
202944430,aftenposten,1910,Oslo
201035308,morgenbladet,1910,Oslo
200831026,indresmaalenenesavis,1910,Indre Østfold
202023455,bergensaftenbladbergenattenattini,1910,Bergen
201993111,arbeidet,1910,Bergen
200027916,agder,1910,
203894778,lofotposten,1910,
201560793,soendretrondhjemsamtstidende,1910,Orkdal
201556847,socialdemokraten,1910,Oslo
202059920,breviksposten,1910,Porsgrunn
203455562,vestfoldsandefjordatten,1910,
201477513,romsdalsbudstikke,1910,Molde
203125258,indtrondelagen,1910,
202609832,nordtroenderen,1910,
202410615,hordalandfolkeblad,1910,Kvam
202410696,hordalandfolkeblad,1910,Kvam
201797855,trondhjemsadresseavis,1910,Trondheim
201434740,rogalandnittensju,1910,Stavanger
201035544,morgenbladet,1910,Oslo
202554139,namdalensblad,1910,
200601608,fredriksstadtilskuer,1910,Fredrikstad
200790862,hedemarkensamtstidende,1910,Hamar
204521757,Samhold (Gjøvik: 1885-1920) ,1910,Gjøvik
201817092,tvedestrandsposten,1910,Tvedestrand
200311143,dagbladet,1910,Oslo
202944781,aftenposten,1910,Oslo
201556812,socialdemokraten,1910,Oslo
200911502,lillehammertilskuer,1910,Lillehammer
202242356,fredrikshaldstilskuer,1910,Halden
201797880,trondhjemsadresseavis,1910,Trondheim
200831041,indresmaalenenesavis,1910,Indre Østfold
201505933,sandefjordsblad,1910,Sandefjord
204353978,Samhold (Gjøvik: 1885-1920) ,1910,Gjøvik
200911589,lillehammertilskuer,1910,Lillehammer
203396190,skotfosavisnittennullen,1910,
202505693,listerogmandalsamtstidendeogadresseavis,1910,Lindesnes
203386804,sarpen,1910,
203198856,stavangeraftenblad,1910,Stavanger
200311096,dagbladet,1910,Oslo
202495515,lindesnes,1910,Mandal
202944753,aftenposten,1910,Oslo
200911483,lillehammertilskuer,1910,Lillehammer
202495572,lindesnes,1910,Mandal
202159004,egersundsposten,1910,Eigersund
201170450,nordkapp,1910,
202621679,norskkundgjoerelsestidende,1910,Oslo
200831062,indresmaalenenesavis,1910,Indre Østfold
201505858,sandefjordsblad,1910,Sandefjord
201345564,osterdolen,1910,Tynset
204675158,Samhold (Gjøvik: 1885-1920) ,1910,Gjøvik
200911560,lillehammertilskuer,1910,Lillehammer
203402144,soendhordland,1910,
202023223,bergensaftenbladbergenattenattini,1910,Bergen
201556966,socialdemokraten,1910,Oslo
203125260,indtrondelagen,1910,
201600178,solungen,1910,Kongsvinger
200623946,fremtiden,1910,Drammen
203850629,buskerudsblad,1910,
200886095,kysten,1910,Oslo
203386836,sarpen,1910,
200694014,gudbrandsdoelen,1910,Lillehammer
201035628,morgenbladet,1910,Oslo
201629235,stjordalensblad,1910,Stjørdal
202239736,fredrikshaldsavis,1910,
202474849,kristiansundspostenatten,1910,
201975117,akershuspostenlillestroemnitten,1910,Lørenskog
202452096,jarlsbergoglarviksamtstidende,1910,Larvik
201975022,akershuspostenlillestroemnitten,1910,Lørenskog
202181374,farsundsavis,1910,Farsund
200752869,harstadtidende,1910,Harstad
201309827,oeieren,1910,
200928386,lillesandsposten,1910,Lillesand
200886217,kysten,1910,Oslo
203020032,askerogbaerumsbudstikke,1910,Bærum
204052699,warensardne,1910,
204667752,Samhold (Gjøvik: 1885-1920) ,1910,Gjøvik
200562519,flekkefjordsposten,1910,
202568299,nordfjord,1910,
202500357,listerfarsundatten,1910,
200676491,grimstadadressetiden,1910,Grimstad
202585478,nordlandsposten,1910,Bodø
200667800,glommendalen,1910,Kongsvinger
204526768,Samhold (Gjøvik: 1885-1920) ,1910,Gjøvik
203873371,buskerudsblad,1910,
203358794,oevresmaalenene,1910,Indre Østfold
202621709,norskkundgjoerelsestidende,1910,Oslo
200866249,kongsbergdagblad,1910,Kongsberg
201781563,tromsoestiftstidende,1910,Tromsø
201798012,trondhjemsadresseavis,1910,Trondheim
202410712,hordalandfolkeblad,1910,Kvam
201572925,sogningen,1910,Sogndal
202181428,farsundsavis,1910,Farsund
201594626,sognstidend,1910,Sogndal
202302483,grimstadposten,1910,
203484849,buskerudsblad,1910,
203303025,buskerudsamtstidendedrammen,1910,
203358783,oevresmaalenene,1910,Indre Østfold
204400418,Samhold (Gjøvik: 1885-1920) ,1910,Gjøvik
202222994,folketidendetrondheimattennittien,1910,Trondheim
203455827,vestfoldsandefjordatten,1910,
203165836,nordrebergenhusamtstidende,1910,Kinn
201817077,tvedestrandsposten,1910,Tvedestrand
200790913,hedemarkensamtstidende,1910,Hamar
202621830,norskkundgjoerelsestidende,1910,Oslo
200455090,faedrelandsvennen,1910,Kristiansand
202500396,listerfarsundatten,1910,
203463193,vossavis,1910,
203920486,aftenpostenukensnytt,1910,
201316111,ofotenstidende,1910,Narvik
203561806,warensardne,1910,
200602352,fremover,1910,Narvik
201170397,nordkapp,1910,
202944643,aftenposten,1910,Oslo
203019970,askerogbaerumsbudstikke,1910,Bærum
201309895,oeieren,1910,
201452162,romerikesblad,1910,Lillestrøm
200562467,flekkefjordsposten,1910,
202479116,landmandsposten,1910,
202424308,indlandsposten,1910,
203878993,fjellposten,1910,
203777544,aftenpostenukensnytt,1910,
202944435,aftenposten,1910,Oslo
201316168,ofotenstidende,1910,Narvik
202568248,nordfjord,1910,
200217481,bergenstidende,1910,Bergen
200564476,foerstemai,1910,Stavanger
200253790,bratsbergdemokraten,1910,Skien
200642824,gjengangeren,1910,Horten
202500310,listerfarsundatten,1910,
202223004,folketidendetrondheimattennittien,1910,Trondheim
200455132,faedrelandsvennen,1910,Kristiansand
201276519,norgessjoefartstidende,1910,Oslo
201163457,nordisktidende,1910,
202474889,kristiansundspostenatten,1910,
201505854,sandefjordsblad,1910,Sandefjord
204656404,Samhold (Gjøvik: 1885-1920) ,1910,Gjøvik
201035550,morgenbladet,1910,Oslo
201506009,sandefjordsblad,1910,Sandefjord
202040902,bergensannoncetidende,1910,
202474911,kristiansundspostenatten,1910,
203303105,buskerudsamtstidendedrammen,1910,
202621772,norskkundgjoerelsestidende,1910,Oslo
201560840,soendretrondhjemsamtstidende,1910,Orkdal
200562578,flekkefjordsposten,1910,
203430440,tunsbergeren,1910,
202222750,folketidendetrondheimattennittien,1910,Trondheim
202302529,grimstadposten,1910,
203544449,aftenpostenukensnytt,1910,
204522871,Samhold (Gjøvik: 1885-1920) ,1910,Gjøvik
203386876,sarpen,1910,
203358862,oevresmaalenene,1910,Indre Østfold
200928373,lillesandsposten,1910,Lillesand
204241615,gudbrandsdalensfolkebladgjoevik,1910,
202536068,mossaftenblad,1910,
201345605,osterdolen,1910,Tynset
202944837,aftenposten,1910,Oslo
203411653,soloerposten,1910,
203167985,nordrebergenhusfolkeblad,1910,Kinn
203809064,helgeland,1910,
204729070,Laagendalsposten ,1910,Kongsberg
202474852,kristiansundspostenatten,1910,
203198954,stavangeraftenblad,1910,Stavanger
203198847,stavangeraftenblad,1910,Stavanger
200642902,gjengangeren,1910,Horten
203302946,buskerudsamtstidendedrammen,1910,
201833951,valdres,1910,Nord-Aurdal
200455119,faedrelandsvennen,1910,Kristiansand
202410630,hordalandfolkeblad,1910,Kvam
200253736,bratsbergdemokraten,1910,Skien
200601715,fredriksstadtilskuer,1910,Fredrikstad
203430391,tunsbergeren,1910,
203455686,vestfoldsandefjordatten,1910,
202579990,nordlandsfolkeblad,1910,
203463194,vossavis,1910,
203117024,indheredsposten,1910,
203737843,oerebladet,1910,
201035271,morgenbladet,1910,Oslo
202023497,bergensaftenbladbergenattenattini,1910,Bergen
204293378,vestoplaendingen,1910,
204293376,vestoplaendingen,1910,
200602395,fremover,1910,Narvik
200253743,bratsbergdemokraten,1910,Skien
201316097,ofotenstidende,1910,Narvik
203396185,skotfosavisnittennullen,1910,
200310843,dagbladet,1910,Oslo
202944230,aftenposten,1910,Oslo
203393454,senjensbladnittennullsju,1910,
201560851,soendretrondhjemsamtstidende,1910,Orkdal
200564547,foerstemai,1910,Stavanger
202521456,moldeannonceblad,1910,
201967644,akershus,1910,Lillestrøm
202522305,more,1910,Volda
203463169,vossavis,1910,
201452163,romerikesblad,1910,Lillestrøm
203153740,nordenfjeldsktidende,1910,Levanger
202239785,fredrikshaldsavis,1910,
201797709,trondhjemsadresseavis,1910,Trondheim
201797819,trondhjemsadresseavis,1910,Trondheim
201950826,agderposten,1910,Arendal
200642933,gjengangeren,1910,Horten
201035573,morgenbladet,1910,Oslo
201452153,romerikesblad,1910,Lillestrøm
202944904,aftenposten,1910,Oslo
202181382,farsundsavis,1910,Farsund
201035757,morgenbladet,1910,Oslo
200044482,agderposten,1910,Arendal
201967652,akershus,1910,Lillestrøm
204701611,Laagendalsposten ,1910,Kongsberg
202023485,bergensaftenbladbergenattenattini,1910,Bergen
203499846,salten,1910,
203430419,tunsbergeren,1910,
203386783,sarpen,1910,
201276375,norgessjoefartstidende,1910,Oslo
204595490,Hamar Stiftstidende ,1910,Hamar
201163466,nordisktidende,1910,
203396221,skotfosavisnittennullen,1910,
202222912,folketidendetrondheimattennittien,1910,Trondheim
202410653,hordalandfolkeblad,1910,Kvam
201992868,arbeidet,1910,Bergen
202059986,breviksposten,1910,Porsgrunn
201600179,solungen,1910,Kongsvinger
201276536,norgessjoefartstidende,1910,Oslo
200866338,kongsbergdagblad,1910,Kongsberg
200831119,indresmaalenenesavis,1910,Indre Østfold
202483309,langesundsposten,1910,
200525879,finnmarksposten,1910,Nordkapp
200886134,kysten,1910,Oslo
203125268,indtrondelagen,1910,
204550612,Samhold (Gjøvik: 1885-1920) ,1910,Gjøvik
202642265,oplandenesavis,1910,Hamar
204566927,Hamar Stiftstidende ,1910,Hamar
202495486,lindesnes,1910,Mandal
204151369,fjordenestidende,1910,
202424208,indlandsposten,1910,
201992917,arbeidet,1910,Bergen
201979061,akersposten,1910,Oslo
201035699,morgenbladet,1910,Oslo
201594600,sognstidend,1910,Sogndal
201035662,morgenbladet,1910,Oslo
201975099,akershuspostenlillestroemnitten,1910,Lørenskog
201345465,osterdolen,1910,Tynset
200358201,dagensnytt,1910,
201967728,akershus,1910,Lillestrøm
202944934,aftenposten,1910,Oslo
201671737,svelviksposten,1910,Drammen
203455837,vestfoldsandefjordatten,1910,
204384832,Bergensposten Fram (Bergen 1892-1893) ,1910,Bergen
202554082,namdalensblad,1910,
202158946,egersundsposten,1910,Eigersund
202222730,folketidendetrondheimattennittien,1910,Trondheim
203358824,oevresmaalenene,1910,Indre Østfold
200217640,bergenstidende,1910,Bergen
202222952,folketidendetrondheimattennittien,1910,Trondheim
203746253,oerebladet,1910,
201797929,trondhjemsadresseavis,1910,Trondheim
200310921,dagbladet,1910,Oslo
200044378,agderposten,1910,Arendal
201217604,nordlys,1910,Tromsø
202187097,finmarken,1910,Vardø
201993040,arbeidet,1910,Bergen
203411625,soloerposten,1910,
203609164,oerebladet,1910,
203118898,indherred,1910,Steinkjer
203463144,vossavis,1910,
202601676,nordretrondhjemsamtstidende,1910,
200886114,kysten,1910,Oslo
200694069,gudbrandsdoelen,1910,Lillehammer
203430339,tunsbergeren,1910,
203455637,vestfoldsandefjordatten,1910,
200667746,glommendalen,1910,Kongsvinger
203801570,fjellposten,1910,
202556359,namdalensfolkeblad,1910,
201600318,solungen,1910,Kongsvinger
202944680,aftenposten,1910,Oslo
203165802,nordrebergenhusamtstidende,1910,Kinn
200310874,dagbladet,1910,Oslo
202302479,grimstadposten,1910,
203302897,buskerudsamtstidendedrammen,1910,
200253841,bratsbergdemokraten,1910,Skien
202500411,listerfarsundatten,1910,
201035267,morgenbladet,1910,Oslo
203396225,skotfosavisnittennullen,1910,
203411551,soloerposten,1910,
201797994,trondhjemsadresseavis,1910,Trondheim
200831101,indresmaalenenesavis,1910,Indre Østfold
201035356,morgenbladet,1910,Oslo
202944242,aftenposten,1910,Oslo
203402129,soendhordland,1910,
203595395,lofotposten,1910,
202554167,namdalensblad,1910,
200642833,gjengangeren,1910,Horten
203153732,nordenfjeldsktidende,1910,Levanger
202944461,aftenposten,1910,Oslo
202944530,aftenposten,1910,Oslo
203117060,indheredsposten,1910,
203656670,aftenpostenukensnytt,1910,
202452169,jarlsbergoglarviksamtstidende,1910,Larvik
202601688,nordretrondhjemsamtstidende,1910,
203198766,stavangeraftenblad,1910,Stavanger
204508922,Samhold (Gjøvik: 1885-1920) ,1910,Gjøvik
202012925,baerumogaskersblad,1910,
200454932,faedrelandsvennen,1910,Kristiansand
201950760,agderposten,1910,Arendal
202621874,norskkundgjoerelsestidende,1910,Oslo
202944917,aftenposten,1910,Oslo
201345530,osterdolen,1910,Tynset
202541067,mossavis,1910,Moss
202568314,nordfjord,1910,
203020012,askerogbaerumsbudstikke,1910,Bærum
204486378,Bergensposten Fram (Bergen 1892-1893) ,1910,Bergen
201035561,morgenbladet,1910,Oslo
202554098,namdalensblad,1910,
201316089,ofotenstidende,1910,Narvik
201556751,socialdemokraten,1910,Oslo
201781590,tromsoestiftstidende,1910,Tromsø
202642250,oplandenesavis,1910,Hamar
201471491,romsdalsamtstidende,1910,Kristiansund
200602390,fremover,1910,Narvik
204319090,gjoviksbladattenattifire,1910,
203430382,tunsbergeren,1910,
201975095,akershuspostenlillestroemnitten,1910,Lørenskog
204031442,oerebladet,1910,
201477521,romsdalsbudstikke,1910,Molde
200866152,kongsbergdagblad,1910,Kongsberg
201035908,morgenbladet,1910,Oslo
202536067,mossaftenblad,1910,
200217379,bergenstidende,1910,Bergen
202541116,mossavis,1910,Moss
200311042,dagbladet,1910,Oslo
200027812,agder,1910,
202222930,folketidendetrondheimattennittien,1910,Trondheim
201035910,morgenbladet,1910,Oslo
200217361,bergenstidende,1910,Bergen
203402131,soendhordland,1910,
203302890,buskerudsamtstidendedrammen,1910,
202944809,aftenposten,1910,Oslo
202302541,grimstadposten,1910,
200642845,gjengangeren,1910,Horten
201556804,socialdemokraten,1910,Oslo
201276611,norgessjoefartstidende,1910,Oslo
203396194,skotfosavisnittennullen,1910,
201797796,trondhjemsadresseavis,1910,Trondheim
202621990,norskkundgjoerelsestidende,1910,Oslo
201276475,norgessjoefartstidende,1910,Oslo
201035324,morgenbladet,1910,Oslo
201992915,arbeidet,1910,Bergen
201276459,norgessjoefartstidende,1910,Oslo
200667729,glommendalen,1910,Kongsvinger
200436755,dunderlandsdoelen,1910,Rana
200217538,bergenstidende,1910,Bergen
203020029,askerogbaerumsbudstikke,1910,Bærum
200886140,kysten,1910,Oslo
202059962,breviksposten,1910,Porsgrunn
201505826,sandefjordsblad,1910,Sandefjord
203185163,ranenstidende,1910,Hemnes
200642842,gjengangeren,1910,Horten
200217601,bergenstidende,1910,Bergen
203455620,vestfoldsandefjordatten,1910,
203430372,tunsbergeren,1910,
201035861,morgenbladet,1910,Oslo
202579947,nordlandsfolkeblad,1910,
200811208,helgelandsblad,1910,
202944656,aftenposten,1910,Oslo
200525829,finnmarksposten,1910,Nordkapp
202554179,namdalensblad,1910,
203402178,soendhordland,1910,
200253794,bratsbergdemokraten,1910,Skien
202568244,nordfjord,1910,
200217529,bergenstidende,1910,Bergen
201556818,socialdemokraten,1910,Oslo
201781552,tromsoestiftstidende,1910,Tromsø
203580596,salten,1910,
200253797,bratsbergdemokraten,1910,Skien
204241584,gudbrandsdalensfolkebladgjoevik,1910,
203455814,vestfoldsandefjordatten,1910,
203455581,vestfoldsandefjordatten,1910,
201833862,valdres,1910,Nord-Aurdal
202944609,aftenposten,1910,Oslo
202050525,bodotidende,1910,Bodø
204025872,salten,1910,
203153713,nordenfjeldsktidende,1910,Levanger
203692532,salten,1910,
202483341,langesundsposten,1910,
201556834,socialdemokraten,1910,Oslo
200253714,bratsbergdemokraten,1910,Skien
204293425,vestoplaendingen,1910,
200866217,kongsbergdagblad,1910,Kongsberg
202944319,aftenposten,1910,Oslo
201345536,osterdolen,1910,Tynset
203168054,nordrebergenhusfolkeblad,1910,Kinn
201217558,nordlys,1910,Tromsø
201950828,agderposten,1910,Arendal
202040720,bergensannoncetidende,1910,
202479183,landmandsposten,1910,
200602379,fremover,1910,Narvik
202609775,nordtroenderen,1910,
202452033,jarlsbergoglarviksamtstidende,1910,Larvik
203198845,stavangeraftenblad,1910,Stavanger
202424223,indlandsposten,1910,
204586037,Bergensposten Fram (Bergen 1892-1893) ,1910,Bergen
202944377,aftenposten,1910,Oslo
203302965,buskerudsamtstidendedrammen,1910,
202041021,bergensannoncetidende,1910,
202452172,jarlsbergoglarviksamtstidende,1910,Larvik
203198972,stavangeraftenblad,1910,Stavanger
202050550,bodotidende,1910,Bodø
204318997,gjoviksbladattenattifire,1910,
202568249,nordfjord,1910,
203672427,fjellposten,1910,
202522350,more,1910,Volda
204241490,gudbrandsdalensfolkebladgjoevik,1910,
202410673,hordalandfolkeblad,1910,Kvam
200044404,agderposten,1910,Arendal
202579898,nordlandsfolkeblad,1910,
201979111,akersposten,1910,Oslo
201556798,socialdemokraten,1910,Oslo
202944200,aftenposten,1910,Oslo
201556887,socialdemokraten,1910,Oslo
200602364,fremover,1910,Narvik
203386821,sarpen,1910,
203302992,buskerudsamtstidendedrammen,1910,
203165866,nordrebergenhusamtstidende,1910,Kinn
202023466,bergensaftenbladbergenattenattini,1910,Bergen
201798073,trondhjemsadresseavis,1910,Trondheim
201152841,nedenaesamtstidende,1910,Risør
201950703,agderposten,1910,Arendal
201316122,ofotenstidende,1910,Narvik
202541158,mossavis,1910,Moss
201797657,trondhjemsadresseavis,1910,Trondheim
201600215,solungen,1910,Kongsvinger
203358810,oevresmaalenene,1910,Indre Østfold
202222954,folketidendetrondheimattennittien,1910,Trondheim
203386901,sarpen,1910,
200564480,foerstemai,1910,Stavanger
201505952,sandefjordsblad,1910,Sandefjord
203358841,oevresmaalenene,1910,Indre Østfold
202609741,nordtroenderen,1910,
202302453,grimstadposten,1910,
203125228,indtrondelagen,1910,
202040755,bergensannoncetidende,1910,
202059963,breviksposten,1910,Porsgrunn
201471448,romsdalsamtstidende,1910,Kristiansund
202040991,bergensannoncetidende,1910,
204293367,vestoplaendingen,1910,
202452072,jarlsbergoglarviksamtstidende,1910,Larvik
200623892,fremtiden,1910,Drammen
203411686,soloerposten,1910,
203534406,salten,1910,
201035333,morgenbladet,1910,Oslo
202621757,norskkundgjoerelsestidende,1910,Oslo
203547394,lofotposten,1910,
203386775,sarpen,1910,
200602374,fremover,1910,Narvik
204318964,gjoviksbladattenattifire,1910,
200642873,gjengangeren,1910,Horten
203455724,vestfoldsandefjordatten,1910,
204375688,Samhold (Gjøvik: 1885-1920) ,1910,Gjøvik
202944416,aftenposten,1910,Oslo
200790845,hedemarkensamtstidende,1910,Hamar
201345598,osterdolen,1910,Tynset
201035405,morgenbladet,1910,Oslo
201797743,trondhjemsadresseavis,1910,Trondheim
202222874,folketidendetrondheimattennittien,1910,Trondheim
202239798,fredrikshaldsavis,1910,
202944591,aftenposten,1910,Oslo
202536105,mossaftenblad,1910,
202040968,bergensannoncetidende,1910,
204459258,Finnmarksposten ,1910,Nordkapp
200602334,fremover,1910,Narvik
203958601,fjellposten,1910,
200217602,bergenstidende,1910,Bergen
200525876,finnmarksposten,1910,Nordkapp
202302437,grimstadposten,1910,
202041034,bergensannoncetidende,1910,
201572970,sogningen,1910,Sogndal
201967673,akershus,1910,Lillestrøm
202483356,langesundsposten,1910,
202424350,indlandsposten,1910,
203125230,indtrondelagen,1910,
201775808,tromsoeposten,1910,Tromsø
201967687,akershus,1910,Lillestrøm
203911112,aftenpostenukensnytt,1910,
202040965,bergensannoncetidende,1910,
202601717,nordretrondhjemsamtstidende,1910,
201109451,mosstilskuer,1910,Moss
203887274,lofotposten,1910,
203396264,skotfosavisnittennullen,1910,
201316106,ofotenstidende,1910,Narvik
203831244,aftenpostenukensnytt,1910,
203386793,sarpen,1910,
200564446,foerstemai,1910,Stavanger
204241495,gudbrandsdalensfolkebladgjoevik,1910,
202944652,aftenposten,1910,Oslo
202944754,aftenposten,1910,Oslo
204151339,fjordenestidende,1910,
202790715,soendmoerefolkeblad,1910,
200253813,bratsbergdemokraten,1910,Skien
201477502,romsdalsbudstikke,1910,Molde
200455075,faedrelandsvennen,1910,Kristiansand
200564586,foerstemai,1910,Stavanger
204422190,Samhold (Gjøvik: 1885-1920) ,1910,Gjøvik
204737998,Laagendalsposten ,1910,Kongsberg
202495491,lindesnes,1910,Mandal
201345512,osterdolen,1910,Tynset
202059976,breviksposten,1910,Porsgrunn
202944207,aftenposten,1910,Oslo
201992983,arbeidet,1910,Bergen
200866256,kongsbergdagblad,1910,Kongsberg
203303068,buskerudsamtstidendedrammen,1910,
202609821,nordtroenderen,1910,
202181383,farsundsavis,1910,Farsund
204352156,unglyden ,1910,Voss
202609756,nordtroenderen,1910,
203691762,narviktidende,1910,
201594643,sognstidend,1910,Sogndal
203199046,stavangeraftenblad,1910,Stavanger
204721372,Laagendalsposten ,1910,Kongsberg
203302898,buskerudsamtstidendedrammen,1910,
201629253,stjordalensblad,1910,Stjørdal
200676459,grimstadadressetiden,1910,Grimstad
202585485,nordlandsposten,1910,Bodø
202505726,listerogmandalsamtstidendeogadresseavis,1910,Lindesnes
201276443,norgessjoefartstidende,1910,Oslo
201967700,akershus,1910,Lillestrøm
203302920,buskerudsamtstidendedrammen,1910,
203887912,nordland,1910,
201035320,morgenbladet,1910,Oslo
201797993,trondhjemsadresseavis,1910,Trondheim
203463187,vossavis,1910,
202944220,aftenposten,1910,Oslo
202483366,langesundsposten,1910,
200311099,dagbladet,1910,Oslo
202944631,aftenposten,1910,Oslo
203358793,oevresmaalenene,1910,Indre Østfold
202057345,breidablik,1910,
200676469,grimstadadressetiden,1910,Grimstad
202579955,nordlandsfolkeblad,1910,
202040703,bergensannoncetidende,1910,
203302850,buskerudsamtstidendedrammen,1910,
202479193,landmandsposten,1910,
202424214,indlandsposten,1910,
201560853,soendretrondhjemsamtstidende,1910,Orkdal
204319028,gjoviksbladattenattifire,1910,
201345494,osterdolen,1910,Tynset
202944913,aftenposten,1910,Oslo
203411600,soloerposten,1910,
202242392,fredrikshaldstilskuer,1910,Halden
202040953,bergensannoncetidende,1910,
201276364,norgessjoefartstidende,1910,Oslo
202536079,mossaftenblad,1910,
200694058,gudbrandsdoelen,1910,Lillehammer
201594572,sognstidend,1910,Sogndal
203386797,sarpen,1910,
201345537,osterdolen,1910,Tynset
201797879,trondhjemsadresseavis,1910,Trondheim
202522310,more,1910,Volda
200217365,bergenstidende,1910,Bergen
202012918,baerumogaskersblad,1910,
203198949,stavangeraftenblad,1910,Stavanger
202222935,folketidendetrondheimattennittien,1910,Trondheim
204037496,oerebladet,1910,
202483375,langesundsposten,1910,
200027911,agder,1910,
201817147,tvedestrandsposten,1910,Tvedestrand
202522324,more,1910,Volda
203167976,nordrebergenhusfolkeblad,1910,Kinn
202222844,folketidendetrondheimattennittien,1910,Trondheim
202159001,egersundsposten,1910,Eigersund
201797685,trondhjemsadresseavis,1910,Trondheim
200217522,bergenstidende,1910,Bergen
203829052,lofotposten,1910,
202239788,fredrikshaldsavis,1910,
202756643,romsdalstidende,1910,
200311000,dagbladet,1910,Oslo
201035330,morgenbladet,1910,Oslo
201505869,sandefjordsblad,1910,Sandefjord
200310849,dagbladet,1910,Oslo
200310845,dagbladet,1910,Oslo
200642883,gjengangeren,1910,Horten
202222907,folketidendetrondheimattennittien,1910,Trondheim
204654070,Hamar Stiftstidende ,1910,Hamar
200886189,kysten,1910,Oslo
200310922,dagbladet,1910,Oslo
202474834,kristiansundspostenatten,1910,
203455696,vestfoldsandefjordatten,1910,
200928351,lillesandsposten,1910,Lillesand
201471576,romsdalsamtstidende,1910,Kristiansund
200752895,harstadtidende,1910,Harstad
200525833,finnmarksposten,1910,Nordkapp
203463207,vossavis,1910,
202944255,aftenposten,1910,Oslo
204358922,Samhold (Gjøvik: 1885-1920) ,1910,Gjøvik
200027792,agder,1910,
201775768,tromsoeposten,1910,Tromsø
201217632,nordlys,1910,Tromsø
201817144,tvedestrandsposten,1910,Tvedestrand
202944303,aftenposten,1910,Oslo
201797985,trondhjemsadresseavis,1910,Trondheim
202601699,nordretrondhjemsamtstidende,1910,
200455158,faedrelandsvennen,1910,Kristiansand
202158999,egersundsposten,1910,Eigersund
201316150,ofotenstidende,1910,Narvik
201276618,norgessjoefartstidende,1910,Oslo
201967619,akershus,1910,Lillestrøm
201477465,romsdalsbudstikke,1910,Molde
200601588,fredriksstadtilskuer,1910,Fredrikstad
202040826,bergensannoncetidende,1910,
202944938,aftenposten,1910,Oslo
203430456,tunsbergeren,1910,
200310863,dagbladet,1910,Oslo
204151337,fjordenestidende,1910,
200831072,indresmaalenenesavis,1910,Indre Østfold
203973727,lofotposten,1910,
203930811,buskerudsblad,1910,
200866283,kongsbergdagblad,1910,Kongsberg
204451664,Hamar Stiftstidende ,1910,Hamar
201979047,akersposten,1910,Oslo
200886108,kysten,1910,Oslo
201035921,morgenbladet,1910,Oslo
201967632,akershus,1910,Lillestrøm
202040845,bergensannoncetidende,1910,
201992862,arbeidet,1910,Bergen
203198923,stavangeraftenblad,1910,Stavanger
202040774,bergensannoncetidende,1910,
201572944,sogningen,1910,Sogndal
201276348,norgessjoefartstidende,1910,Oslo
201560842,soendretrondhjemsamtstidende,1910,Orkdal
204491320,Samhold (Gjøvik: 1885-1920) ,1910,Gjøvik
200836036,indtrondelagen,1910,
203455748,vestfoldsandefjordatten,1910,
204539701,Hamar Stiftstidende ,1910,Hamar
203891669,aftenpostenukensnytt,1910,
200642905,gjengangeren,1910,Horten
202222721,folketidendetrondheimattennittien,1910,Trondheim
203866087,narviktidende,1910,
201600224,solungen,1910,Kongsvinger
202944361,aftenposten,1910,Oslo
202023302,bergensaftenbladbergenattenattini,1910,Bergen
202424331,indlandsposten,1910,
201471579,romsdalsamtstidende,1910,Kristiansund
203153718,nordenfjeldsktidende,1910,Levanger
200253720,bratsbergdemokraten,1910,Skien
203358789,oevresmaalenene,1910,Indre Østfold
202522292,more,1910,Volda
202222857,folketidendetrondheimattennittien,1910,Trondheim
202495452,lindesnes,1910,Mandal
202410600,hordalandfolkeblad,1910,Kvam
201505829,sandefjordsblad,1910,Sandefjord
202040892,bergensannoncetidende,1910,
202944617,aftenposten,1910,Oslo
202222747,folketidendetrondheimattennittien,1910,Trondheim
202642146,oplandenesavis,1910,Hamar
200866380,kongsbergdagblad,1910,Kongsberg
201967610,akershus,1910,Lillestrøm
204711379,Laagendalsposten ,1910,Kongsberg
202410597,hordalandfolkeblad,1910,Kvam
203199040,stavangeraftenblad,1910,Stavanger
200311105,dagbladet,1910,Oslo
202023239,bergensaftenbladbergenattenattini,1910,Bergen
204512717,Bergensposten Fram (Bergen 1892-1893) ,1910,Bergen
201797908,trondhjemsadresseavis,1910,Trondheim
204319039,gjoviksbladattenattifire,1910,
203455603,vestfoldsandefjordatten,1910,
203358864,oevresmaalenene,1910,Indre Østfold
202609705,nordtroenderen,1910,
201035510,morgenbladet,1910,Oslo
202536112,mossaftenblad,1910,
200811145,helgelandsblad,1910,
202554084,namdalensblad,1910,
202536056,mossaftenblad,1910,
202944816,aftenposten,1910,Oslo
200886118,kysten,1910,Oslo
200217575,bergenstidende,1910,Bergen
203125237,indtrondelagen,1910,
204739540,Laagendalsposten ,1910,Kongsberg
203455808,vestfoldsandefjordatten,1910,
201309862,oeieren,1910,
202601701,nordretrondhjemsamtstidende,1910,
203198869,stavangeraftenblad,1910,Stavanger
203358795,oevresmaalenene,1910,Indre Østfold
202944640,aftenposten,1910,Oslo
201600243,solungen,1910,Kongsvinger
200217566,bergenstidende,1910,Bergen
202944899,aftenposten,1910,Oslo
201556895,socialdemokraten,1910,Oslo
201276345,norgessjoefartstidende,1910,Oslo
202040875,bergensannoncetidende,1910,
201109342,mosstilskuer,1910,Moss
202452003,jarlsbergoglarviksamtstidende,1910,Larvik
202944773,aftenposten,1910,Oslo
201471485,romsdalsamtstidende,1910,Kristiansund
203198902,stavangeraftenblad,1910,Stavanger
200310844,dagbladet,1910,Oslo
203581180,helgeland,1910,
201035911,morgenbladet,1910,Oslo
202181448,farsundsavis,1910,Farsund
200564453,foerstemai,1910,Stavanger
202059933,breviksposten,1910,Porsgrunn
200602412,fremover,1910,Narvik
201316136,ofotenstidende,1910,Narvik
204729575,Laagendalsposten ,1910,Kongsberg
202541216,mossavis,1910,Moss
203430404,tunsbergeren,1910,
202541120,mossavis,1910,Moss
201993151,arbeidet,1910,Bergen
203199000,stavangeraftenblad,1910,Stavanger
200044399,agderposten,1910,Arendal
200358272,dagensnytt,1910,
201979052,akersposten,1910,Oslo
202059924,breviksposten,1910,Porsgrunn
200676453,grimstadadressetiden,1910,Grimstad
203386788,sarpen,1910,
202944850,aftenposten,1910,Oslo
202040907,bergensannoncetidende,1910,
203402135,soendhordland,1910,
202040772,bergensannoncetidende,1910,
200217378,bergenstidende,1910,Bergen
202556379,namdalensfolkeblad,1910,
201833863,valdres,1910,Nord-Aurdal
201276617,norgessjoefartstidende,1910,Oslo
201600285,solungen,1910,Kongsvinger
201035864,morgenbladet,1910,Oslo
202642233,oplandenesavis,1910,Hamar
203529072,helgeland,1910,
201434749,rogalandnittensju,1910,Stavanger
202474874,kristiansundspostenatten,1910,
203386814,sarpen,1910,
203907755,oerebladet,1910,
202642229,oplandenesavis,1910,Hamar
202944602,aftenposten,1910,Oslo
202158964,egersundsposten,1910,Eigersund
202452100,jarlsbergoglarviksamtstidende,1910,Larvik
204534219,Hamar Stiftstidende ,1910,Hamar
200623865,fremtiden,1910,Drammen
200885936,kysten,1910,Oslo
200694101,gudbrandsdoelen,1910,Lillehammer
201035601,morgenbladet,1910,Oslo
202944368,aftenposten,1910,Oslo
201573023,sogningen,1910,Sogndal
201950803,agderposten,1910,Arendal
201477543,romsdalsbudstikke,1910,Molde
202944439,aftenposten,1910,Oslo
201035817,morgenbladet,1910,Oslo
204319117,gjoviksbladattenattifire,1910,
201217598,nordlys,1910,Tromsø
202541132,mossavis,1910,Moss
200642923,gjengangeren,1910,Horten
202944372,aftenposten,1910,Oslo
201035342,morgenbladet,1910,Oslo
202410688,hordalandfolkeblad,1910,Kvam
203463157,vossavis,1910,
201477534,romsdalsbudstikke,1910,Molde
200866255,kongsbergdagblad,1910,Kongsberg
203812914,lofotposten,1910,
203608927,buskerudsblad,1910,
202536106,mossaftenblad,1910,
200911615,lillehammertilskuer,1910,Lillehammer
204241526,gudbrandsdalensfolkebladgjoevik,1910,
201975052,akershuspostenlillestroemnitten,1910,Lørenskog
203919593,nordland,1910,
202040891,bergensannoncetidende,1910,
201798089,trondhjemsadresseavis,1910,Trondheim
202181465,farsundsavis,1910,Farsund
200454926,faedrelandsvennen,1910,Kristiansand
203609768,buskerudsblad,1910,
202756624,romsdalstidende,1910,
200601648,fredriksstadtilskuer,1910,Fredrikstad
200027827,agder,1910,
203386759,sarpen,1910,
203386879,sarpen,1910,
202621993,norskkundgjoerelsestidende,1910,Oslo
203455590,vestfoldsandefjordatten,1910,
201217626,nordlys,1910,Tromsø
202944817,aftenposten,1910,Oslo
203165846,nordrebergenhusamtstidende,1910,Kinn
201035485,morgenbladet,1910,Oslo
203678360,aftenpostenukensnytt,1910,
201629243,stjordalensblad,1910,Stjørdal
201556940,socialdemokraten,1910,Oslo
201950825,agderposten,1910,Arendal
203411583,soloerposten,1910,
200693984,gudbrandsdoelen,1910,Lillehammer
200455133,faedrelandsvennen,1910,Kristiansand
201975097,akershuspostenlillestroemnitten,1910,Lørenskog
202452084,jarlsbergoglarviksamtstidende,1910,Larvik
201035494,morgenbladet,1910,Oslo
203303029,buskerudsamtstidendedrammen,1910,
201993093,arbeidet,1910,Bergen
203455679,vestfoldsandefjordatten,1910,
201556817,socialdemokraten,1910,Oslo
202621844,norskkundgjoerelsestidende,1910,Oslo
202541128,mossavis,1910,Moss
204293363,vestoplaendingen,1910,
203198881,stavangeraftenblad,1910,Stavanger
203825893,lofotposten,1910,
202944795,aftenposten,1910,Oslo
203302990,buskerudsamtstidendedrammen,1910,
202040908,bergensannoncetidende,1910,
200044382,agderposten,1910,Arendal
202541083,mossavis,1910,Moss
200752810,harstadtidende,1910,Harstad
200602326,fremover,1910,Narvik
204319111,gjoviksbladattenattifire,1910,
200866186,kongsbergdagblad,1910,Kongsberg
202621716,norskkundgjoerelsestidende,1910,Oslo
203386794,sarpen,1910,
202554138,namdalensblad,1910,
200455086,faedrelandsvennen,1910,Kristiansand
201781597,tromsoestiftstidende,1910,Tromsø
202556307,namdalensfolkeblad,1910,
204241535,gudbrandsdalensfolkebladgjoevik,1910,
202023289,bergensaftenbladbergenattenattini,1910,Bergen
202474846,kristiansundspostenatten,1910,
203020050,askerogbaerumsbudstikke,1910,Bærum
202944588,aftenposten,1910,Oslo
201276609,norgessjoefartstidende,1910,Oslo
200217317,bergenstidende,1910,Bergen
200676441,grimstadadressetiden,1910,Grimstad
202040730,bergensannoncetidende,1910,
202642155,oplandenesavis,1910,Hamar
203153800,nordenfjeldsktidende,1910,Levanger
201035622,morgenbladet,1910,Oslo
202495548,lindesnes,1910,Mandal
200602315,fremover,1910,Narvik
202242387,fredrikshaldstilskuer,1910,Halden
203125262,indtrondelagen,1910,
202756654,romsdalstidende,1910,
200044405,agderposten,1910,Arendal
200886164,kysten,1910,Oslo
202222818,folketidendetrondheimattennittien,1910,Trondheim
201035486,morgenbladet,1910,Oslo
201781559,tromsoestiftstidende,1910,Tromsø
200667868,glommendalen,1910,Kongsvinger
203909353,buskerudsblad,1910,
201557004,socialdemokraten,1910,Oslo
201276342,norgessjoefartstidende,1910,Oslo
200311027,dagbladet,1910,Oslo
202541082,mossavis,1910,Moss
200866160,kongsbergdagblad,1910,Kongsberg
202040781,bergensannoncetidende,1910,
200562532,flekkefjordsposten,1910,
202452021,jarlsbergoglarviksamtstidende,1910,Larvik
200602369,fremover,1910,Narvik
203386881,sarpen,1910,
201781523,tromsoestiftstidende,1910,Tromsø
202505717,listerogmandalsamtstidendeogadresseavis,1910,Lindesnes
203463171,vossavis,1910,
202023415,bergensaftenbladbergenattenattini,1910,Bergen
202944739,aftenposten,1910,Oslo
202483298,langesundsposten,1910,
201035512,morgenbladet,1910,Oslo
200790904,hedemarkensamtstidende,1910,Hamar
203506312,narviktidende,1910,
201979115,akersposten,1910,Oslo
203411628,soloerposten,1910,
200455030,faedrelandsvennen,1910,Kristiansand
200311103,dagbladet,1910,Oslo
203932770,buskerudsblad,1910,
201993125,arbeidet,1910,Bergen
201109371,mosstilskuer,1910,Moss
203455821,vestfoldsandefjordatten,1910,
201967683,akershus,1910,Lillestrøm
201309863,oeieren,1910,
202609781,nordtroenderen,1910,
202621941,norskkundgjoerelsestidende,1910,Oslo
200253725,bratsbergdemokraten,1910,Skien
201276605,norgessjoefartstidende,1910,Oslo
202541174,mossavis,1910,Moss
201035470,morgenbladet,1910,Oslo
201035673,morgenbladet,1910,Oslo
202222722,folketidendetrondheimattennittien,1910,Trondheim
201557047,socialdemokraten,1910,Oslo
201152889,nedenaesamtstidende,1910,Risør
200217561,bergenstidende,1910,Bergen
201309807,oeieren,1910,
201505865,sandefjordsblad,1910,Sandefjord
201345582,osterdolen,1910,Tynset
202786824,skandinaven,1910,
203358860,oevresmaalenene,1910,Indre Østfold
201967600,akershus,1910,Lillestrøm
201797910,trondhjemsadresseavis,1910,Trondheim
200562592,flekkefjordsposten,1910,
202239820,fredrikshaldsavis,1910,
200667771,glommendalen,1910,Kongsvinger
203738469,helgeland,1910,
202495463,lindesnes,1910,Mandal
200253786,bratsbergdemokraten,1910,Skien
201594615,sognstidend,1910,Sogndal
202452010,jarlsbergoglarviksamtstidende,1910,Larvik
201556765,socialdemokraten,1910,Oslo
201993181,arbeidet,1910,Bergen
203463204,vossavis,1910,
201797935,trondhjemsadresseavis,1910,Trondheim
201534655,selbyggen,1910,Selbu
200866348,kongsbergdagblad,1910,Kongsberg
204420400,Samhold (Gjøvik: 1885-1920) ,1910,Gjøvik
202944442,aftenposten,1910,Oslo
200694113,gudbrandsdoelen,1910,Lillehammer
201560790,soendretrondhjemsamtstidende,1910,Orkdal
204618962,Samhold (Gjøvik: 1885-1920) ,1910,Gjøvik
202609816,nordtroenderen,1910,
201560875,soendretrondhjemsamtstidende,1910,Orkdal
201817100,tvedestrandsposten,1910,Tvedestrand
202541133,mossavis,1910,Moss
203463216,vossavis,1910,
202554151,namdalensblad,1910,
200623890,fremtiden,1910,Drammen
202944456,aftenposten,1910,Oslo
203455606,vestfoldsandefjordatten,1910,
202568254,nordfjord,1910,
203527233,narviktidende,1910,
200311108,dagbladet,1910,Oslo
203198958,stavangeraftenblad,1910,Stavanger
203455579,vestfoldsandefjordatten,1910,
203730403,nordland,1910,
200525790,finnmarksposten,1910,Nordkapp
203303037,buskerudsamtstidendedrammen,1910,
201775824,tromsoeposten,1910,Tromsø
201452105,romerikesblad,1910,Lillestrøm
200564523,foerstemai,1910,Stavanger
200310940,dagbladet,1910,Oslo
201309876,oeieren,1910,
203532940,narviktidende,1910,
204151342,fjordenestidende,1910,
201276328,norgessjoefartstidende,1910,Oslo
201035323,morgenbladet,1910,Oslo
204241517,gudbrandsdalensfolkebladgjoevik,1910,
203386858,sarpen,1910,
203455800,vestfoldsandefjordatten,1910,
203878414,oerebladet,1910,
201556989,socialdemokraten,1910,Oslo
202040923,bergensannoncetidende,1910,
203153728,nordenfjeldsktidende,1910,Levanger
203153805,nordenfjeldsktidende,1910,Levanger
203386815,sarpen,1910,
202621901,norskkundgjoerelsestidende,1910,Oslo
201170418,nordkapp,1910,
200455171,faedrelandsvennen,1910,Kristiansand
202023355,bergensaftenbladbergenattenattini,1910,Bergen
203185188,ranenstidende,1910,Hemnes
204725009,Laagendalsposten ,1910,Kongsberg
202222937,folketidendetrondheimattennittien,1910,Trondheim
202579969,nordlandsfolkeblad,1910,
201775769,tromsoeposten,1910,Tromsø
200310894,dagbladet,1910,Oslo
201992885,arbeidet,1910,Bergen
200311085,dagbladet,1910,Oslo
200601501,fredriksstadtilskuer,1910,Fredrikstad
200601622,fredriksstadtilskuer,1910,Fredrikstad
200455157,faedrelandsvennen,1910,Kristiansand
200217589,bergenstidende,1910,Bergen
201556800,socialdemokraten,1910,Oslo
201967755,akershus,1910,Lillestrøm
202642159,oplandenesavis,1910,Hamar
200601703,fredriksstadtilskuer,1910,Fredrikstad
202181386,farsundsavis,1910,Farsund
204472494,Samhold (Gjøvik: 1885-1920) ,1910,Gjøvik
203198871,stavangeraftenblad,1910,Stavanger
200358126,dagensnytt,1910,
200217420,bergenstidende,1910,Bergen
204368969,Samhold (Gjøvik: 1885-1920) ,1910,Gjøvik
202944585,aftenposten,1910,Oslo
204669588,Hamar Stiftstidende ,1910,Hamar
202059906,breviksposten,1910,Porsgrunn
200911535,lillehammertilskuer,1910,Lillehammer
200602408,fremover,1910,Narvik
203117053,indheredsposten,1910,
203851910,buskerudsblad,1910,
201452174,romerikesblad,1910,Lillestrøm
201572926,sogningen,1910,Sogndal
202059888,breviksposten,1910,Porsgrunn
202944201,aftenposten,1910,Oslo
202609715,nordtroenderen,1910,
202023424,bergensaftenbladbergenattenattini,1910,Bergen
201109491,mosstilskuer,1910,Moss
203583730,aftenpostenukensnytt,1910,
202756592,romsdalstidende,1910,
203396271,skotfosavisnittennullen,1910,
200886055,kysten,1910,Oslo
201979090,akersposten,1910,Oslo
202474932,kristiansundspostenatten,1910,
202541217,mossavis,1910,Moss
201505977,sandefjordsblad,1910,Sandefjord
201035625,morgenbladet,1910,Oslo
202495537,lindesnes,1910,Mandal
200642975,gjengangeren,1910,Horten
200027868,agder,1910,
201217564,nordlys,1910,Tromsø
203679923,aftenpostenukensnytt,1910,
204319064,gjoviksbladattenattifire,1910,
200911498,lillehammertilskuer,1910,Lillehammer
201797662,trondhjemsadresseavis,1910,Trondheim
201797714,trondhjemsadresseavis,1910,Trondheim
200790822,hedemarkensamtstidende,1910,Hamar
204293391,vestoplaendingen,1910,
201471551,romsdalsamtstidende,1910,Kristiansund
200436761,dunderlandsdoelen,1910,Rana
200454914,faedrelandsvennen,1910,Kristiansand
201170369,nordkapp,1910,
203303023,buskerudsamtstidendedrammen,1910,
201950809,agderposten,1910,Arendal
201992875,arbeidet,1910,Bergen
200911567,lillehammertilskuer,1910,Lillehammer
200454883,faedrelandsvennen,1910,Kristiansand
200601469,fredriksstadtilskuer,1910,Fredrikstad
200602380,fremover,1910,Narvik
203153742,nordenfjeldsktidende,1910,Levanger
201993173,arbeidet,1910,Bergen
203153831,nordenfjeldsktidende,1910,Levanger
203302848,buskerudsamtstidendedrammen,1910,
204490026,Samhold (Gjøvik: 1885-1920) ,1910,Gjøvik
200311040,dagbladet,1910,Oslo
202541075,mossavis,1910,Moss
201477516,romsdalsbudstikke,1910,Molde
204731788,Laagendalsposten ,1910,Kongsberg
204708311,Laagendalsposten ,1910,Kongsberg
202554170,namdalensblad,1910,
202944483,aftenposten,1910,Oslo
200911549,lillehammertilskuer,1910,Lillehammer
202642243,oplandenesavis,1910,Hamar
200562510,flekkefjordsposten,1910,
200667808,glommendalen,1910,Kongsvinger
200694125,gudbrandsdoelen,1910,Lillehammer
202452130,jarlsbergoglarviksamtstidende,1910,Larvik
203978901,warensardne,1910,
201035521,morgenbladet,1910,Oslo
200044479,agderposten,1910,Arendal
202621733,norskkundgjoerelsestidende,1910,Oslo
200601478,fredriksstadtilskuer,1910,Fredrikstad
203198957,stavangeraftenblad,1910,Stavanger
200454985,faedrelandsvennen,1910,Kristiansand
202474871,kristiansundspostenatten,1910,
202410722,hordalandfolkeblad,1910,Kvam
202505812,listerogmandalsamtstidendeogadresseavis,1910,Lindesnes
203020064,askerogbaerumsbudstikke,1910,Bærum
202944344,aftenposten,1910,Oslo
202621736,norskkundgjoerelsestidende,1910,Oslo
202410701,hordalandfolkeblad,1910,Kvam
201950724,agderposten,1910,Arendal
200562553,flekkefjordsposten,1910,
201817122,tvedestrandsposten,1910,Tvedestrand
203303125,buskerudsamtstidendedrammen,1910,
200623877,fremtiden,1910,Drammen
201152850,nedenaesamtstidende,1910,Risør
201557013,socialdemokraten,1910,Oslo
202621843,norskkundgjoerelsestidende,1910,Oslo
201975108,akershuspostenlillestroemnitten,1910,Lørenskog
202541084,mossavis,1910,Moss
200886198,kysten,1910,Oslo
202059915,breviksposten,1910,Porsgrunn
204727035,Laagendalsposten ,1910,Kongsberg
203738587,oerebladet,1910,
203411680,soloerposten,1910,
204481698,Samhold (Gjøvik: 1885-1920) ,1910,Gjøvik
203831137,salten,1910,
202495504,lindesnes,1910,Mandal
203411617,soloerposten,1910,
202023421,bergensaftenbladbergenattenattini,1910,Bergen
201309819,oeieren,1910,
201671732,svelviksposten,1910,Drammen
201797725,trondhjemsadresseavis,1910,Trondheim
200525811,finnmarksposten,1910,Nordkapp
201035275,morgenbladet,1910,Oslo
203958191,aftenpostenukensnytt,1910,
202609734,nordtroenderen,1910,
202621909,norskkundgjoerelsestidende,1910,Oslo
202023321,bergensaftenbladbergenattenattini,1910,Bergen
201572978,sogningen,1910,Sogndal
202944944,aftenposten,1910,Oslo
202222785,folketidendetrondheimattennittien,1910,Trondheim
202790735,soendmoerefolkeblad,1910,
201975111,akershuspostenlillestroemnitten,1910,Lørenskog
201967684,akershus,1910,Lillestrøm
200866377,kongsbergdagblad,1910,Kongsberg
201276385,norgessjoefartstidende,1910,Oslo
202944858,aftenposten,1910,Oslo
201993048,arbeidet,1910,Bergen
200790849,hedemarkensamtstidende,1910,Hamar
200217623,bergenstidende,1910,Bergen
202579934,nordlandsfolkeblad,1910,
203455631,vestfoldsandefjordatten,1910,
202040858,bergensannoncetidende,1910,
200811223,helgelandsblad,1910,
201600309,solungen,1910,Kongsvinger
200694098,gudbrandsdoelen,1910,Lillehammer
201194375,nordlandsposten,1910,Bodø
200667788,glommendalen,1910,Kongsvinger
204459343,Samhold (Gjøvik: 1885-1920) ,1910,Gjøvik
203302952,buskerudsamtstidendedrammen,1910,
202505735,listerogmandalsamtstidendeogadresseavis,1910,Lindesnes
200455045,faedrelandsvennen,1910,Kristiansand
203592805,helgeland,1910,
201560845,soendretrondhjemsamtstidende,1910,Orkdal
202579927,nordlandsfolkeblad,1910,
202242345,fredrikshaldstilskuer,1910,Halden
201798041,trondhjemsadresseavis,1910,Trondheim
201276452,norgessjoefartstidende,1910,Oslo
202621841,norskkundgjoerelsestidende,1910,Oslo
203386778,sarpen,1910,
202187127,finmarken,1910,Vardø
201797921,trondhjemsadresseavis,1910,Trondheim
200562548,flekkefjordsposten,1910,
202495483,lindesnes,1910,Mandal
201035657,morgenbladet,1910,Oslo
204241477,gudbrandsdalensfolkebladgjoevik,1910,
201471537,romsdalsamtstidende,1910,Kristiansund
203386904,sarpen,1910,
200455173,faedrelandsvennen,1910,Kristiansand
200886068,kysten,1910,Oslo
202621777,norskkundgjoerelsestidende,1910,Oslo
204694753,unglyden ,1910,Voss
201452122,romerikesblad,1910,Lillestrøm
200911600,lillehammertilskuer,1910,Lillehammer
202023384,bergensaftenbladbergenattenattini,1910,Bergen
200564515,foerstemai,1910,Stavanger
204420506,Samhold (Gjøvik: 1885-1920) ,1910,Gjøvik
201560818,soendretrondhjemsamtstidende,1910,Orkdal
200676422,grimstadadressetiden,1910,Grimstad
200525849,finnmarksposten,1910,Nordkapp
203644148,helgeland,1910,
200752842,harstadtidende,1910,Harstad
200217428,bergenstidende,1910,Bergen
203834465,lofotposten,1910,
202568227,nordfjord,1910,
201276414,norgessjoefartstidende,1910,Oslo
201452147,romerikesblad,1910,Lillestrøm
203623088,oerebladet,1910,
201557036,socialdemokraten,1910,Oslo
201109336,mosstilskuer,1910,Moss
204293456,vestoplaendingen,1910,
200525809,finnmarksposten,1910,Nordkapp
201973540,akershusfolkebladdroebak,1910,Oslo
204661760,Bergensposten Fram (Bergen 1892-1893) ,1910,Bergen
201505916,sandefjordsblad,1910,Sandefjord
200217647,bergenstidende,1910,Bergen
200667787,glommendalen,1910,Kongsvinger
204293457,vestoplaendingen,1910,
202601709,nordretrondhjemsamtstidende,1910,
204519005,Samhold (Gjøvik: 1885-1920) ,1910,Gjøvik
202040806,bergensannoncetidende,1910,
203125246,indtrondelagen,1910,
200454997,faedrelandsvennen,1910,Kristiansand
203973921,nordland,1910,
201572951,sogningen,1910,Sogndal
200831064,indresmaalenenesavis,1910,Indre Østfold
201276480,norgessjoefartstidende,1910,Oslo
200811203,helgelandsblad,1910,
200642813,gjengangeren,1910,Horten
201560863,soendretrondhjemsamtstidende,1910,Orkdal
202944726,aftenposten,1910,Oslo
201967670,akershus,1910,Lillestrøm
202621847,norskkundgjoerelsestidende,1910,Oslo
204319086,gjoviksbladattenattifire,1910,
200564473,foerstemai,1910,Stavanger
202223015,folketidendetrondheimattennittien,1910,Trondheim
201035641,morgenbladet,1910,Oslo
201434747,rogalandnittensju,1910,Stavanger
201556934,socialdemokraten,1910,Oslo
200642895,gjengangeren,1910,Horten
203117100,indheredsposten,1910,
202536074,mossaftenblad,1910,
202410595,hordalandfolkeblad,1910,Kvam
203125210,indtrondelagen,1910,
203303115,buskerudsamtstidendedrammen,1910,
203153798,nordenfjeldsktidende,1910,Levanger
201109346,mosstilskuer,1910,Moss
202609830,nordtroenderen,1910,
204319050,gjoviksbladattenattifire,1910,
201035491,morgenbladet,1910,Oslo
200310841,dagbladet,1910,Oslo
203165832,nordrebergenhusamtstidende,1910,Kinn
201556970,socialdemokraten,1910,Oslo
202410674,hordalandfolkeblad,1910,Kvam
203117101,indheredsposten,1910,
201309818,oeieren,1910,
203985403,narviktidende,1910,
204490391,Hamar Stiftstidende ,1910,Hamar
203463145,vossavis,1910,
202479252,landmandsposten,1910,
204025369,nordland,1910,
201109349,mosstilskuer,1910,Moss
201950725,agderposten,1910,Arendal
201992873,arbeidet,1910,Bergen
200253756,bratsbergdemokraten,1910,Skien
200790816,hedemarkensamtstidende,1910,Hamar
202040758,bergensannoncetidende,1910,
200928385,lillesandsposten,1910,Lillesand
202536078,mossaftenblad,1910,
201797670,trondhjemsadresseavis,1910,Trondheim
203715752,helgeland,1910,
200454876,faedrelandsvennen,1910,Kristiansand
200564483,foerstemai,1910,Stavanger
200623887,fremtiden,1910,Drammen
200601668,fredriksstadtilskuer,1910,Fredrikstad
201316143,ofotenstidende,1910,Narvik
203393409,senjensbladnittennullsju,1910,
200253833,bratsbergdemokraten,1910,Skien
201797702,trondhjemsadresseavis,1910,Trondheim
202302438,grimstadposten,1910,
203633756,nordland,1910,
202944508,aftenposten,1910,Oslo
201833936,valdres,1910,Nord-Aurdal
200311023,dagbladet,1910,Oslo
202944396,aftenposten,1910,Oslo
203165817,nordrebergenhusamtstidende,1910,Kinn
204718183,Laagendalsposten ,1910,Kongsberg
202050592,bodotidende,1910,Bodø
200217437,bergenstidende,1910,Bergen
202040997,bergensannoncetidende,1910,
202424310,indlandsposten,1910,
202500302,listerfarsundatten,1910,
203153806,nordenfjeldsktidende,1910,Levanger
200676456,grimstadadressetiden,1910,Grimstad
204475866,Samhold (Gjøvik: 1885-1920) ,1910,Gjøvik
201276533,norgessjoefartstidende,1910,Oslo
203303047,buskerudsamtstidendedrammen,1910,
203198889,stavangeraftenblad,1910,Stavanger
201600238,solungen,1910,Kongsvinger
203199002,stavangeraftenblad,1910,Stavanger
203455697,vestfoldsandefjordatten,1910,
201950714,agderposten,1910,Arendal
202040807,bergensannoncetidende,1910,
200911547,lillehammertilskuer,1910,Lillehammer
202536134,mossaftenblad,1910,
202621812,norskkundgjoerelsestidende,1910,Oslo
201797753,trondhjemsadresseavis,1910,Trondheim
200310878,dagbladet,1910,Oslo
202536063,mossaftenblad,1910,
200886099,kysten,1910,Oslo
202521407,moldeannonceblad,1910,
202621682,norskkundgjoerelsestidende,1910,Oslo
200217388,bergenstidende,1910,Bergen
202424279,indlandsposten,1910,
202479132,landmandsposten,1910,
200310971,dagbladet,1910,Oslo
201967631,akershus,1910,Lillestrøm
202495547,lindesnes,1910,Mandal
202944836,aftenposten,1910,Oslo
202040813,bergensannoncetidende,1910,
203198963,stavangeraftenblad,1910,Stavanger
203433319,tvedestrandogomegnsavis,1910,
204151361,fjordenestidende,1910,
200623918,fremtiden,1910,Drammen
202187106,finmarken,1910,Vardø
203302838,buskerudsamtstidendedrammen,1910,
200601522,fredriksstadtilskuer,1910,Fredrikstad
200253804,bratsbergdemokraten,1910,Skien
202944642,aftenposten,1910,Oslo
203167969,nordrebergenhusfolkeblad,1910,Kinn
204293477,vestoplaendingen,1910,
200564507,foerstemai,1910,Stavanger
201573003,sogningen,1910,Sogndal
201671713,svelviksposten,1910,Drammen
202621839,norskkundgjoerelsestidende,1910,Oslo
203303044,buskerudsamtstidendedrammen,1910,
202944605,aftenposten,1910,Oslo
201276391,norgessjoefartstidende,1910,Oslo
201505861,sandefjordsblad,1910,Sandefjord
201973536,akershusfolkebladdroebak,1910,Oslo
200253706,bratsbergdemokraten,1910,Skien
201797955,trondhjemsadresseavis,1910,Trondheim
201170375,nordkapp,1910,
202158934,egersundsposten,1910,Eigersund
200436781,dunderlandsdoelen,1910,Rana
200601680,fredriksstadtilskuer,1910,Fredrikstad
204606989,Samhold (Gjøvik: 1885-1920) ,1910,Gjøvik
202424247,indlandsposten,1910,
201781585,tromsoestiftstidende,1910,Tromsø
201560869,soendretrondhjemsamtstidende,1910,Orkdal
201556870,socialdemokraten,1910,Oslo
201477457,romsdalsbudstikke,1910,Molde
202023267,bergensaftenbladbergenattenattini,1910,Bergen
204319000,gjoviksbladattenattifire,1910,
201505936,sandefjordsblad,1910,Sandefjord
203125190,indtrondelagen,1910,
200866236,kongsbergdagblad,1910,Kongsberg
202239799,fredrikshaldsavis,1910,
202302548,grimstadposten,1910,
203020018,askerogbaerumsbudstikke,1910,Bærum
200623988,fremtiden,1910,Drammen
200358227,dagensnytt,1910,
201992922,arbeidet,1910,Bergen
201276423,norgessjoefartstidende,1910,Oslo
202023353,bergensaftenbladbergenattenattini,1910,Bergen
202609713,nordtroenderen,1910,
202621869,norskkundgjoerelsestidende,1910,Oslo
202050529,bodotidende,1910,Bodø
204151334,fjordenestidende,1910,
203502052,narviktidende,1910,
200623945,fremtiden,1910,Drammen
202786904,skandinaven,1910,
202040949,bergensannoncetidende,1910,
200811181,helgelandsblad,1910,
201833909,valdres,1910,Nord-Aurdal
203785964,fjellposten,1910,
201035461,morgenbladet,1910,Oslo
201534669,selbyggen,1910,Selbu
201035765,morgenbladet,1910,Oslo
201833973,valdres,1910,Nord-Aurdal
201975049,akershuspostenlillestroemnitten,1910,Lørenskog
200667755,glommendalen,1910,Kongsvinger
203153773,nordenfjeldsktidende,1910,Levanger
200642917,gjengangeren,1910,Horten
202222915,folketidendetrondheimattennittien,1910,Trondheim
201941527,vortlandosloattennitti,1910,Oslo
200694081,gudbrandsdoelen,1910,Lillehammer
202536055,mossaftenblad,1910,
201434753,rogalandnittensju,1910,Stavanger
201477525,romsdalsbudstikke,1910,Molde
201629231,stjordalensblad,1910,Stjørdal
202589632,nordlendingen,1910,
203153812,nordenfjeldsktidende,1910,Levanger
203433322,tvedestrandogomegnsavis,1910,
202556308,namdalensfolkeblad,1910,
202410639,hordalandfolkeblad,1910,Kvam
201671724,svelviksposten,1910,Drammen
200601732,fredriksstadtilskuer,1910,Fredrikstad
202621978,norskkundgjoerelsestidende,1910,Oslo
201152864,nedenaesamtstidende,1910,Risør
201975090,akershuspostenlillestroemnitten,1910,Lørenskog
204515793,Samhold (Gjøvik: 1885-1920) ,1910,Gjøvik
203117102,indheredsposten,1910,
200455165,faedrelandsvennen,1910,Kristiansand
200601716,fredriksstadtilskuer,1910,Fredrikstad
204675381,unglyden ,1910,Voss
203168022,nordrebergenhusfolkeblad,1910,Kinn
203393439,senjensbladnittennullsju,1910,
204151381,fjordenestidende,1910,
204721608,Laagendalsposten ,1910,Kongsberg
204241614,gudbrandsdalensfolkebladgjoevik,1910,
202222726,folketidendetrondheimattennittien,1910,Trondheim
200310992,dagbladet,1910,Oslo
204710266,Laagendalsposten ,1910,Kongsberg
203506982,lofotposten,1910,
201797887,trondhjemsadresseavis,1910,Trondheim
202944485,aftenposten,1910,Oslo
200562601,flekkefjordsposten,1910,
200811215,helgelandsblad,1910,
204318983,gjoviksbladattenattifire,1910,
202621776,norskkundgjoerelsestidende,1910,Oslo
201833872,valdres,1910,Nord-Aurdal
200601564,fredriksstadtilskuer,1910,Fredrikstad
201817096,tvedestrandsposten,1910,Tvedestrand
200455004,faedrelandsvennen,1910,Kristiansand
204318974,gjoviksbladattenattifire,1910,
201992872,arbeidet,1910,Bergen
200217318,bergenstidende,1910,Bergen
203455656,vestfoldsandefjordatten,1910,
200436769,dunderlandsdoelen,1910,Rana
202040723,bergensannoncetidende,1910,
204029495,salten,1910,
201992924,arbeidet,1910,Bergen
204611295,Samhold (Gjøvik: 1885-1920) ,1910,Gjøvik
203117028,indheredsposten,1910,
201170387,nordkapp,1910,
201629247,stjordalensblad,1910,Stjørdal
202522358,more,1910,Volda
203302840,buskerudsamtstidendedrammen,1910,
202568239,nordfjord,1910,
201833927,valdres,1910,Nord-Aurdal
203433367,tvedestrandogomegnsavis,1910,
202601678,nordretrondhjemsamtstidende,1910,
203198877,stavangeraftenblad,1910,Stavanger
202222995,folketidendetrondheimattennittien,1910,Trondheim
202479158,landmandsposten,1910,
202023435,bergensaftenbladbergenattenattini,1910,Bergen
201170456,nordkapp,1910,
201345466,osterdolen,1910,Tynset
202522290,more,1910,Volda
203303096,buskerudsamtstidendedrammen,1910,
200676350,grimstadadressetiden,1910,Grimstad
200454896,faedrelandsvennen,1910,Kristiansand
200455011,faedrelandsvennen,1910,Kristiansand
202568264,nordfjord,1910,
202158970,egersundsposten,1910,Eigersund
201992891,arbeidet,1910,Bergen
202521428,moldeannonceblad,1910,
202579952,nordlandsfolkeblad,1910,
204653567,Samhold (Gjøvik: 1885-1920) ,1910,Gjøvik
202521415,moldeannonceblad,1910,
201979092,akersposten,1910,Oslo
200667768,glommendalen,1910,Kongsvinger
202554152,namdalensblad,1910,
202642278,oplandenesavis,1910,Hamar
202554131,namdalensblad,1910,
200790952,hedemarkensamtstidende,1910,Hamar
202944735,aftenposten,1910,Oslo
201967622,akershus,1910,Lillestrøm
203358846,oevresmaalenene,1910,Indre Østfold
204626969,Samhold (Gjøvik: 1885-1920) ,1910,Gjøvik
202944583,aftenposten,1910,Oslo
204319053,gjoviksbladattenattifire,1910,
203396202,skotfosavisnittennullen,1910,
202944294,aftenposten,1910,Oslo
203610399,lofotposten,1910,
201471589,romsdalsamtstidende,1910,Kristiansund
201109394,mosstilskuer,1910,Moss
202790706,soendmoerefolkeblad,1910,
200562515,flekkefjordsposten,1910,
202621702,norskkundgjoerelsestidende,1910,Oslo
201629300,stjordalensblad,1910,Stjørdal
201993157,arbeidet,1910,Bergen
201950753,agderposten,1910,Arendal
201471528,romsdalsamtstidende,1910,Kristiansund
203386761,sarpen,1910,
202521468,moldeannonceblad,1910,
200642797,gjengangeren,1910,Horten
202500285,listerfarsundatten,1910,
200601471,fredriksstadtilskuer,1910,Fredrikstad
203494738,lofotposten,1910,
200694068,gudbrandsdoelen,1910,Lillehammer
200676378,grimstadadressetiden,1910,Grimstad
201781545,tromsoestiftstidende,1910,Tromsø
202500290,listerfarsundatten,1910,
201452100,romerikesblad,1910,Lillestrøm
202944807,aftenposten,1910,Oslo
201797932,trondhjemsadresseavis,1910,Trondheim
201797906,trondhjemsadresseavis,1910,Trondheim
201276458,norgessjoefartstidende,1910,Oslo
201967681,akershus,1910,Lillestrøm
200601611,fredriksstadtilskuer,1910,Fredrikstad
202479191,landmandsposten,1910,
202786880,skandinaven,1910,
202059937,breviksposten,1910,Porsgrunn
201797749,trondhjemsadresseavis,1910,Trondheim
201035714,morgenbladet,1910,Oslo
202222866,folketidendetrondheimattennittien,1910,Trondheim
201409750,ranenstidende,1910,Hemnes
203358852,oevresmaalenene,1910,Indre Østfold
201109393,mosstilskuer,1910,Moss
202944665,aftenposten,1910,Oslo
201973518,akershusfolkebladdroebak,1910,Oslo
201035584,morgenbladet,1910,Oslo
200217408,bergenstidende,1910,Bergen
200310898,dagbladet,1910,Oslo
201600220,solungen,1910,Kongsvinger
203455644,vestfoldsandefjordatten,1910,
202500335,listerfarsundatten,1910,
200693994,gudbrandsdoelen,1910,Lillehammer
200790803,hedemarkensamtstidende,1910,Hamar
202410645,hordalandfolkeblad,1910,Kvam
202474947,kristiansundspostenatten,1910,
201600195,solungen,1910,Kongsvinger
201035442,morgenbladet,1910,Oslo
202541118,mossavis,1910,Moss
202541156,mossavis,1910,Moss
202621916,norskkundgjoerelsestidende,1910,Oslo
201993051,arbeidet,1910,Bergen
200601601,fredriksstadtilskuer,1910,Fredrikstad
202041029,bergensannoncetidende,1910,
202158939,egersundsposten,1910,Eigersund
200217355,bergenstidende,1910,Bergen
200562459,flekkefjordsposten,1910,
203165827,nordrebergenhusamtstidende,1910,Kinn
202621965,norskkundgjoerelsestidende,1910,Oslo
201035591,morgenbladet,1910,Oslo
200358156,dagensnytt,1910,
203167993,nordrebergenhusfolkeblad,1910,Kinn
202023233,bergensaftenbladbergenattenattini,1910,Bergen
200866360,kongsbergdagblad,1910,Kongsberg
202609788,nordtroenderen,1910,
203302880,buskerudsamtstidendedrammen,1910,
200866242,kongsbergdagblad,1910,Kongsberg
201276568,norgessjoefartstidende,1910,Oslo
203165842,nordrebergenhusamtstidende,1910,Kinn
200911553,lillehammertilskuer,1910,Lillehammer
200811158,helgelandsblad,1910,
202500325,listerfarsundatten,1910,
203302896,buskerudsamtstidendedrammen,1910,
203396214,skotfosavisnittennullen,1910,
201967641,akershus,1910,Lillestrøm
202479227,landmandsposten,1910,
203940793,buskerudsblad,1910,
202944447,aftenposten,1910,Oslo
202500314,listerfarsundatten,1910,
200310967,dagbladet,1910,Oslo
200642941,gjengangeren,1910,Horten
202239787,fredrikshaldsavis,1910,
200217581,bergenstidende,1910,Bergen
203199044,stavangeraftenblad,1910,Stavanger
204693207,Samhold (Gjøvik: 1885-1920) ,1910,Gjøvik
200667820,glommendalen,1910,Kongsvinger
202522359,more,1910,Volda
202187132,finmarken,1910,Vardø
202621720,norskkundgjoerelsestidende,1910,Oslo
203805148,narviktidende,1910,
200217449,bergenstidende,1910,Bergen
201309888,oeieren,1910,
200866189,kongsbergdagblad,1910,Kongsberg
202222900,folketidendetrondheimattennittien,1910,Trondheim
202568320,nordfjord,1910,
201556819,socialdemokraten,1910,Oslo
200311144,dagbladet,1910,Oslo
202944574,aftenposten,1910,Oslo
202505728,listerogmandalsamtstidendeogadresseavis,1910,Lindesnes
200217296,bergenstidende,1910,Bergen
202410610,hordalandfolkeblad,1910,Kvam
200694093,gudbrandsdoelen,1910,Lillehammer
204319048,gjoviksbladattenattifire,1910,
202181429,farsundsavis,1910,Farsund
201309860,oeieren,1910,
202944796,aftenposten,1910,Oslo
200311171,dagbladet,1910,Oslo
201797889,trondhjemsadresseavis,1910,Trondheim
202601748,nordretrondhjemsamtstidende,1910,
202621928,norskkundgjoerelsestidende,1910,Oslo
202452069,jarlsbergoglarviksamtstidende,1910,Larvik
202944663,aftenposten,1910,Oslo
202585495,nordlandsposten,1910,Bodø
204052280,oerebladet,1910,
201170464,nordkapp,1910,
202556366,namdalensfolkeblad,1910,
202023241,bergensaftenbladbergenattenattini,1910,Bergen
200885977,kysten,1910,Oslo
201600185,solungen,1910,Kongsvinger
200525882,finnmarksposten,1910,Nordkapp
202609792,nordtroenderen,1910,
201797773,trondhjemsadresseavis,1910,Trondheim
202541080,mossavis,1910,Moss
200044489,agderposten,1910,Arendal
200454957,faedrelandsvennen,1910,Kristiansand
200694115,gudbrandsdoelen,1910,Lillehammer
203463136,vossavis,1910,
203153838,nordenfjeldsktidende,1910,Levanger
201452155,romerikesblad,1910,Lillestrøm
202222944,folketidendetrondheimattennittien,1910,Trondheim
203125234,indtrondelagen,1910,
200886003,kysten,1910,Oslo
202495506,lindesnes,1910,Mandal
201035348,morgenbladet,1910,Oslo
204319092,gjoviksbladattenattifire,1910,
200027791,agder,1910,
202452167,jarlsbergoglarviksamtstidende,1910,Larvik
204694944,Hamar Stiftstidende ,1910,Hamar
202483317,langesundsposten,1910,
202023268,bergensaftenbladbergenattenattini,1910,Bergen
200044419,agderposten,1910,Arendal
201477480,romsdalsbudstikke,1910,Molde
202222831,folketidendetrondheimattennittien,1910,Trondheim
201941531,vortlandosloattennitti,1910,Oslo
202536100,mossaftenblad,1910,
202556373,namdalensfolkeblad,1910,
200027878,agder,1910,
202222743,folketidendetrondheimattennittien,1910,Trondheim
204241545,gudbrandsdalensfolkebladgjoevik,1910,
200676484,grimstadadressetiden,1910,Grimstad
201556992,socialdemokraten,1910,Oslo
202541092,mossavis,1910,Moss
202536031,mossaftenblad,1910,
203881267,lofotposten,1910,
201781528,tromsoestiftstidende,1910,Tromsø
201471468,romsdalsamtstidende,1910,Kristiansund
201979106,akersposten,1910,Oslo
202944185,aftenposten,1910,Oslo
200623906,fremtiden,1910,Drammen
200667875,glommendalen,1910,Kongsvinger
202452063,jarlsbergoglarviksamtstidende,1910,Larvik
200623896,fremtiden,1910,Drammen
200886079,kysten,1910,Oslo
203455857,vestfoldsandefjordatten,1910,
202474880,kristiansundspostenatten,1910,
202222825,folketidendetrondheimattennittien,1910,Trondheim
202059886,breviksposten,1910,Porsgrunn
202239748,fredrikshaldsavis,1910,
202522325,more,1910,Volda
203153767,nordenfjeldsktidende,1910,Levanger
200562547,flekkefjordsposten,1910,
202410638,hordalandfolkeblad,1910,Kvam
201797934,trondhjemsadresseavis,1910,Trondheim
200601749,fredriksstadtilskuer,1910,Fredrikstad
200562559,flekkefjordsposten,1910,
202505833,listerogmandalsamtstidendeogadresseavis,1910,Lindesnes
201035319,morgenbladet,1910,Oslo
201833993,valdres,1910,Nord-Aurdal
203402147,soendhordland,1910,
201797818,trondhjemsadresseavis,1910,Trondheim
201035829,morgenbladet,1910,Oslo
201505957,sandefjordsblad,1910,Sandefjord
202541211,mossavis,1910,Moss
202187083,finmarken,1910,Vardø
201600250,solungen,1910,Kongsvinger
200911598,lillehammertilskuer,1910,Lillehammer
201452143,romerikesblad,1910,Lillestrøm
201316103,ofotenstidende,1910,Narvik
200454968,faedrelandsvennen,1910,Kristiansand
200217470,bergenstidende,1910,Bergen
203639332,helgeland,1910,
201979096,akersposten,1910,Oslo
204318990,gjoviksbladattenattifire,1910,
200886090,kysten,1910,Oslo
202424269,indlandsposten,1910,
204660692,unglyden ,1910,Voss
200217488,bergenstidende,1910,Bergen
202579963,nordlandsfolkeblad,1910,
200667852,glommendalen,1910,Kongsvinger
201600182,solungen,1910,Kongsvinger
203153724,nordenfjeldsktidende,1910,Levanger
201035674,morgenbladet,1910,Oslo
203905033,lofotposten,1910,
200311066,dagbladet,1910,Oslo
204293469,vestoplaendingen,1910,
202609769,nordtroenderen,1910,
200564549,foerstemai,1910,Stavanger
202040857,bergensannoncetidende,1910,
202944808,aftenposten,1910,Oslo
200694016,gudbrandsdoelen,1910,Lillehammer
203117031,indheredsposten,1910,
201817076,tvedestrandsposten,1910,Tvedestrand
201035869,morgenbladet,1910,Oslo
202159023,egersundsposten,1910,Eigersund
202242370,fredrikshaldstilskuer,1910,Halden
201572963,sogningen,1910,Sogndal
200667869,glommendalen,1910,Kongsvinger
201979082,akersposten,1910,Oslo
202023262,bergensaftenbladbergenattenattini,1910,Bergen
203386769,sarpen,1910,
201941500,vortlandosloattennitti,1910,Oslo
203303027,buskerudsamtstidendedrammen,1910,
201992902,arbeidet,1910,Bergen
200642826,gjengangeren,1910,Horten
202621675,norskkundgjoerelsestidende,1910,Oslo
204036240,buskerudsblad,1910,
203502927,oerebladet,1910,
200676352,grimstadadressetiden,1910,Grimstad
203987051,aftenpostenukensnytt,1910,
202786884,skandinaven,1910,
201163495,nordisktidende,1910,
204293493,vestoplaendingen,1910,
204731776,Laagendalsposten ,1910,Kongsberg
202040700,bergensannoncetidende,1910,
200911579,lillehammertilskuer,1910,Lillehammer
203455798,vestfoldsandefjordatten,1910,
203529376,lofotposten,1910,
202944565,aftenposten,1910,Oslo
200217578,bergenstidende,1910,Bergen
202554181,namdalensblad,1910,
201152893,nedenaesamtstidende,1910,Risør
202239800,fredrikshaldsavis,1910,
200886066,kysten,1910,Oslo
202012904,baerumogaskersblad,1910,
201781501,tromsoestiftstidende,1910,Tromsø
203198906,stavangeraftenblad,1910,Stavanger
200217627,bergenstidende,1910,Bergen
203463211,vossavis,1910,
203302960,buskerudsamtstidendedrammen,1910,
200642863,gjengangeren,1910,Horten
203793431,oerebladet,1910,
200667776,glommendalen,1910,Kongsvinger
201992911,arbeidet,1910,Bergen
201797765,trondhjemsadresseavis,1910,Trondheim
202621684,norskkundgjoerelsestidende,1910,Oslo
201573014,sogningen,1910,Sogndal
201316117,ofotenstidende,1910,Narvik
200790894,hedemarkensamtstidende,1910,Hamar
203455640,vestfoldsandefjordatten,1910,
201817137,tvedestrandsposten,1910,Tvedestrand
203567370,narviktidende,1910,
201817106,tvedestrandsposten,1910,Tvedestrand
201345587,osterdolen,1910,Tynset
202239790,fredrikshaldsavis,1910,
202479117,landmandsposten,1910,
204588076,Hamar Stiftstidende ,1910,Hamar
203866798,oerebladet,1910,
200866176,kongsbergdagblad,1910,Kongsberg
202059913,breviksposten,1910,Porsgrunn
201967654,akershus,1910,Lillestrøm
200027884,agder,1910,
202521467,moldeannonceblad,1910,
203430473,tunsbergeren,1910,
201035664,morgenbladet,1910,Oslo
200436767,dunderlandsdoelen,1910,Rana
203199017,stavangeraftenblad,1910,Stavanger
201992966,arbeidet,1910,Bergen
201109405,mosstilskuer,1910,Moss
201452168,romerikesblad,1910,Lillestrøm
201629309,stjordalensblad,1910,Stjørdal
201452115,romerikesblad,1910,Lillestrøm
203455576,vestfoldsandefjordatten,1910,
200601623,fredriksstadtilskuer,1910,Fredrikstad
201471467,romsdalsamtstidende,1910,Kristiansund
202601708,nordretrondhjemsamtstidende,1910,
203463160,vossavis,1910,
202040950,bergensannoncetidende,1910,
202790774,soendmoerefolkeblad,1910,
200667786,glommendalen,1910,Kongsvinger
202601679,nordretrondhjemsamtstidende,1910,
200831080,indresmaalenenesavis,1910,Indre Østfold
200455024,faedrelandsvennen,1910,Kristiansand
203455630,vestfoldsandefjordatten,1910,
200601534,fredriksstadtilskuer,1910,Fredrikstad
201035711,morgenbladet,1910,Oslo
201035314,morgenbladet,1910,Oslo
203433347,tvedestrandogomegnsavis,1910,
203358797,oevresmaalenene,1910,Indre Østfold
200311048,dagbladet,1910,Oslo
200642837,gjengangeren,1910,Horten
202040766,bergensannoncetidende,1910,
203019987,askerogbaerumsbudstikke,1910,Bærum
203185191,ranenstidende,1910,Hemnes
201556964,socialdemokraten,1910,Oslo
201276333,norgessjoefartstidende,1910,Oslo
202500373,listerfarsundatten,1910,
200455023,faedrelandsvennen,1910,Kristiansand
202944252,aftenposten,1910,Oslo
201797981,trondhjemsadresseavis,1910,Trondheim
202181405,farsundsavis,1910,Farsund
200866197,kongsbergdagblad,1910,Kongsberg
201600206,solungen,1910,Kongsvinger
200831123,indresmaalenenesavis,1910,Indre Østfold
201316170,ofotenstidende,1910,Narvik
201035909,morgenbladet,1910,Oslo
201163462,nordisktidende,1910,
202474864,kristiansundspostenatten,1910,
202302480,grimstadposten,1910,
202410698,hordalandfolkeblad,1910,Kvam
202621770,norskkundgjoerelsestidende,1910,Oslo
201035481,morgenbladet,1910,Oslo
203117027,indheredsposten,1910,
202621852,norskkundgjoerelsestidende,1910,Oslo
203153734,nordenfjeldsktidende,1910,Levanger
201276439,norgessjoefartstidende,1910,Oslo
202944482,aftenposten,1910,Oslo
201594595,sognstidend,1910,Sogndal
202474912,kristiansundspostenatten,1910,
201781535,tromsoestiftstidende,1910,Tromsø
200790918,hedemarkensamtstidende,1910,Hamar
203020011,askerogbaerumsbudstikke,1910,Bærum
200866351,kongsbergdagblad,1910,Kongsberg
201471550,romsdalsamtstidende,1910,Kristiansund
201671720,svelviksposten,1910,Drammen
201560856,soendretrondhjemsamtstidende,1910,Orkdal
202944466,aftenposten,1910,Oslo
201505874,sandefjordsblad,1910,Sandefjord
204293455,vestoplaendingen,1910,
204704949,Laagendalsposten ,1910,Kongsberg
204241617,gudbrandsdalensfolkebladgjoevik,1910,
204445998,Samhold (Gjøvik: 1885-1920) ,1910,Gjøvik
200694045,gudbrandsdoelen,1910,Lillehammer
203479234,buskerudsblad,1910,
203117085,indheredsposten,1910,
203463140,vossavis,1910,
200454908,faedrelandsvennen,1910,Kristiansand
201534663,selbyggen,1910,Selbu
200562492,flekkefjordsposten,1910,
200790848,hedemarkensamtstidende,1910,Hamar
203198952,stavangeraftenblad,1910,Stavanger
200601677,fredriksstadtilskuer,1910,Fredrikstad
203125248,indtrondelagen,1910,
202040834,bergensannoncetidende,1910,
200564563,foerstemai,1910,Stavanger
201163483,nordisktidende,1910,
201345565,osterdolen,1910,Tynset
200642820,gjengangeren,1910,Horten
200311045,dagbladet,1910,Oslo
201833929,valdres,1910,Nord-Aurdal
200436795,dunderlandsdoelen,1910,Rana
202239803,fredrikshaldsavis,1910,
203522579,oerebladet,1910,
200601483,fredriksstadtilskuer,1910,Fredrikstad
202944695,aftenposten,1910,Oslo
201993170,arbeidet,1910,Bergen
204537131,Samhold (Gjøvik: 1885-1920) ,1910,Gjøvik
200811220,helgelandsblad,1910,
201600246,solungen,1910,Kongsvinger
202222904,folketidendetrondheimattennittien,1910,Trondheim
202556365,namdalensfolkeblad,1910,
204435001,Samhold (Gjøvik: 1885-1920) ,1910,Gjøvik
201781510,tromsoestiftstidende,1910,Tromsø
202621958,norskkundgjoerelsestidende,1910,Oslo
202521437,moldeannonceblad,1910,
204319070,gjoviksbladattenattifire,1910,
202424327,indlandsposten,1910,
201152895,nedenaesamtstidende,1910,Risør
201950731,agderposten,1910,Arendal
204606462,Hamar Stiftstidende ,1910,Hamar
200885946,kysten,1910,Oslo
204241536,gudbrandsdalensfolkebladgjoevik,1910,
203386768,sarpen,1910,
201505968,sandefjordsblad,1910,Sandefjord
200752832,harstadtidende,1910,Harstad
201434728,rogalandnittensju,1910,Stavanger
200564558,foerstemai,1910,Stavanger
201035410,morgenbladet,1910,Oslo
200311057,dagbladet,1910,Oslo
200790825,hedemarkensamtstidende,1910,Hamar
200564468,foerstemai,1910,Stavanger
201572992,sogningen,1910,Sogndal
204517395,Hamar Stiftstidende ,1910,Hamar
200911524,lillehammertilskuer,1910,Lillehammer
201109480,mosstilskuer,1910,Moss
200310999,dagbladet,1910,Oslo
202239778,fredrikshaldsavis,1910,
202944293,aftenposten,1910,Oslo
203561725,aftenpostenukensnytt,1910,
203165870,nordrebergenhusamtstidende,1910,Kinn
201993069,arbeidet,1910,Bergen
203482811,narviktidende,1910,
202944427,aftenposten,1910,Oslo
201109372,mosstilskuer,1910,Moss
204676029,Samhold (Gjøvik: 1885-1920) ,1910,Gjøvik
203532152,oerebladet,1910,
201276481,norgessjoefartstidende,1910,Oslo
202609834,nordtroenderen,1910,
204038168,narviktidende,1910,
200027862,agder,1910,
202500281,listerfarsundatten,1910,
200358230,dagensnytt,1910,
204708388,Laagendalsposten ,1910,Kongsberg
200310867,dagbladet,1910,Oslo
202474893,kristiansundspostenatten,1910,
201979055,akersposten,1910,Oslo
200752875,harstadtidende,1910,Harstad
202621972,norskkundgjoerelsestidende,1910,Oslo
203396233,skotfosavisnittennullen,1910,
204319100,gjoviksbladattenattifire,1910,
202621924,norskkundgjoerelsestidende,1910,Oslo
200642792,gjengangeren,1910,Horten
201975077,akershuspostenlillestroemnitten,1910,Lørenskog
201797651,trondhjemsadresseavis,1910,Trondheim
202609843,nordtroenderen,1910,
201316095,ofotenstidende,1910,Narvik
203198808,stavangeraftenblad,1910,Stavanger
202181414,farsundsavis,1910,Farsund
203153809,nordenfjeldsktidende,1910,Levanger
204319096,gjoviksbladattenattifire,1910,
203411679,soloerposten,1910,
202621988,norskkundgjoerelsestidende,1910,Oslo
203386873,sarpen,1910,
202302544,grimstadposten,1910,
201775752,tromsoeposten,1910,Tromsø
203411573,soloerposten,1910,
202621775,norskkundgjoerelsestidende,1910,Oslo
203680750,oerebladet,1910,
200311170,dagbladet,1910,Oslo
200790829,hedemarkensamtstidende,1910,Hamar
200525874,finnmarksposten,1910,Nordkapp
201974972,akershuspostenlillestroemnitten,1910,Lørenskog
201629256,stjordalensblad,1910,Stjørdal
201170430,nordkapp,1910,
202023366,bergensaftenbladbergenattenattini,1910,Bergen
201505960,sandefjordsblad,1910,Sandefjord
201797805,trondhjemsadresseavis,1910,Trondheim
200455012,faedrelandsvennen,1910,Kristiansand
203883551,warensardne,1910,
200928329,lillesandsposten,1910,Lillesand
203386777,sarpen,1910,
203736981,buskerudsblad,1910,
202554202,namdalensblad,1910,
200601663,fredriksstadtilskuer,1910,Fredrikstad
202621938,norskkundgjoerelsestidende,1910,Oslo
202424260,indlandsposten,1910,
202609714,nordtroenderen,1910,
202059966,breviksposten,1910,Porsgrunn
202040815,bergensannoncetidende,1910,
202589640,nordlendingen,1910,
201035741,morgenbladet,1910,Oslo
203803743,buskerudsblad,1910,
200911531,lillehammertilskuer,1910,Lillehammer
203168006,nordrebergenhusfolkeblad,1910,Kinn
203651878,narviktidende,1910,
203198855,stavangeraftenblad,1910,Stavanger
203198757,stavangeraftenblad,1910,Stavanger
200311175,dagbladet,1910,Oslo
201163461,nordisktidende,1910,
202500410,listerfarsundatten,1910,
200217485,bergenstidende,1910,Bergen
200623999,fremtiden,1910,Drammen
201967662,akershus,1910,Lillestrøm
203168031,nordrebergenhusfolkeblad,1910,Kinn
203672822,buskerudsblad,1910,
203303116,buskerudsamtstidendedrammen,1910,
200624004,fremtiden,1910,Drammen
202158949,egersundsposten,1910,Eigersund
200311121,dagbladet,1910,Oslo
203168005,nordrebergenhusfolkeblad,1910,Kinn
200601544,fredriksstadtilskuer,1910,Fredrikstad
203455706,vestfoldsandefjordatten,1910,
202040955,bergensannoncetidende,1910,
201477546,romsdalsbudstikke,1910,Molde
202479181,landmandsposten,1910,
200602383,fremover,1910,Narvik
200866367,kongsbergdagblad,1910,Kongsberg
202944751,aftenposten,1910,Oslo
202041000,bergensannoncetidende,1910,
200790813,hedemarkensamtstidende,1910,Hamar
200642834,gjengangeren,1910,Horten
200310914,dagbladet,1910,Oslo
204241579,gudbrandsdalensfolkebladgjoevik,1910,
202589652,nordlendingen,1910,
203185187,ranenstidende,1910,Hemnes
201345548,osterdolen,1910,Tynset
202059892,breviksposten,1910,Porsgrunn
200562583,flekkefjordsposten,1910,
202452121,jarlsbergoglarviksamtstidende,1910,Larvik
202059974,breviksposten,1910,Porsgrunn
201797793,trondhjemsadresseavis,1910,Trondheim
202944340,aftenposten,1910,Oslo
201992892,arbeidet,1910,Bergen
200831010,indresmaalenenesavis,1910,Indre Østfold
201035669,morgenbladet,1910,Oslo
200667752,glommendalen,1910,Kongsvinger
200217343,bergenstidende,1910,Bergen
200562501,flekkefjordsposten,1910,
202500344,listerfarsundatten,1910,
202622002,norskkundgjoerelsestidende,1910,Oslo
201594620,sognstidend,1910,Sogndal
200886149,kysten,1910,Oslo
202452203,jarlsbergoglarviksamtstidende,1910,Larvik
204578087,Samhold (Gjøvik: 1885-1920) ,1910,Gjøvik
202222905,folketidendetrondheimattennittien,1910,Trondheim
202522314,more,1910,Volda
201345528,osterdolen,1910,Tynset
204151393,fjordenestidende,1910,
203546773,aftenpostenukensnytt,1910,
200564498,foerstemai,1910,Stavanger
202040973,bergensannoncetidende,1910,
201629302,stjordalensblad,1910,Stjørdal
201833892,valdres,1910,Nord-Aurdal
203831114,narviktidende,1910,
201594566,sognstidend,1910,Sogndal
201993178,arbeidet,1910,Bergen
202554140,namdalensblad,1910,
202474903,kristiansundspostenatten,1910,
202410711,hordalandfolkeblad,1910,Kvam
202452116,jarlsbergoglarviksamtstidende,1910,Larvik
202050575,bodotidende,1910,Bodø
202040759,bergensannoncetidende,1910,
201345516,osterdolen,1910,Tynset
202579991,nordlandsfolkeblad,1910,
200642920,gjengangeren,1910,Horten
201600306,solungen,1910,Kongsvinger
201170388,nordkapp,1910,
204580137,Hamar Stiftstidende ,1910,Hamar
200886141,kysten,1910,Oslo
202944493,aftenposten,1910,Oslo
204374508,unglyden ,1910,Voss
203153802,nordenfjeldsktidende,1910,Levanger
203198811,stavangeraftenblad,1910,Stavanger
200564531,foerstemai,1910,Stavanger
203411549,soloerposten,1910,
203535186,lofotposten,1910,
201035430,morgenbladet,1910,Oslo
200911528,lillehammertilskuer,1910,Lillehammer
201629225,stjordalensblad,1910,Stjørdal
202622000,norskkundgjoerelsestidende,1910,Oslo
200866322,kongsbergdagblad,1910,Kongsberg
201452110,romerikesblad,1910,Lillestrøm
200601546,fredriksstadtilskuer,1910,Fredrikstad
200866224,kongsbergdagblad,1910,Kongsberg
202023249,bergensaftenbladbergenattenattini,1910,Bergen
201600279,solungen,1910,Kongsvinger
203386887,sarpen,1910,
200525793,finnmarksposten,1910,Nordkapp
201035740,morgenbladet,1910,Oslo
202601696,nordretrondhjemsamtstidende,1910,
200811184,helgelandsblad,1910,
201035726,morgenbladet,1910,Oslo
201975082,akershuspostenlillestroemnitten,1910,Lørenskog
202483337,langesundsposten,1910,
201556752,socialdemokraten,1910,Oslo
201556794,socialdemokraten,1910,Oslo
200455061,faedrelandsvennen,1910,Kristiansand
201993080,arbeidet,1910,Bergen
201109361,mosstilskuer,1910,Moss
202041025,bergensannoncetidende,1910,
201600217,solungen,1910,Kongsvinger
201505834,sandefjordsblad,1910,Sandefjord
202023463,bergensaftenbladbergenattenattini,1910,Bergen
202589639,nordlendingen,1910,
203198764,stavangeraftenblad,1910,Stavanger
202050551,bodotidende,1910,Bodø
201817119,tvedestrandsposten,1910,Tvedestrand
201775739,tromsoeposten,1910,Tromsø
203579246,narviktidende,1910,
203125193,indtrondelagen,1910,
201035728,morgenbladet,1910,Oslo
203907754,oerebladet,1910,
201781554,tromsoestiftstidende,1910,Tromsø
202621876,norskkundgjoerelsestidende,1910,Oslo
201798035,trondhjemsadresseavis,1910,Trondheim
201309839,oeieren,1910,
201797886,trondhjemsadresseavis,1910,Trondheim
201434739,rogalandnittensju,1910,Stavanger
203455729,vestfoldsandefjordatten,1910,
203019979,askerogbaerumsbudstikke,1910,Bærum
201798106,trondhjemsadresseavis,1910,Trondheim
203402133,soendhordland,1910,
200694111,gudbrandsdoelen,1910,Lillehammer
202944488,aftenposten,1910,Oslo
200693985,gudbrandsdoelen,1910,Lillehammer
200694011,gudbrandsdoelen,1910,Lillehammer
202050495,bodotidende,1910,Bodø
200886167,kysten,1910,Oslo
200601706,fredriksstadtilskuer,1910,Fredrikstad
203767210,oerebladet,1910,
200601660,fredriksstadtilskuer,1910,Fredrikstad
200436773,dunderlandsdoelen,1910,Rana
201993003,arbeidet,1910,Bergen
204577858,Hamar Stiftstidende ,1910,Hamar
200217509,bergenstidende,1910,Bergen
200454870,faedrelandsvennen,1910,Kristiansand
200911596,lillehammertilskuer,1910,Lillehammer
202222976,folketidendetrondheimattennittien,1910,Trondheim
201974990,akershuspostenlillestroemnitten,1910,Lørenskog
202944316,aftenposten,1910,Oslo
202601733,nordretrondhjemsamtstidende,1910,
204726330,Laagendalsposten ,1910,Kongsberg
200217478,bergenstidende,1910,Bergen
200601670,fredriksstadtilskuer,1910,Fredrikstad
200454887,faedrelandsvennen,1910,Kristiansand
200310991,dagbladet,1910,Oslo
201775822,tromsoeposten,1910,Tromsø
200886176,kysten,1910,Oslo
202541201,mossavis,1910,Moss
203649681,aftenpostenukensnytt,1910,
201505911,sandefjordsblad,1910,Sandefjord
201035581,morgenbladet,1910,Oslo
203302882,buskerudsamtstidendedrammen,1910,
201035586,morgenbladet,1910,Oslo
203386806,sarpen,1910,
202495523,lindesnes,1910,Mandal
201560809,soendretrondhjemsamtstidende,1910,Orkdal
200358282,dagensnytt,1910,
202495493,lindesnes,1910,Mandal
200562543,flekkefjordsposten,1910,
200027879,agder,1910,
201316152,ofotenstidende,1910,Narvik
203433306,tvedestrandogomegnsavis,1910,
202944473,aftenposten,1910,Oslo
201152857,nedenaesamtstidende,1910,Risør
200253751,bratsbergdemokraten,1910,Skien
201941505,vortlandosloattennitti,1910,Oslo
202589657,nordlendingen,1910,
203358853,oevresmaalenene,1910,Indre Østfold
200886096,kysten,1910,Oslo
200525817,finnmarksposten,1910,Nordkapp
202483333,langesundsposten,1910,
201797843,trondhjemsadresseavis,1910,Trondheim
201572979,sogningen,1910,Sogndal
200642875,gjengangeren,1910,Horten
202579897,nordlandsfolkeblad,1910,
204018058,aftenpostenukensnytt,1910,
202040873,bergensannoncetidende,1910,
203125277,indtrondelagen,1910,
203386808,sarpen,1910,
202040901,bergensannoncetidende,1910,
201992888,arbeidet,1910,Bergen
202302473,grimstadposten,1910,
202222787,folketidendetrondheimattennittien,1910,Trondheim
201345497,osterdolen,1910,Tynset
201471561,romsdalsamtstidende,1910,Kristiansund
200676369,grimstadadressetiden,1910,Grimstad
200790833,hedemarkensamtstidende,1910,Hamar
201979084,akersposten,1910,Oslo
203628909,oerebladet,1910,
201035588,morgenbladet,1910,Oslo
201345489,osterdolen,1910,Tynset
200358185,dagensnytt,1910,
202536087,mossaftenblad,1910,
202944458,aftenposten,1910,Oslo
202556368,namdalensfolkeblad,1910,
202424257,indlandsposten,1910,
201797944,trondhjemsadresseavis,1910,Trondheim
204742080,Laagendalsposten ,1910,Kongsberg
200564569,foerstemai,1910,Stavanger
201975019,akershuspostenlillestroemnitten,1910,Lørenskog
201556930,socialdemokraten,1910,Oslo
203411666,soloerposten,1910,
204319034,gjoviksbladattenattifire,1910,
201992972,arbeidet,1910,Bergen
200866196,kongsbergdagblad,1910,Kongsberg
200676390,grimstadadressetiden,1910,Grimstad
203396246,skotfosavisnittennullen,1910,
200911614,lillehammertilskuer,1910,Lillehammer
200623912,fremtiden,1910,Drammen
203358753,oevresmaalenene,1910,Indre Østfold
203199020,stavangeraftenblad,1910,Stavanger
200676404,grimstadadressetiden,1910,Grimstad
200311034,dagbladet,1910,Oslo
201833898,valdres,1910,Nord-Aurdal
202944613,aftenposten,1910,Oslo
203386796,sarpen,1910,
204645774,Samhold (Gjøvik: 1885-1920) ,1910,Gjøvik
200217526,bergenstidende,1910,Bergen
201152874,nedenaesamtstidende,1910,Risør
202505725,listerogmandalsamtstidendeogadresseavis,1910,Lindesnes
204417007,Hamar Stiftstidende ,1910,Hamar
203198976,stavangeraftenblad,1910,Stavanger
201993184,arbeidet,1910,Bergen
202541088,mossavis,1910,Moss
202474844,kristiansundspostenatten,1910,
201992943,arbeidet,1910,Bergen
202944383,aftenposten,1910,Oslo
202621875,norskkundgjoerelsestidende,1910,Oslo
200676493,grimstadadressetiden,1910,Grimstad
201775798,tromsoeposten,1910,Tromsø
204409091,Hamar Stiftstidende ,1910,Hamar
203600270,nordland,1910,
200602378,fremover,1910,Narvik
204293438,vestoplaendingen,1910,
202242352,fredrikshaldstilskuer,1910,Halden
200253782,bratsbergdemokraten,1910,Skien
201276559,norgessjoefartstidende,1910,Oslo
201967732,akershus,1910,Lillestrøm
201993109,arbeidet,1910,Bergen
201798093,trondhjemsadresseavis,1910,Trondheim
202556372,namdalensfolkeblad,1910,
201967750,akershus,1910,Lillestrøm
202589633,nordlendingen,1910,
204241574,gudbrandsdalensfolkebladgjoevik,1910,
202756660,romsdalstidende,1910,
202187074,finmarken,1910,Vardø
202452152,jarlsbergoglarviksamtstidende,1910,Larvik
201345520,osterdolen,1910,Tynset
200253839,bratsbergdemokraten,1910,Skien
202541101,mossavis,1910,Moss
200694084,gudbrandsdoelen,1910,Lillehammer
202642214,oplandenesavis,1910,Hamar
202452114,jarlsbergoglarviksamtstidende,1910,Larvik
203433335,tvedestrandogomegnsavis,1910,
204008806,oerebladet,1910,
200811154,helgelandsblad,1910,
200358211,dagensnytt,1910,
201556905,socialdemokraten,1910,Oslo
203788552,aftenpostenukensnytt,1910,
202023311,bergensaftenbladbergenattenattini,1910,Bergen
202495532,lindesnes,1910,Mandal
203411637,soloerposten,1910,
202495479,lindesnes,1910,Mandal
201797835,trondhjemsadresseavis,1910,Trondheim
200253772,bratsbergdemokraten,1910,Skien
204241603,gudbrandsdalensfolkebladgjoevik,1910,
202541094,mossavis,1910,Moss
201345604,osterdolen,1910,Tynset
201967599,akershus,1910,Lillestrøm
201797746,trondhjemsadresseavis,1910,Trondheim
200027846,agder,1910,
202050585,bodotidende,1910,Bodø
202059902,breviksposten,1910,Porsgrunn
202541157,mossavis,1910,Moss
201629252,stjordalensblad,1910,Stjørdal
202452198,jarlsbergoglarviksamtstidende,1910,Larvik
202944273,aftenposten,1910,Oslo
203358798,oevresmaalenene,1910,Indre Østfold
200562560,flekkefjordsposten,1910,
203386862,sarpen,1910,
202536083,mossaftenblad,1910,
201170411,nordkapp,1910,
200866131,kongsbergdagblad,1910,Kongsberg
201035770,morgenbladet,1910,Oslo
201035321,morgenbladet,1910,Oslo
203607765,lofotposten,1910,
203430454,tunsbergeren,1910,
200601730,fredriksstadtilskuer,1910,Fredrikstad
201600320,solungen,1910,Kongsvinger
201797673,trondhjemsadresseavis,1910,Trondheim
200217662,bergenstidende,1910,Bergen
201345508,osterdolen,1910,Tynset
202040998,bergensannoncetidende,1910,
203927867,helgeland,1910,
203198907,stavangeraftenblad,1910,Stavanger
204281942,saltensfremtid,1910,
201316091,ofotenstidende,1910,Narvik
202452022,jarlsbergoglarviksamtstidende,1910,Larvik
200217308,bergenstidende,1910,Bergen
204694455,Samhold (Gjøvik: 1885-1920) ,1910,Gjøvik
203455765,vestfoldsandefjordatten,1910,
201974974,akershuspostenlillestroemnitten,1910,Lørenskog
204584478,Hamar Stiftstidende ,1910,Hamar
202495454,lindesnes,1910,Mandal
202023274,bergensaftenbladbergenattenattini,1910,Bergen
202621981,norskkundgjoerelsestidende,1910,Oslo
202023474,bergensaftenbladbergenattenattini,1910,Bergen
201671729,svelviksposten,1910,Drammen
201967686,akershus,1910,Lillestrøm
201992876,arbeidet,1910,Bergen
200027811,agder,1910,
203455778,vestfoldsandefjordatten,1910,
204319017,gjoviksbladattenattifire,1910,
200928313,lillesandsposten,1910,Lillesand
201973519,akershusfolkebladdroebak,1910,Oslo
201600269,solungen,1910,Kongsvinger
200217587,bergenstidende,1910,Bergen
201950843,agderposten,1910,Arendal
202040987,bergensannoncetidende,1910,
202541113,mossavis,1910,Moss
200454921,faedrelandsvennen,1910,Kristiansand
201276496,norgessjoefartstidende,1910,Oslo
202579923,nordlandsfolkeblad,1910,
202041033,bergensannoncetidende,1910,
200831112,indresmaalenenesavis,1910,Indre Østfold
200866181,kongsbergdagblad,1910,Kongsberg
201309809,oeieren,1910,
200253824,bratsbergdemokraten,1910,Skien
204379029,Samhold (Gjøvik: 1885-1920) ,1910,Gjøvik
204318969,gjoviksbladattenattifire,1910,
200562558,flekkefjordsposten,1910,
200676364,grimstadadressetiden,1910,Grimstad
202222875,folketidendetrondheimattennittien,1910,Trondheim
203925153,lofotposten,1910,
201817064,tvedestrandsposten,1910,Tvedestrand
200455010,faedrelandsvennen,1910,Kristiansand
202786855,skandinaven,1910,
202050514,bodotidende,1910,Bodø
202474848,kristiansundspostenatten,1910,
201797826,trondhjemsadresseavis,1910,Trondheim
200455076,faedrelandsvennen,1910,Kristiansand
201452099,romerikesblad,1910,Lillestrøm
201316126,ofotenstidende,1910,Narvik
202223002,folketidendetrondheimattennittien,1910,Trondheim
201109466,mosstilskuer,1910,Moss
202187091,finmarken,1910,Vardø
202556335,namdalensfolkeblad,1910,
203125284,indtrondelagen,1910,
202621751,norskkundgjoerelsestidende,1910,Oslo
203411608,soloerposten,1910,
200886088,kysten,1910,Oslo
200885983,kysten,1910,Oslo
202479159,landmandsposten,1910,
204526504,Hamar Stiftstidende ,1910,Hamar
202040882,bergensannoncetidende,1910,
203358874,oevresmaalenene,1910,Indre Østfold
200027915,agder,1910,
204540906,Samhold (Gjøvik: 1885-1920) ,1910,Gjøvik
203358800,oevresmaalenene,1910,Indre Østfold
202944611,aftenposten,1910,Oslo
203411663,soloerposten,1910,
204361075,unglyden ,1910,Voss
201775738,tromsoeposten,1910,Tromsø
200564579,foerstemai,1910,Stavanger
202541214,mossavis,1910,Moss
201276413,norgessjoefartstidende,1910,Oslo
201572990,sogningen,1910,Sogndal
202181468,farsundsavis,1910,Farsund
202505743,listerogmandalsamtstidendeogadresseavis,1910,Lindesnes
202302449,grimstadposten,1910,
200886005,kysten,1910,Oslo
200928361,lillesandsposten,1910,Lillesand
201170454,nordkapp,1910,
202579970,nordlandsfolkeblad,1910,
201109484,mosstilskuer,1910,Moss
202790694,soendmoerefolkeblad,1910,
203455788,vestfoldsandefjordatten,1910,
201556978,socialdemokraten,1910,Oslo
201993133,arbeidet,1910,Bergen
201993029,arbeidet,1910,Bergen
202585473,nordlandsposten,1910,Bodø
202541142,mossavis,1910,Moss
200217331,bergenstidende,1910,Bergen
203303074,buskerudsamtstidendedrammen,1910,
201035894,morgenbladet,1910,Oslo
203455608,vestfoldsandefjordatten,1910,
201572950,sogningen,1910,Sogndal
200601477,fredriksstadtilskuer,1910,Fredrikstad
200886052,kysten,1910,Oslo
201309836,oeieren,1910,
201477532,romsdalsbudstikke,1910,Molde
203302984,buskerudsamtstidendedrammen,1910,
204710249,Laagendalsposten ,1910,Kongsberg
201797900,trondhjemsadresseavis,1910,Trondheim
203198928,stavangeraftenblad,1910,Stavanger
202601693,nordretrondhjemsamtstidende,1910,
203302962,buskerudsamtstidendedrammen,1910,
201556824,socialdemokraten,1910,Oslo
200562512,flekkefjordsposten,1910,
201217592,nordlys,1910,Tromsø
200928321,lillesandsposten,1910,Lillesand
201600315,solungen,1910,Kongsvinger
203455818,vestfoldsandefjordatten,1910,
200436793,dunderlandsdoelen,1910,Rana
202944653,aftenposten,1910,Oslo
201505864,sandefjordsblad,1910,Sandefjord
201152847,nedenaesamtstidende,1910,Risør
204151363,fjordenestidende,1910,
201194382,nordlandsposten,1910,Bodø
202568235,nordfjord,1910,
203125219,indtrondelagen,1910,
201556879,socialdemokraten,1910,Oslo
202944772,aftenposten,1910,Oslo
204241556,gudbrandsdalensfolkebladgjoevik,1910,
203884207,aftenpostenukensnytt,1910,
203303076,buskerudsamtstidendedrammen,1910,
202012933,baerumogaskersblad,1910,
202452107,jarlsbergoglarviksamtstidende,1910,Larvik
202023266,bergensaftenbladbergenattenattini,1910,Bergen
202040789,bergensannoncetidende,1910,
202041019,bergensannoncetidende,1910,
201309825,oeieren,1910,
201993017,arbeidet,1910,Bergen
202944847,aftenposten,1910,Oslo
202424271,indlandsposten,1910,
203430373,tunsbergeren,1910,
202500381,listerfarsundatten,1910,
202060017,breviksposten,1910,Porsgrunn
202495485,lindesnes,1910,Mandal
203393416,senjensbladnittennullsju,1910,
202222830,folketidendetrondheimattennittien,1910,Trondheim
200027914,agder,1910,
202790697,soendmoerefolkeblad,1910,
201775793,tromsoeposten,1910,Tromsø
201797942,trondhjemsadresseavis,1910,Trondheim
201775821,tromsoeposten,1910,Tromsø
202505752,listerogmandalsamtstidendeogadresseavis,1910,Lindesnes
200752812,harstadtidende,1910,Harstad
202786826,skandinaven,1910,
200602397,fremover,1910,Narvik
201471452,romsdalsamtstidende,1910,Kristiansund
202556303,namdalensfolkeblad,1910,
202944764,aftenposten,1910,Oslo
200217351,bergenstidende,1910,Bergen
202424341,indlandsposten,1910,
203838642,helgeland,1910,
203302987,buskerudsamtstidendedrammen,1910,
201594573,sognstidend,1910,Sogndal
201217574,nordlys,1910,Tromsø
201600288,solungen,1910,Kongsvinger
201979058,akersposten,1910,Oslo
200358151,dagensnytt,1910,
201798051,trondhjemsadresseavis,1910,Trondheim
200866107,kongsbergdagblad,1910,Kongsberg
201560832,soendretrondhjemsamtstidende,1910,Orkdal
202944789,aftenposten,1910,Oslo
204241521,gudbrandsdalensfolkebladgjoevik,1910,
201316104,ofotenstidende,1910,Narvik
201316094,ofotenstidende,1910,Narvik
200790812,hedemarkensamtstidende,1910,Hamar
201276592,norgessjoefartstidende,1910,Oslo
203198761,stavangeraftenblad,1910,Stavanger
203117086,indheredsposten,1910,
202536120,mossaftenblad,1910,
201798005,trondhjemsadresseavis,1910,Trondheim
203934150,oerebladet,1910,
202474812,kristiansundspostenatten,1910,
203303080,buskerudsamtstidendedrammen,1910,
200885987,kysten,1910,Oslo
200928410,lillesandsposten,1910,Lillesand
202609812,nordtroenderen,1910,
203740789,oerebladet,1910,
201967603,akershus,1910,Lillestrøm
203980907,nordland,1910,
202609839,nordtroenderen,1910,
203198983,stavangeraftenblad,1910,Stavanger
200811214,helgelandsblad,1910,
200217652,bergenstidende,1910,Bergen
202944176,aftenposten,1910,Oslo
203396255,skotfosavisnittennullen,1910,
201993073,arbeidet,1910,Bergen
201594604,sognstidend,1910,Sogndal
200911489,lillehammertilskuer,1910,Lillehammer
202786819,skandinaven,1910,
203358821,oevresmaalenene,1910,Indre Østfold
201950801,agderposten,1910,Arendal
202050549,bodotidende,1910,Bodø
201345481,osterdolen,1910,Tynset
201556891,socialdemokraten,1910,Oslo
200811167,helgelandsblad,1910,
202541100,mossavis,1910,Moss
200253821,bratsbergdemokraten,1910,Skien
204689446,Hamar Stiftstidende ,1910,Hamar
202621734,norskkundgjoerelsestidende,1910,Oslo
201434750,rogalandnittensju,1910,Stavanger
202040779,bergensannoncetidende,1910,
200885986,kysten,1910,Oslo
202041016,bergensannoncetidende,1910,
203020067,askerogbaerumsbudstikke,1910,Bærum
200831109,indresmaalenenesavis,1910,Indre Østfold
201276363,norgessjoefartstidende,1910,Oslo
202505777,listerogmandalsamtstidendeogadresseavis,1910,Lindesnes
203386773,sarpen,1910,
203393418,senjensbladnittennullsju,1910,
200455073,faedrelandsvennen,1910,Kristiansand
200676413,grimstadadressetiden,1910,Grimstad
202239740,fredrikshaldsavis,1910,
203153701,nordenfjeldsktidende,1910,Levanger
202023489,bergensaftenbladbergenattenattini,1910,Bergen
202023378,bergensaftenbladbergenattenattini,1910,Bergen
201941537,vortlandosloattennitti,1910,Oslo
203358781,oevresmaalenene,1910,Indre Østfold
202410627,hordalandfolkeblad,1910,Kvam
200027883,agder,1910,
200811152,helgelandsblad,1910,
201152823,nedenaesamtstidende,1910,Risør
202023225,bergensaftenbladbergenattenattini,1910,Bergen
202642225,oplandenesavis,1910,Hamar
201775785,tromsoeposten,1910,Tromsø
202222853,folketidendetrondheimattennittien,1910,Trondheim
202568243,nordfjord,1910,
201035756,morgenbladet,1910,Oslo
202786811,skandinaven,1910,
201276428,norgessjoefartstidende,1910,Oslo
202012910,baerumogaskersblad,1910,
204319083,gjoviksbladattenattifire,1910,
200928400,lillesandsposten,1910,Lillesand
202479125,landmandsposten,1910,
202621769,norskkundgjoerelsestidende,1910,Oslo
202424336,indlandsposten,1910,
200623920,fremtiden,1910,Drammen
203198968,stavangeraftenblad,1910,Stavanger
201035692,morgenbladet,1910,Oslo
201109396,mosstilskuer,1910,Moss
202023445,bergensaftenbladbergenattenattini,1910,Bergen
202536057,mossaftenblad,1910,
203411649,soloerposten,1910,
202642197,oplandenesavis,1910,Hamar
202059896,breviksposten,1910,Porsgrunn
200866330,kongsbergdagblad,1910,Kongsberg
203463201,vossavis,1910,
202479121,landmandsposten,1910,
204241578,gudbrandsdalensfolkebladgjoevik,1910,
204389306,Samhold (Gjøvik: 1885-1920) ,1910,Gjøvik
201797658,trondhjemsadresseavis,1910,Trondheim
202621849,norskkundgjoerelsestidende,1910,Oslo
203302933,buskerudsamtstidendedrammen,1910,
202239763,fredrikshaldsavis,1910,
202023259,bergensaftenbladbergenattenattini,1910,Bergen
202158983,egersundsposten,1910,Eigersund
200811226,helgelandsblad,1910,
203709755,warensardne,1910,
203198770,stavangeraftenblad,1910,Stavanger
203165825,nordrebergenhusamtstidende,1910,Kinn
201797894,trondhjemsadresseavis,1910,Trondheim
200253775,bratsbergdemokraten,1910,Skien
201967758,akershus,1910,Lillestrøm
203778419,aftenpostenukensnytt,1910,
202239823,fredrikshaldsavis,1910,
201035739,morgenbladet,1910,Oslo
202790722,soendmoerefolkeblad,1910,
201152875,nedenaesamtstidende,1910,Risør
204293446,vestoplaendingen,1910,
201556874,socialdemokraten,1910,Oslo
202621732,norskkundgjoerelsestidende,1910,Oslo
202040716,bergensannoncetidende,1910,
203996568,helgeland,1910,
203558647,oerebladet,1910,
202790765,soendmoerefolkeblad,1910,
204241500,gudbrandsdalensfolkebladgjoevik,1910,
201833999,valdres,1910,Nord-Aurdal
203987407,lofotposten,1910,
201035781,morgenbladet,1910,Oslo
201109483,mosstilskuer,1910,Moss
201276471,norgessjoefartstidende,1910,Oslo
202012880,baerumogaskersblad,1910,
203768580,narviktidende,1910,
203455757,vestfoldsandefjordatten,1910,
201170453,nordkapp,1910,
200602392,fremover,1910,Narvik
200752813,harstadtidende,1910,Harstad
202944950,aftenposten,1910,Oslo
200027814,agder,1910,
202621850,norskkundgjoerelsestidende,1910,Oslo
201316092,ofotenstidende,1910,Narvik
204241476,gudbrandsdalensfolkebladgjoevik,1910,
203117033,indheredsposten,1910,
203812915,lofotposten,1910,
200623866,fremtiden,1910,Drammen
200217611,bergenstidende,1910,Bergen
203916995,helgeland,1910,
203455628,vestfoldsandefjordatten,1910,
202944755,aftenposten,1910,Oslo
201967742,akershus,1910,Lillestrøm
202944802,aftenposten,1910,Oslo
202601731,nordretrondhjemsamtstidende,1910,
201035850,morgenbladet,1910,Oslo
203959020,buskerudsblad,1910,
202483307,langesundsposten,1910,
200886021,kysten,1910,Oslo
201170419,nordkapp,1910,
202187120,finmarken,1910,Vardø
201973556,akershusfolkebladdroebak,1910,Oslo
201967660,akershus,1910,Lillestrøm
203785634,buskerudsblad,1910,
201276586,norgessjoefartstidende,1910,Oslo
200253816,bratsbergdemokraten,1910,Skien
200310917,dagbladet,1910,Oslo
200311031,dagbladet,1910,Oslo
202452049,jarlsbergoglarviksamtstidende,1910,Larvik
201556854,socialdemokraten,1910,Oslo
200667866,glommendalen,1910,Kongsvinger
200217354,bergenstidende,1910,Bergen
200831029,indresmaalenenesavis,1910,Indre Østfold
201560810,soendretrondhjemsamtstidende,1910,Orkdal
204519291,Hamar Stiftstidende ,1910,Hamar
200562507,flekkefjordsposten,1910,
202522301,more,1910,Volda
204667313,Samhold (Gjøvik: 1885-1920) ,1910,Gjøvik
203386779,sarpen,1910,
202040776,bergensannoncetidende,1910,
200562573,flekkefjordsposten,1910,
202410654,hordalandfolkeblad,1910,Kvam
202479175,landmandsposten,1910,
201797823,trondhjemsadresseavis,1910,Trondheim
201035652,morgenbladet,1910,Oslo
201556876,socialdemokraten,1910,Oslo
201833983,valdres,1910,Nord-Aurdal
200886110,kysten,1910,Oslo
201163460,nordisktidende,1910,
200311028,dagbladet,1910,Oslo
203198937,stavangeraftenblad,1910,Stavanger
202040743,bergensannoncetidende,1910,
204293471,vestoplaendingen,1910,
202483372,langesundsposten,1910,
203958613,lofotposten,1910,
200866200,kongsbergdagblad,1910,Kongsberg
202642263,oplandenesavis,1910,Hamar
203430395,tunsbergeren,1910,
202500308,listerfarsundatten,1910,
203455661,vestfoldsandefjordatten,1910,
203402176,soendhordland,1910,
201316129,ofotenstidende,1910,Narvik
202642210,oplandenesavis,1910,Hamar
201109472,mosstilskuer,1910,Moss
201505871,sandefjordsblad,1910,Sandefjord
203455616,vestfoldsandefjordatten,1910,
202790743,soendmoerefolkeblad,1910,
202040880,bergensannoncetidende,1910,
200676366,grimstadadressetiden,1910,Grimstad
203153797,nordenfjeldsktidende,1910,Levanger
201276323,norgessjoefartstidende,1910,Oslo
202579954,nordlandsfolkeblad,1910,
202302539,grimstadposten,1910,
201967650,akershus,1910,Lillestrøm
203303099,buskerudsamtstidendedrammen,1910,
203780415,buskerudsblad,1910,
200928310,lillesandsposten,1910,Lillesand
201573021,sogningen,1910,Sogndal
200455003,faedrelandsvennen,1910,Kristiansand
204293485,vestoplaendingen,1910,
200831097,indresmaalenenesavis,1910,Indre Østfold
203153810,nordenfjeldsktidende,1910,Levanger
200217474,bergenstidende,1910,Bergen
202239739,fredrikshaldsavis,1910,
201471540,romsdalsamtstidende,1910,Kristiansund
201993044,arbeidet,1910,Bergen
202222792,folketidendetrondheimattennittien,1910,Trondheim
202452141,jarlsbergoglarviksamtstidende,1910,Larvik
200866227,kongsbergdagblad,1910,Kongsberg
203455634,vestfoldsandefjordatten,1910,
200358136,dagensnytt,1910,
204319004,gjoviksbladattenattifire,1910,
203165819,nordrebergenhusamtstidende,1910,Kinn
203430386,tunsbergeren,1910,
200928332,lillesandsposten,1910,Lillesand
203020045,askerogbaerumsbudstikke,1910,Bærum
203703741,salten,1910,
203698584,aftenpostenukensnytt,1910,
203411571,soloerposten,1910,
201316185,ofotenstidende,1910,Narvik
200676407,grimstadadressetiden,1910,Grimstad
203020024,askerogbaerumsbudstikke,1910,Bærum
202944202,aftenposten,1910,Oslo
201452150,romerikesblad,1910,Lillestrøm
201600268,solungen,1910,Kongsvinger
202642184,oplandenesavis,1910,Hamar
202536097,mossaftenblad,1910,
202790792,soendmoerefolkeblad,1910,
200217407,bergenstidende,1910,Bergen
200217429,bergenstidende,1910,Bergen
201817061,tvedestrandsposten,1910,Tvedestrand
202222863,folketidendetrondheimattennittien,1910,Trondheim
200886163,kysten,1910,Oslo
204634858,Bergensposten Fram (Bergen 1892-1893) ,1910,Bergen
202187100,finmarken,1910,Vardø
203951404,lofotposten,1910,
200311127,dagbladet,1910,Oslo
200866171,kongsbergdagblad,1910,Kongsberg
200866258,kongsbergdagblad,1910,Kongsberg
202554097,namdalensblad,1910,
203302919,buskerudsamtstidendedrammen,1910,
202589621,nordlendingen,1910,
202944395,aftenposten,1910,Oslo
202050544,bodotidende,1910,Bodø
201471444,romsdalsamtstidende,1910,Kristiansund
202222794,folketidendetrondheimattennittien,1910,Trondheim
203168040,nordrebergenhusfolkeblad,1910,Kinn
202023228,bergensaftenbladbergenattenattini,1910,Bergen
200676474,grimstadadressetiden,1910,Grimstad
202302518,grimstadposten,1910,
200886072,kysten,1910,Oslo
202495510,lindesnes,1910,Mandal
203687480,aftenpostenukensnytt,1910,
201276359,norgessjoefartstidende,1910,Oslo
201477504,romsdalsbudstikke,1910,Molde
201556945,socialdemokraten,1910,Oslo
200790828,hedemarkensamtstidende,1910,Hamar
202621803,norskkundgjoerelsestidende,1910,Oslo
204622125,Hamar Stiftstidende ,1910,Hamar
200866251,kongsbergdagblad,1910,Kongsberg
201992977,arbeidet,1910,Bergen
202057327,breidablik,1910,
204318998,gjoviksbladattenattifire,1910,
203411647,soloerposten,1910,
201556748,socialdemokraten,1910,Oslo
201505981,sandefjordsblad,1910,Sandefjord
200886038,kysten,1910,Oslo
203402170,soendhordland,1910,
203430430,tunsbergeren,1910,
202568282,nordfjord,1910,
201993149,arbeidet,1910,Bergen
202222728,folketidendetrondheimattennittien,1910,Trondheim
202786876,skandinaven,1910,
202554128,namdalensblad,1910,
200562557,flekkefjordsposten,1910,
201035590,morgenbladet,1910,Oslo
202059983,breviksposten,1910,Porsgrunn
201975009,akershuspostenlillestroemnitten,1910,Lørenskog
201505832,sandefjordsblad,1910,Sandefjord
200310930,dagbladet,1910,Oslo
203455699,vestfoldsandefjordatten,1910,
204597275,Hamar Stiftstidende ,1910,Hamar
203168026,nordrebergenhusfolkeblad,1910,Kinn
201109410,mosstilskuer,1910,Moss
200642965,gjengangeren,1910,Horten
201975085,akershuspostenlillestroemnitten,1910,Lørenskog
200790919,hedemarkensamtstidende,1910,Hamar
203199047,stavangeraftenblad,1910,Stavanger
203386857,sarpen,1910,
202452053,jarlsbergoglarviksamtstidende,1910,Larvik
200642981,gjengangeren,1910,Horten
204452570,Samhold (Gjøvik: 1885-1920) ,1910,Gjøvik
200811216,helgelandsblad,1910,
203168017,nordrebergenhusfolkeblad,1910,Kinn
200217630,bergenstidende,1910,Bergen
201797712,trondhjemsadresseavis,1910,Trondheim
200310840,dagbladet,1910,Oslo
203603655,oerebladet,1910,
204293463,vestoplaendingen,1910,
204631565,Bergensposten Fram (Bergen 1892-1893) ,1910,Bergen
201276527,norgessjoefartstidende,1910,Oslo
201775756,tromsoeposten,1910,Tromsø
202040726,bergensannoncetidende,1910,
204293470,vestoplaendingen,1910,
203153804,nordenfjeldsktidende,1910,Levanger
201833938,valdres,1910,Nord-Aurdal
202059952,breviksposten,1910,Porsgrunn
202410669,hordalandfolkeblad,1910,Kvam
203125162,indtrondelagen,1910,
201993097,arbeidet,1910,Bergen
200454964,faedrelandsvennen,1910,Kristiansand
203125275,indtrondelagen,1910,
200217321,bergenstidende,1910,Bergen
201309821,oeieren,1910,
202452162,jarlsbergoglarviksamtstidende,1910,Larvik
201967605,akershus,1910,Lillestrøm
202554121,namdalensblad,1910,
203358799,oevresmaalenene,1910,Indre Østfold
202474900,kristiansundspostenatten,1910,
201833896,valdres,1910,Nord-Aurdal
201194380,nordlandsposten,1910,Bodø
201993126,arbeidet,1910,Bergen
203514829,aftenpostenukensnytt,1910,
203430425,tunsbergeren,1910,
201345568,osterdolen,1910,Tynset
200358228,dagensnytt,1910,
200310975,dagbladet,1910,Oslo
201345589,osterdolen,1910,Tynset
200642972,gjengangeren,1910,Horten
203433314,tvedestrandogomegnsavis,1910,
200436779,dunderlandsdoelen,1910,Rana
202023255,bergensaftenbladbergenattenattini,1910,Bergen
203885545,nordland,1910,
200253750,bratsbergdemokraten,1910,Skien
202424266,indlandsposten,1910,
201452085,romerikesblad,1910,Lillestrøm
201797695,trondhjemsadresseavis,1910,Trondheim
202040855,bergensannoncetidende,1910,
200601474,fredriksstadtilskuer,1910,Fredrikstad
202554066,namdalensblad,1910,
201217561,nordlys,1910,Tromsø
202474803,kristiansundspostenatten,1910,
202424291,indlandsposten,1910,
203433299,tvedestrandogomegnsavis,1910,
204293427,vestoplaendingen,1910,
200601661,fredriksstadtilskuer,1910,Fredrikstad
200217582,bergenstidende,1910,Bergen
203302951,buskerudsamtstidendedrammen,1910,
202452126,jarlsbergoglarviksamtstidende,1910,Larvik
201797671,trondhjemsadresseavis,1910,Trondheim
202621919,norskkundgjoerelsestidende,1910,Oslo
202790713,soendmoerefolkeblad,1910,
201035416,morgenbladet,1910,Oslo
202410683,hordalandfolkeblad,1910,Kvam
202239744,fredrikshaldsavis,1910,
200752868,harstadtidende,1910,Harstad
200455059,faedrelandsvennen,1910,Kristiansand
201163479,nordisktidende,1910,
201276543,norgessjoefartstidende,1910,Oslo
202187056,finmarken,1910,Vardø
204319043,gjoviksbladattenattifire,1910,
203125231,indtrondelagen,1910,
202621973,norskkundgjoerelsestidende,1910,Oslo
201035733,morgenbladet,1910,Oslo
200454995,faedrelandsvennen,1910,Kristiansand
201950813,agderposten,1910,Arendal
200866285,kongsbergdagblad,1910,Kongsberg
202222783,folketidendetrondheimattennittien,1910,Trondheim
200311002,dagbladet,1910,Oslo
204039084,aftenpostenukensnytt,1910,
202790778,soendmoerefolkeblad,1910,
201276422,norgessjoefartstidende,1910,Oslo
202790725,soendmoerefolkeblad,1910,
201560839,soendretrondhjemsamtstidende,1910,Orkdal
203358770,oevresmaalenene,1910,Indre Østfold
203853264,lofotposten,1910,
200886158,kysten,1910,Oslo
200676478,grimstadadressetiden,1910,Grimstad
202023404,bergensaftenbladbergenattenattini,1910,Bergen
200866119,kongsbergdagblad,1910,Kongsberg
203455622,vestfoldsandefjordatten,1910,
202023444,bergensaftenbladbergenattenattini,1910,Bergen
202554188,namdalensblad,1910,
202944522,aftenposten,1910,Oslo
203167988,nordrebergenhusfolkeblad,1910,Kinn
201505978,sandefjordsblad,1910,Sandefjord
202621705,norskkundgjoerelsestidende,1910,Oslo
203463184,vossavis,1910,
200027815,agder,1910,
202059956,breviksposten,1910,Porsgrunn
204711112,Laagendalsposten ,1910,Kongsberg
203959813,nordland,1910,
200642950,gjengangeren,1910,Horten
201556840,socialdemokraten,1910,Oslo
204293387,vestoplaendingen,1910,
200525800,finnmarksposten,1910,Nordkapp
201629246,stjordalensblad,1910,Stjørdal
202023459,bergensaftenbladbergenattenattini,1910,Bergen
203020033,askerogbaerumsbudstikke,1910,Bærum
201797698,trondhjemsadresseavis,1910,Trondheim
202522306,more,1910,Volda
201941532,vortlandosloattennitti,1910,Oslo
200217466,bergenstidende,1910,Bergen
203701966,buskerudsblad,1910,
200866128,kongsbergdagblad,1910,Kongsberg
203668166,aftenpostenukensnytt,1910,
202410680,hordalandfolkeblad,1910,Kvam
202479188,landmandsposten,1910,
202522298,more,1910,Volda
201775771,tromsoeposten,1910,Tromsø
203760262,nordland,1910,
203893740,helgeland,1910,
204319094,gjoviksbladattenattifire,1910,
201557043,socialdemokraten,1910,Oslo
203386892,sarpen,1910,
200667777,glommendalen,1910,Kongsvinger
200601510,fredriksstadtilskuer,1910,Fredrikstad
200436800,dunderlandsdoelen,1910,Rana
202642176,oplandenesavis,1910,Hamar
200601577,fredriksstadtilskuer,1910,Fredrikstad
201950781,agderposten,1910,Arendal
201979067,akersposten,1910,Oslo
200454897,faedrelandsvennen,1910,Kristiansand
200044496,agderposten,1910,Arendal
202159019,egersundsposten,1910,Eigersund
201600297,solungen,1910,Kongsvinger
203411586,soloerposten,1910,
201035837,morgenbladet,1910,Oslo
203199042,stavangeraftenblad,1910,Stavanger
202479224,landmandsposten,1910,
200866372,kongsbergdagblad,1910,Kongsberg
202474842,kristiansundspostenatten,1910,
202158950,egersundsposten,1910,Eigersund
203302985,buskerudsamtstidendedrammen,1910,
203433389,tvedestrandogomegnsavis,1910,
202023238,bergensaftenbladbergenattenattini,1910,Bergen
203386915,sarpen,1910,
203610878,nordland,1910,
200790832,hedemarkensamtstidende,1910,Hamar
203430357,tunsbergeren,1910,
204741109,Laagendalsposten ,1910,Kongsberg
201556955,socialdemokraten,1910,Oslo
202410727,hordalandfolkeblad,1910,Kvam
203386889,sarpen,1910,
202495551,lindesnes,1910,Mandal
202023332,bergensaftenbladbergenattenattini,1910,Bergen
203578257,aftenpostenukensnytt,1910,
202536132,mossaftenblad,1910,
202158956,egersundsposten,1910,Eigersund
203302953,buskerudsamtstidendedrammen,1910,
203915386,buskerudsblad,1910,
202944644,aftenposten,1910,Oslo
200455145,faedrelandsvennen,1910,Kristiansand
202239805,fredrikshaldsavis,1910,
202944804,aftenposten,1910,Oslo
200676475,grimstadadressetiden,1910,Grimstad
201035539,morgenbladet,1910,Oslo
200564582,foerstemai,1910,Stavanger
204054131,aftenpostenukensnytt,1910,
202040751,bergensannoncetidende,1910,
202242340,fredrikshaldstilskuer,1910,Halden
200602331,fremover,1910,Narvik
203302968,buskerudsamtstidendedrammen,1910,
200311029,dagbladet,1910,Oslo
200311068,dagbladet,1910,Oslo
201556892,socialdemokraten,1910,Oslo
202556313,namdalensfolkeblad,1910,
202474808,kristiansundspostenatten,1910,
201345470,osterdolen,1910,Tynset
201974992,akershuspostenlillestroemnitten,1910,Lørenskog
203393412,senjensbladnittennullsju,1910,
202554063,namdalensblad,1910,
202536127,mossaftenblad,1910,
201950782,agderposten,1910,Arendal
200676412,grimstadadressetiden,1910,Grimstad
202536110,mossaftenblad,1910,
202500386,listerfarsundatten,1910,
200642869,gjengangeren,1910,Horten
204721959,Laagendalsposten ,1910,Kongsberg
202012936,baerumogaskersblad,1910,
202023411,bergensaftenbladbergenattenattini,1910,Bergen
200044379,agderposten,1910,Arendal
202181416,farsundsavis,1910,Farsund
202944745,aftenposten,1910,Oslo
204417127,Samhold (Gjøvik: 1885-1920) ,1910,Gjøvik
203801223,helgeland,1910,
202452161,jarlsbergoglarviksamtstidende,1910,Larvik
202483280,langesundsposten,1910,
203358767,oevresmaalenene,1910,Indre Østfold
202944370,aftenposten,1910,Oslo
200752857,harstadtidende,1910,Harstad
203020020,askerogbaerumsbudstikke,1910,Bærum
201035851,morgenbladet,1910,Oslo
200886171,kysten,1910,Oslo
203463147,vossavis,1910,
202040952,bergensannoncetidende,1910,
203302925,buskerudsamtstidendedrammen,1910,
201797655,trondhjemsadresseavis,1910,Trondheim
202040839,bergensannoncetidende,1910,
202187090,finmarken,1910,Vardø
200886177,kysten,1910,Oslo
201217617,nordlys,1910,Tromsø
202057331,breidablik,1910,
200911619,lillehammertilskuer,1910,Lillehammer
204553680,Samhold (Gjøvik: 1885-1920) ,1910,Gjøvik
201163467,nordisktidende,1910,
201276435,norgessjoefartstidende,1910,Oslo
201477520,romsdalsbudstikke,1910,Molde
201035808,morgenbladet,1910,Oslo
202495577,lindesnes,1910,Mandal
201452141,romerikesblad,1910,Lillestrøm
200027840,agder,1910,
200886065,kysten,1910,Oslo
202023468,bergensaftenbladbergenattenattini,1910,Bergen
204241523,gudbrandsdalensfolkebladgjoevik,1910,
200886071,kysten,1910,Oslo
201035439,morgenbladet,1910,Oslo
201950747,agderposten,1910,Arendal
201035444,morgenbladet,1910,Oslo
200886017,kysten,1910,Oslo
201194360,nordlandsposten,1910,Bodø
202786889,skandinaven,1910,
200886042,kysten,1910,Oslo
203302982,buskerudsamtstidendedrammen,1910,
200562603,flekkefjordsposten,1910,
200866234,kongsbergdagblad,1910,Kongsberg
202222816,folketidendetrondheimattennittien,1910,Trondheim
202302510,grimstadposten,1910,
203198819,stavangeraftenblad,1910,Stavanger
202452093,jarlsbergoglarviksamtstidende,1910,Larvik
200693989,gudbrandsdoelen,1910,Lillehammer
200866215,kongsbergdagblad,1910,Kongsberg
203358823,oevresmaalenene,1910,Indre Østfold
203836420,narviktidende,1910,
200310864,dagbladet,1910,Oslo
200752853,harstadtidende,1910,Harstad
203411642,soloerposten,1910,
201797681,trondhjemsadresseavis,1910,Trondheim
204396078,Samhold (Gjøvik: 1885-1920) ,1910,Gjøvik
201967726,akershus,1910,Lillestrøm
202483364,langesundsposten,1910,
201035824,morgenbladet,1910,Oslo
200564481,foerstemai,1910,Stavanger
202222975,folketidendetrondheimattennittien,1910,Trondheim
201345461,osterdolen,1910,Tynset
201973553,akershusfolkebladdroebak,1910,Oslo
200676398,grimstadadressetiden,1910,Grimstad
200886211,kysten,1910,Oslo
202452193,jarlsbergoglarviksamtstidende,1910,Larvik
201594559,sognstidend,1910,Sogndal
201974979,akershuspostenlillestroemnitten,1910,Lørenskog
203198859,stavangeraftenblad,1910,Stavanger
201477481,romsdalsbudstikke,1910,Molde
202944870,aftenposten,1910,Oslo
202239801,fredrikshaldsavis,1910,
200623989,fremtiden,1910,Drammen
204151326,fjordenestidende,1910,
201035307,morgenbladet,1910,Oslo
202944852,aftenposten,1910,Oslo
202410714,hordalandfolkeblad,1910,Kvam
202059949,breviksposten,1910,Porsgrunn
200694122,gudbrandsdoelen,1910,Lillehammer
202242388,fredrikshaldstilskuer,1910,Halden
203302988,buskerudsamtstidendedrammen,1910,
201035497,morgenbladet,1910,Oslo
201276340,norgessjoefartstidende,1910,Oslo
204394714,Hamar Stiftstidende ,1910,Hamar
204710517,Laagendalsposten ,1910,Kongsberg
200044386,agderposten,1910,Arendal
200562581,flekkefjordsposten,1910,
201035751,morgenbladet,1910,Oslo
202944517,aftenposten,1910,Oslo
201941530,vortlandosloattennitti,1910,Oslo
201276593,norgessjoefartstidende,1910,Oslo
202302499,grimstadposten,1910,
201817142,tvedestrandsposten,1910,Tvedestrand
201797870,trondhjemsadresseavis,1910,Trondheim
202040940,bergensannoncetidende,1910,
201600294,solungen,1910,Kongsvinger
202505714,listerogmandalsamtstidendeogadresseavis,1910,Lindesnes
201152890,nedenaesamtstidende,1910,Risør
203358849,oevresmaalenene,1910,Indre Østfold
203463142,vossavis,1910,
202302508,grimstadposten,1910,
202790767,soendmoerefolkeblad,1910,
200455018,faedrelandsvennen,1910,Kristiansand
200886155,kysten,1910,Oslo
202536036,mossaftenblad,1910,
202522333,more,1910,Volda
202410726,hordalandfolkeblad,1910,Kvam
204629493,Samhold (Gjøvik: 1885-1920) ,1910,Gjøvik
203125255,indtrondelagen,1910,
202187065,finmarken,1910,Vardø
201600272,solungen,1910,Kongsvinger
201276474,norgessjoefartstidende,1910,Oslo
200866210,kongsbergdagblad,1910,Kongsberg
202790691,soendmoerefolkeblad,1910,
203820919,helgeland,1910,
200623964,fremtiden,1910,Drammen
202621750,norskkundgjoerelsestidende,1910,Oslo
202040825,bergensannoncetidende,1910,
202944731,aftenposten,1910,Oslo
202556343,namdalensfolkeblad,1910,
202556355,namdalensfolkeblad,1910,
200310910,dagbladet,1910,Oslo
202944898,aftenposten,1910,Oslo
204372808,Hamar Stiftstidende ,1910,Hamar
203455633,vestfoldsandefjordatten,1910,
201035914,morgenbladet,1910,Oslo
203430359,tunsbergeren,1910,
201781508,tromsoestiftstidende,1910,Tromsø
200027778,agder,1910,
201557020,socialdemokraten,1910,Oslo
202041010,bergensannoncetidende,1910,
204293366,vestoplaendingen,1910,
203877483,lofotposten,1910,
202474910,kristiansundspostenatten,1910,
202500346,listerfarsundatten,1910,
201560850,soendretrondhjemsamtstidende,1910,Orkdal
202505721,listerogmandalsamtstidendeogadresseavis,1910,Lindesnes
203386834,sarpen,1910,
203795908,buskerudsblad,1910,
200217609,bergenstidende,1910,Bergen
203153753,nordenfjeldsktidende,1910,Levanger
203797865,oerebladet,1910,
202944856,aftenposten,1910,Oslo
200027917,agder,1910,
200623915,fremtiden,1910,Drammen
201797703,trondhjemsadresseavis,1910,Trondheim
202505708,listerogmandalsamtstidendeogadresseavis,1910,Lindesnes
204293489,vestoplaendingen,1910,
202222800,folketidendetrondheimattennittien,1910,Trondheim
200562606,flekkefjordsposten,1910,
203167964,nordrebergenhusfolkeblad,1910,Kinn
200044462,agderposten,1910,Arendal
202505778,listerogmandalsamtstidendeogadresseavis,1910,Lindesnes
200455063,faedrelandsvennen,1910,Kristiansand
202944531,aftenposten,1910,Oslo
202242361,fredrikshaldstilskuer,1910,Halden
200564562,foerstemai,1910,Stavanger
201556917,socialdemokraten,1910,Oslo
202505809,listerogmandalsamtstidendeogadresseavis,1910,Lindesnes
200217613,bergenstidende,1910,Bergen
201950751,agderposten,1910,Arendal
203455758,vestfoldsandefjordatten,1910,
204494904,Samhold (Gjøvik: 1885-1920) ,1910,Gjøvik
202556384,namdalensfolkeblad,1910,
203302928,buskerudsamtstidendedrammen,1910,
201276334,norgessjoefartstidende,1910,Oslo
200866169,kongsbergdagblad,1910,Kongsberg
201452134,romerikesblad,1910,Lillestrøm
201506006,sandefjordsblad,1910,Sandefjord
200667862,glommendalen,1910,Kongsvinger
203430423,tunsbergeren,1910,
204520578,Samhold (Gjøvik: 1885-1920) ,1910,Gjøvik
200811241,helgelandsblad,1910,
202424292,indlandsposten,1910,
201345539,osterdolen,1910,Tynset
203302981,buskerudsamtstidendedrammen,1910,
201992920,arbeidet,1910,Bergen
203411651,soloerposten,1910,
203402152,soendhordland,1910,
202944595,aftenposten,1910,Oslo
202495499,lindesnes,1910,Mandal
202621893,norskkundgjoerelsestidende,1910,Oslo
203386835,sarpen,1910,
201629274,stjordalensblad,1910,Stjørdal
203558648,oerebladet,1910,
201035580,morgenbladet,1910,Oslo
203198904,stavangeraftenblad,1910,Stavanger
203430355,tunsbergeren,1910,
201781596,tromsoestiftstidende,1910,Tromsø
200866138,kongsbergdagblad,1910,Kongsberg
201797684,trondhjemsadresseavis,1910,Trondheim
202023514,bergensaftenbladbergenattenattini,1910,Bergen
201560835,soendretrondhjemsamtstidende,1910,Orkdal
202041011,bergensannoncetidende,1910,
204025248,helgeland,1910,
202023448,bergensaftenbladbergenattenattini,1910,Bergen
202505756,listerogmandalsamtstidendeogadresseavis,1910,Lindesnes
201975066,akershuspostenlillestroemnitten,1910,Lørenskog
202410689,hordalandfolkeblad,1910,Kvam
204652352,Hamar Stiftstidende ,1910,Hamar
202541122,mossavis,1910,Moss
201594575,sognstidend,1910,Sogndal
202059988,breviksposten,1910,Porsgrunn
202505686,listerogmandalsamtstidendeogadresseavis,1910,Lindesnes
202536089,mossaftenblad,1910,
202505779,listerogmandalsamtstidendeogadresseavis,1910,Lindesnes
202474904,kristiansundspostenatten,1910,
201035530,morgenbladet,1910,Oslo
202424206,indlandsposten,1910,
201556908,socialdemokraten,1910,Oslo
202944927,aftenposten,1910,Oslo
200253780,bratsbergdemokraten,1910,Skien
200623862,fremtiden,1910,Drammen
200911538,lillehammertilskuer,1910,Lillehammer
200217389,bergenstidende,1910,Bergen
201992998,arbeidet,1910,Bergen
204293372,vestoplaendingen,1910,
202187058,finmarken,1910,Vardø
201217601,nordlys,1910,Tromsø
202944527,aftenposten,1910,Oslo
204318972,gjoviksbladattenattifire,1910,
200790886,hedemarkensamtstidende,1910,Hamar
202579973,nordlandsfolkeblad,1910,
202556363,namdalensfolkeblad,1910,
201152831,nedenaesamtstidende,1910,Risør
202944404,aftenposten,1910,Oslo
201993019,arbeidet,1910,Bergen
203730404,nordland,1910,
200676419,grimstadadressetiden,1910,Grimstad
201556781,socialdemokraten,1910,Oslo
203486127,nordland,1910,
202609813,nordtroenderen,1910,
202040833,bergensannoncetidende,1910,
200564546,foerstemai,1910,Stavanger
201035345,morgenbladet,1910,Oslo
203402190,soendhordland,1910,
203595394,lofotposten,1910,
202505827,listerogmandalsamtstidendeogadresseavis,1910,Lindesnes
201992960,arbeidet,1910,Bergen
201560816,soendretrondhjemsamtstidende,1910,Orkdal
201035433,morgenbladet,1910,Oslo
203433298,tvedestrandogomegnsavis,1910,
201600194,solungen,1910,Kongsvinger
202621991,norskkundgjoerelsestidende,1910,Oslo
203020048,askerogbaerumsbudstikke,1910,Bærum
201775786,tromsoeposten,1910,Tromsø
201035386,morgenbladet,1910,Oslo
203125247,indtrondelagen,1910,
202790692,soendmoerefolkeblad,1910,
203125259,indtrondelagen,1910,
200601607,fredriksstadtilskuer,1910,Fredrikstad
201560785,soendretrondhjemsamtstidende,1910,Orkdal
204670208,Hamar Stiftstidende ,1910,Hamar
202621845,norskkundgjoerelsestidende,1910,Oslo
202621957,norskkundgjoerelsestidende,1910,Oslo
201573016,sogningen,1910,Sogndal
200911578,lillehammertilskuer,1910,Lillehammer
202756577,romsdalstidende,1910,
202585483,nordlandsposten,1910,Bodø
203393421,senjensbladnittennullsju,1910,
201505987,sandefjordsblad,1910,Sandefjord
202536035,mossaftenblad,1910,
202239759,fredrikshaldsavis,1910,
200676483,grimstadadressetiden,1910,Grimstad
202786869,skandinaven,1910,
204319075,gjoviksbladattenattifire,1910,
202483295,langesundsposten,1910,
201979079,akersposten,1910,Oslo
202474847,kristiansundspostenatten,1910,
202181389,farsundsavis,1910,Farsund
200564553,foerstemai,1910,Stavanger
200311139,dagbladet,1910,Oslo
202424237,indlandsposten,1910,
201035873,morgenbladet,1910,Oslo
201217538,nordlys,1910,Tromsø
204151394,fjordenestidende,1910,
203430469,tunsbergeren,1910,
201573004,sogningen,1910,Sogndal
202023453,bergensaftenbladbergenattenattini,1910,Bergen
201797708,trondhjemsadresseavis,1910,Trondheim
202568268,nordfjord,1910,
202609838,nordtroenderen,1910,
202050508,bodotidende,1910,Bodø
201035732,morgenbladet,1910,Oslo
200562579,flekkefjordsposten,1910,
203165812,nordrebergenhusamtstidende,1910,Kinn
204241515,gudbrandsdalensfolkebladgjoevik,1910,
200601628,fredriksstadtilskuer,1910,Fredrikstad
203813717,salten,1910,
204525342,unglyden ,1910,Voss
204576681,Hamar Stiftstidende ,1910,Hamar
201035896,morgenbladet,1910,Oslo
201035874,morgenbladet,1910,Oslo
202452182,jarlsbergoglarviksamtstidende,1910,Larvik
200602372,fremover,1910,Narvik
204151333,fjordenestidende,1910,
202568269,nordfjord,1910,
201833984,valdres,1910,Nord-Aurdal
202786834,skandinaven,1910,
200866291,kongsbergdagblad,1910,Kongsberg
201967618,akershus,1910,Lillestrøm
202756656,romsdalstidende,1910,
200911506,lillehammertilskuer,1910,Lillehammer
202040897,bergensannoncetidende,1910,
203854348,oerebladet,1910,
202242369,fredrikshaldstilskuer,1910,Halden
201035832,morgenbladet,1910,Oslo
201781561,tromsoestiftstidende,1910,Tromsø
202452153,jarlsbergoglarviksamtstidende,1910,Larvik
203358776,oevresmaalenene,1910,Indre Østfold
203827259,narviktidende,1910,
201833886,valdres,1910,Nord-Aurdal
203198997,stavangeraftenblad,1910,Stavanger
201973546,akershusfolkebladdroebak,1910,Oslo
202158997,egersundsposten,1910,Eigersund
202790756,soendmoerefolkeblad,1910,
203989195,aftenpostenukensnytt,1910,
203358817,oevresmaalenene,1910,Indre Østfold
203734970,lofotposten,1910,
201629310,stjordalensblad,1910,Stjørdal
203303110,buskerudsamtstidendedrammen,1910,
200253852,bratsbergdemokraten,1910,Skien
202505832,listerogmandalsamtstidendeogadresseavis,1910,Lindesnes
203125279,indtrondelagen,1910,
203433373,tvedestrandogomegnsavis,1910,
202786828,skandinaven,1910,
200676418,grimstadadressetiden,1910,Grimstad
203358792,oevresmaalenene,1910,Indre Østfold
202505688,listerogmandalsamtstidendeogadresseavis,1910,Lindesnes
201781551,tromsoestiftstidende,1910,Tromsø
204494301,Bergensposten Fram (Bergen 1892-1893) ,1910,Bergen
202410640,hordalandfolkeblad,1910,Kvam
201950712,agderposten,1910,Arendal
201600259,solungen,1910,Kongsvinger
201967617,akershus,1910,Lillestrøm
200831113,indresmaalenenesavis,1910,Indre Østfold
201817048,tvedestrandsposten,1910,Tvedestrand
204539758,Hamar Stiftstidende ,1910,Hamar
201471548,romsdalsamtstidende,1910,Kristiansund
202944920,aftenposten,1910,Oslo
202944389,aftenposten,1910,Oslo
200436762,dunderlandsdoelen,1910,Rana
202541097,mossavis,1910,Moss
201109337,mosstilskuer,1910,Moss
202023212,bergensaftenbladbergenattenattini,1910,Bergen
201993135,arbeidet,1910,Bergen
203125182,indtrondelagen,1910,
200667889,glommendalen,1910,Kongsvinger
202536039,mossaftenblad,1910,
204293385,vestoplaendingen,1910,
201594613,sognstidend,1910,Sogndal
202474892,kristiansundspostenatten,1910,
203402134,soendhordland,1910,
203198822,stavangeraftenblad,1910,Stavanger
204293481,vestoplaendingen,1910,
201477518,romsdalsbudstikke,1910,Molde
200253784,bratsbergdemokraten,1910,Skien
200525854,finnmarksposten,1910,Nordkapp
203117076,indheredsposten,1910,
200044398,agderposten,1910,Arendal
202483336,langesundsposten,1910,
202424275,indlandsposten,1910,
203430345,tunsbergeren,1910,
202621944,norskkundgjoerelsestidende,1910,Oslo
200642971,gjengangeren,1910,Horten
202621882,norskkundgjoerelsestidende,1910,Oslo
204293357,vestoplaendingen,1910,
201992883,arbeidet,1910,Bergen
204351114,Bergensposten Fram (Bergen 1892-1893) ,1910,Bergen
203433359,tvedestrandogomegnsavis,1910,
200217456,bergenstidende,1910,Bergen
202159028,egersundsposten,1910,Eigersund
200455069,faedrelandsvennen,1910,Kristiansand
202944929,aftenposten,1910,Oslo
203019975,askerogbaerumsbudstikke,1910,Bærum
200866313,kongsbergdagblad,1910,Kongsberg
202424211,indlandsposten,1910,
203411665,soloerposten,1910,
203728755,nordland,1910,
201992941,arbeidet,1910,Bergen
200253703,bratsbergdemokraten,1910,Skien
201217630,nordlys,1910,Tromsø
201594603,sognstidend,1910,Sogndal
202302467,grimstadposten,1910,
204047169,lofotposten,1910,
201217603,nordlys,1910,Tromsø
202222870,folketidendetrondheimattennittien,1910,Trondheim
200027806,agder,1910,
203153694,nordenfjeldsktidende,1910,Levanger
202159018,egersundsposten,1910,Eigersund
200911557,lillehammertilskuer,1910,Lillehammer
200866111,kongsbergdagblad,1910,Kongsberg
201345543,osterdolen,1910,Tynset
202040854,bergensannoncetidende,1910,
201109407,mosstilskuer,1910,Moss
200676411,grimstadadressetiden,1910,Grimstad
200564491,foerstemai,1910,Stavanger
202040983,bergensannoncetidende,1910,
202944472,aftenposten,1910,Oslo
200886076,kysten,1910,Oslo
201109365,mosstilskuer,1910,Moss
202944778,aftenposten,1910,Oslo
201600203,solungen,1910,Kongsvinger
203590379,helgeland,1910,
201629232,stjordalensblad,1910,Stjørdal
204293445,vestoplaendingen,1910,
203303081,buskerudsamtstidendedrammen,1910,
200790947,hedemarkensamtstidende,1910,Hamar
202642252,oplandenesavis,1910,Hamar
200866112,kongsbergdagblad,1910,Kongsberg
200811188,helgelandsblad,1910,
203463209,vossavis,1910,
203396168,skotfosavisnittennullen,1910,
203709258,helgeland,1910,
202040745,bergensannoncetidende,1910,
204151380,fjordenestidende,1910,
203900615,oerebladet,1910,
202483346,langesundsposten,1910,
203393438,senjensbladnittennullsju,1910,
202554176,namdalensblad,1910,
202541064,mossavis,1910,Moss
203455770,vestfoldsandefjordatten,1910,
201452151,romerikesblad,1910,Lillestrøm
204517694,Hamar Stiftstidende ,1910,Hamar
200831150,indresmaalenenesavis,1910,Indre Østfold
200831118,indresmaalenenesavis,1910,Indre Østfold
200044466,agderposten,1910,Arendal
201600321,solungen,1910,Kongsvinger
201600222,solungen,1910,Kongsvinger
201781575,tromsoestiftstidende,1910,Tromsø
200623953,fremtiden,1910,Drammen
203303028,buskerudsamtstidendedrammen,1910,
201035647,morgenbladet,1910,Oslo
201152843,nedenaesamtstidende,1910,Risør
203430332,tunsbergeren,1910,
202944315,aftenposten,1910,Oslo
204151385,fjordenestidende,1910,
202609793,nordtroenderen,1910,
202944788,aftenposten,1910,Oslo
203475578,oerebladet,1910,
201194370,nordlandsposten,1910,Bodø
203864795,narviktidende,1910,
201345553,osterdolen,1910,Tynset
203411595,soloerposten,1910,
203396178,skotfosavisnittennullen,1910,
201775797,tromsoeposten,1910,Tromsø
201152849,nedenaesamtstidende,1910,Risør
203358863,oevresmaalenene,1910,Indre Østfold
201572999,sogningen,1910,Sogndal
204241595,gudbrandsdalensfolkebladgjoevik,1910,
203411641,soloerposten,1910,
201993028,arbeidet,1910,Bergen
203716004,warensardne,1910,
202495494,lindesnes,1910,Mandal
202424285,indlandsposten,1910,
201276324,norgessjoefartstidende,1910,Oslo
202944299,aftenposten,1910,Oslo
202023369,bergensaftenbladbergenattenattini,1910,Bergen
200667855,glommendalen,1910,Kongsvinger
200667865,glommendalen,1910,Kongsvinger
202601702,nordretrondhjemsamtstidende,1910,
200623936,fremtiden,1910,Drammen
201993187,arbeidet,1910,Bergen
204293443,vestoplaendingen,1910,
203198863,stavangeraftenblad,1910,Stavanger
200217311,bergenstidende,1910,Bergen
200310988,dagbladet,1910,Oslo
204734110,Laagendalsposten ,1910,Kongsberg
204241621,gudbrandsdalensfolkebladgjoevik,1910,
200454872,faedrelandsvennen,1910,Kristiansand
202589646,nordlendingen,1910,
203198965,stavangeraftenblad,1910,Stavanger
202410681,hordalandfolkeblad,1910,Kvam
200667821,glommendalen,1910,Kongsvinger
202944360,aftenposten,1910,Oslo
202642199,oplandenesavis,1910,Hamar
200601751,fredriksstadtilskuer,1910,Fredrikstad
202568286,nordfjord,1910,
202944526,aftenposten,1910,Oslo
201035409,morgenbladet,1910,Oslo
200217516,bergenstidende,1910,Bergen
201217585,nordlys,1910,Tromsø
203303065,buskerudsamtstidendedrammen,1910,
200358142,dagensnytt,1910,
202642152,oplandenesavis,1910,Hamar
200642843,gjengangeren,1910,Horten
203960179,fjellposten,1910,
202579901,nordlandsfolkeblad,1910,
202023236,bergensaftenbladbergenattenattini,1910,Bergen
201035469,morgenbladet,1910,Oslo
201152866,nedenaesamtstidende,1910,Risør
201194359,nordlandsposten,1910,Bodø
203199011,stavangeraftenblad,1910,Stavanger
203455759,vestfoldsandefjordatten,1910,
202483315,langesundsposten,1910,
201345483,osterdolen,1910,Tynset
200676406,grimstadadressetiden,1910,Grimstad
200831034,indresmaalenenesavis,1910,Indre Østfold
200642822,gjengangeren,1910,Horten
202479157,landmandsposten,1910,
200217619,bergenstidende,1910,Bergen
202479255,landmandsposten,1910,
202158968,egersundsposten,1910,Eigersund
201556785,socialdemokraten,1910,Oslo
204739802,Laagendalsposten ,1910,Kongsberg
202057348,breidablik,1910,
201163481,nordisktidende,1910,
202023469,bergensaftenbladbergenattenattini,1910,Bergen
202642211,oplandenesavis,1910,Hamar
202609773,nordtroenderen,1910,
203199006,stavangeraftenblad,1910,Stavanger
201152885,nedenaesamtstidende,1910,Risør
203199031,stavangeraftenblad,1910,Stavanger
202479243,landmandsposten,1910,
201556959,socialdemokraten,1910,Oslo
200885933,kysten,1910,Oslo
203020027,askerogbaerumsbudstikke,1910,Bærum
204293395,vestoplaendingen,1910,
201505983,sandefjordsblad,1910,Sandefjord
203358836,oevresmaalenene,1910,Indre Østfold
203396209,skotfosavisnittennullen,1910,
202023364,bergensaftenbladbergenattenattini,1910,Bergen
202023324,bergensaftenbladbergenattenattini,1910,Bergen
202536053,mossaftenblad,1910,
201556990,socialdemokraten,1910,Oslo
203386884,sarpen,1910,
201035593,morgenbladet,1910,Oslo
203393445,senjensbladnittennullsju,1910,
201798108,trondhjemsadresseavis,1910,Trondheim
202479239,landmandsposten,1910,
202474914,kristiansundspostenatten,1910,
203800587,aftenpostenukensnytt,1910,
203511278,oerebladet,1910,
200310877,dagbladet,1910,Oslo
202541192,mossavis,1910,Moss
200217489,bergenstidende,1910,Bergen
203198841,stavangeraftenblad,1910,Stavanger
200436782,dunderlandsdoelen,1910,Rana
200525858,finnmarksposten,1910,Nordkapp
202424343,indlandsposten,1910,
203386770,sarpen,1910,
203153725,nordenfjeldsktidende,1910,Levanger
201035374,morgenbladet,1910,Oslo
200752808,harstadtidende,1910,Harstad
200886100,kysten,1910,Oslo
201967601,akershus,1910,Lillestrøm
202621908,norskkundgjoerelsestidende,1910,Oslo
204319049,gjoviksbladattenattifire,1910,
202023391,bergensaftenbladbergenattenattini,1910,Bergen
200564493,foerstemai,1910,Stavanger
201217580,nordlys,1910,Tromsø
203198934,stavangeraftenblad,1910,Stavanger
202756657,romsdalstidende,1910,
200027855,agder,1910,
201035347,morgenbladet,1910,Oslo
201797707,trondhjemsadresseavis,1910,Trondheim
202554075,namdalensblad,1910,
200911623,lillehammertilskuer,1910,Lillehammer
202424283,indlandsposten,1910,
201671717,svelviksposten,1910,Drammen
203125222,indtrondelagen,1910,
203411670,soloerposten,1910,
204241496,gudbrandsdalensfolkebladgjoevik,1910,
201505887,sandefjordsblad,1910,Sandefjord
201975034,akershuspostenlillestroemnitten,1910,Lørenskog
203864736,buskerudsblad,1910,
200623878,fremtiden,1910,Drammen
201797851,trondhjemsadresseavis,1910,Trondheim
202568316,nordfjord,1910,
204690414,Samhold (Gjøvik: 1885-1920) ,1910,Gjøvik
203886170,buskerudsblad,1910,
200911545,lillehammertilskuer,1910,Lillehammer
201993026,arbeidet,1910,Bergen
202505760,listerogmandalsamtstidendeogadresseavis,1910,Lindesnes
200642894,gjengangeren,1910,Horten
201833937,valdres,1910,Nord-Aurdal
201035635,morgenbladet,1910,Oslo
202541085,mossavis,1910,Moss
200642961,gjengangeren,1910,Horten
202059982,breviksposten,1910,Porsgrunn
202040804,bergensannoncetidende,1910,
202452177,jarlsbergoglarviksamtstidende,1910,Larvik
201600225,solungen,1910,Kongsvinger
203661225,fjellposten,1910,
202479154,landmandsposten,1910,
202222754,folketidendetrondheimattennittien,1910,Trondheim
201560834,soendretrondhjemsamtstidende,1910,Orkdal
202601684,nordretrondhjemsamtstidende,1910,
203463181,vossavis,1910,
201967720,akershus,1910,Lillestrøm
202522340,more,1910,Volda
201152886,nedenaesamtstidende,1910,Risør
204319069,gjoviksbladattenattifire,1910,
202944198,aftenposten,1910,Oslo
200886170,kysten,1910,Oslo
200866116,kongsbergdagblad,1910,Kongsberg
201035501,morgenbladet,1910,Oslo
202410668,hordalandfolkeblad,1910,Kvam
201505831,sandefjordsblad,1910,Sandefjord
201992942,arbeidet,1910,Bergen
200217385,bergenstidende,1910,Bergen
202040933,bergensannoncetidende,1910,
200642859,gjengangeren,1910,Horten
201992925,arbeidet,1910,Bergen
200310929,dagbladet,1910,Oslo
203117035,indheredsposten,1910,
201556769,socialdemokraten,1910,Oslo
201276598,norgessjoefartstidende,1910,Oslo
201992919,arbeidet,1910,Bergen
200562538,flekkefjordsposten,1910,
204470490,Samhold (Gjøvik: 1885-1920) ,1910,Gjøvik
201993096,arbeidet,1910,Bergen
200217444,bergenstidende,1910,Bergen
201993063,arbeidet,1910,Bergen
202642207,oplandenesavis,1910,Hamar
203125156,indtrondelagen,1910,
201781553,tromsoestiftstidende,1910,Tromsø
203718375,fjellposten,1910,
202187112,finmarken,1910,Vardø
202479247,landmandsposten,1910,
202944514,aftenposten,1910,Oslo
200454978,faedrelandsvennen,1910,Kristiansand
201833913,valdres,1910,Nord-Aurdal
200694106,gudbrandsdoelen,1910,Lillehammer
200693991,gudbrandsdoelen,1910,Lillehammer
200455049,faedrelandsvennen,1910,Kristiansand
204603894,Hamar Stiftstidende ,1910,Hamar
201194373,nordlandsposten,1910,Bodø
202479194,landmandsposten,1910,
201975079,akershuspostenlillestroemnitten,1910,Lørenskog
202756623,romsdalstidende,1910,
200928359,lillesandsposten,1910,Lillesand
204738372,Laagendalsposten ,1910,Kongsberg
202040727,bergensannoncetidende,1910,
200310927,dagbladet,1910,Oslo
201992853,arbeidet,1910,Bergen
202505791,listerogmandalsamtstidendeogadresseavis,1910,Lindesnes
203125197,indtrondelagen,1910,
203455673,vestfoldsandefjordatten,1910,
200886013,kysten,1910,Oslo
200311074,dagbladet,1910,Oslo
203486392,lofotposten,1910,
202302549,grimstadposten,1910,
202040735,bergensannoncetidende,1910,
201505997,sandefjordsblad,1910,Sandefjord
202541195,mossavis,1910,Moss
200253746,bratsbergdemokraten,1910,Skien
203185197,ranenstidende,1910,Hemnes
201967738,akershus,1910,Lillestrøm
204474096,Samhold (Gjøvik: 1885-1920) ,1910,Gjøvik
201950749,agderposten,1910,Arendal
201471581,romsdalsamtstidende,1910,Kristiansund
203396237,skotfosavisnittennullen,1910,
203020001,askerogbaerumsbudstikke,1910,Bærum
200694109,gudbrandsdoelen,1910,Lillehammer
203303003,buskerudsamtstidendedrammen,1910,
202786881,skandinaven,1910,
201506015,sandefjordsblad,1910,Sandefjord
204319067,gjoviksbladattenattifire,1910,
203302878,buskerudsamtstidendedrammen,1910,
202554200,namdalensblad,1910,
201556762,socialdemokraten,1910,Oslo
202040821,bergensannoncetidende,1910,
202452110,jarlsbergoglarviksamtstidende,1910,Larvik
201560781,soendretrondhjemsamtstidende,1910,Orkdal
201471534,romsdalsamtstidende,1910,Kristiansund
204319095,gjoviksbladattenattifire,1910,
200358193,dagensnytt,1910,
201992951,arbeidet,1910,Bergen
201797787,trondhjemsadresseavis,1910,Trondheim
200790943,hedemarkensamtstidende,1910,Hamar
204686533,Samhold (Gjøvik: 1885-1920) ,1910,Gjøvik
202410716,hordalandfolkeblad,1910,Kvam
201035369,morgenbladet,1910,Oslo
202609798,nordtroenderen,1910,
203567371,narviktidende,1910,
201993011,arbeidet,1910,Bergen
200525886,finnmarksposten,1910,Nordkapp
202621760,norskkundgjoerelsestidende,1910,Oslo
201109386,mosstilskuer,1910,Moss
201979059,akersposten,1910,Oslo
202554079,namdalensblad,1910,
201798024,trondhjemsadresseavis,1910,Trondheim
201276390,norgessjoefartstidende,1910,Oslo
202944287,aftenposten,1910,Oslo
202756668,romsdalstidende,1910,
203480156,nordland,1910,
202040862,bergensannoncetidende,1910,
203153835,nordenfjeldsktidende,1910,Levanger
204591948,unglyden ,1910,Voss
202944650,aftenposten,1910,Oslo
200866151,kongsbergdagblad,1910,Kongsberg
201035636,morgenbladet,1910,Oslo
203740000,nordland,1910,
202621946,norskkundgjoerelsestidende,1910,Oslo
201345551,osterdolen,1910,Tynset
200311097,dagbladet,1910,Oslo
201993138,arbeidet,1910,Bergen
202452006,jarlsbergoglarviksamtstidende,1910,Larvik
202541139,mossavis,1910,Moss
202579929,nordlandsfolkeblad,1910,
202642161,oplandenesavis,1910,Hamar
204389928,Samhold (Gjøvik: 1885-1920) ,1910,Gjøvik
202621886,norskkundgjoerelsestidende,1910,Oslo
201505953,sandefjordsblad,1910,Sandefjord
203303128,buskerudsamtstidendedrammen,1910,
201775800,tromsoeposten,1910,Tromsø
203455840,vestfoldsandefjordatten,1910,
202944826,aftenposten,1910,Oslo
201276532,norgessjoefartstidende,1910,Oslo
203629602,nordland,1910,
200217628,bergenstidende,1910,Bergen
204717956,Laagendalsposten ,1910,Kongsberg
202944317,aftenposten,1910,Oslo
202521392,moldeannonceblad,1910,
200667737,glommendalen,1910,Kongsvinger
201973559,akershusfolkebladdroebak,1910,Oslo
203455809,vestfoldsandefjordatten,1910,
200601515,fredriksstadtilskuer,1910,Fredrikstad
200358186,dagensnytt,1910,
201471440,romsdalsamtstidende,1910,Kristiansund
203430415,tunsbergeren,1910,
202495557,lindesnes,1910,Mandal
201276380,norgessjoefartstidende,1910,Oslo
200831153,indresmaalenenesavis,1910,Indre Østfold
201035269,morgenbladet,1910,Oslo
201950791,agderposten,1910,Arendal
200027861,agder,1910,
202479163,landmandsposten,1910,
200885985,kysten,1910,Oslo
201170442,nordkapp,1910,
202786888,skandinaven,1910,
202944725,aftenposten,1910,Oslo
200455148,faedrelandsvennen,1910,Kristiansand
201471475,romsdalsamtstidende,1910,Kristiansund
203978900,warensardne,1910,
200667745,glommendalen,1910,Kongsvinger
202187068,finmarken,1910,Vardø
202556375,namdalensfolkeblad,1910,
203165868,nordrebergenhusamtstidende,1910,Kinn
202589648,nordlendingen,1910,
203455719,vestfoldsandefjordatten,1910,
201434730,rogalandnittensju,1910,Stavanger
202023386,bergensaftenbladbergenattenattini,1910,Bergen
203396232,skotfosavisnittennullen,1910,
200790843,hedemarkensamtstidende,1910,Hamar
203302844,buskerudsamtstidendedrammen,1910,
203198959,stavangeraftenblad,1910,Stavanger
202505805,listerogmandalsamtstidendeogadresseavis,1910,Lindesnes
201833891,valdres,1910,Nord-Aurdal
201979039,akersposten,1910,Oslo
200601558,fredriksstadtilskuer,1910,Fredrikstad
202621817,norskkundgjoerelsestidende,1910,Oslo
201452173,romerikesblad,1910,Lillestrøm
200790808,hedemarkensamtstidende,1910,Hamar
203303001,buskerudsamtstidendedrammen,1910,
202424282,indlandsposten,1910,
200217500,bergenstidende,1910,Bergen
201035392,morgenbladet,1910,Oslo
204293430,vestoplaendingen,1910,
203199009,stavangeraftenblad,1910,Stavanger
201975073,akershuspostenlillestroemnitten,1910,Lørenskog
201035403,morgenbladet,1910,Oslo
201572973,sogningen,1910,Sogndal
203609870,helgeland,1910,
201797940,trondhjemsadresseavis,1910,Trondheim
201276418,norgessjoefartstidende,1910,Oslo
200562465,flekkefjordsposten,1910,
200790864,hedemarkensamtstidende,1910,Hamar
201109345,mosstilskuer,1910,Moss
200454890,faedrelandsvennen,1910,Kristiansand
202187067,finmarken,1910,Vardø
201797931,trondhjemsadresseavis,1910,Trondheim
200044455,agderposten,1910,Arendal
203303095,buskerudsamtstidendedrammen,1910,
200752879,harstadtidende,1910,Harstad
200217672,bergenstidende,1910,Bergen
200642974,gjengangeren,1910,Horten
201594602,sognstidend,1910,Sogndal
201797939,trondhjemsadresseavis,1910,Trondheim
202302517,grimstadposten,1910,
204700057,Laagendalsposten ,1910,Kongsberg
201345496,osterdolen,1910,Tynset
203463161,vossavis,1910,
202483380,langesundsposten,1910,
200886150,kysten,1910,Oslo
201109431,mosstilskuer,1910,Moss
204241497,gudbrandsdalensfolkebladgjoevik,1910,
201975115,akershuspostenlillestroemnitten,1910,Lørenskog
203934149,oerebladet,1910,
202495492,lindesnes,1910,Mandal
200642984,gjengangeren,1910,Horten
202790710,soendmoerefolkeblad,1910,
202041003,bergensannoncetidende,1910,
202424277,indlandsposten,1910,
202521439,moldeannonceblad,1910,
201775832,tromsoeposten,1910,Tromsø
202023334,bergensaftenbladbergenattenattini,1910,Bergen
201452135,romerikesblad,1910,Lillestrøm
201217535,nordlys,1910,Tromsø
201797809,trondhjemsadresseavis,1910,Trondheim
202410643,hordalandfolkeblad,1910,Kvam
200217375,bergenstidende,1910,Bergen
202944499,aftenposten,1910,Oslo
202589643,nordlendingen,1910,
203396226,skotfosavisnittennullen,1910,
203517059,aftenpostenukensnytt,1910,
201556869,socialdemokraten,1910,Oslo
203463173,vossavis,1910,
203620033,buskerudsblad,1910,
202536023,mossaftenblad,1910,
203153730,nordenfjeldsktidende,1910,Levanger
201797903,trondhjemsadresseavis,1910,Trondheim
202756658,romsdalstidende,1910,
203979737,lofotposten,1910,
203303030,buskerudsamtstidendedrammen,1910,
200667809,glommendalen,1910,Kongsvinger
202554133,namdalensblad,1910,
201975056,akershuspostenlillestroemnitten,1910,Lørenskog
200886200,kysten,1910,Oslo
200253742,bratsbergdemokraten,1910,Skien
202050535,bodotidende,1910,Bodø
202554193,namdalensblad,1910,
201035357,morgenbladet,1910,Oslo
200027858,agder,1910,
201035689,morgenbladet,1910,Oslo
201556820,socialdemokraten,1910,Oslo
203153758,nordenfjeldsktidende,1910,Levanger
201992907,arbeidet,1910,Bergen
203117087,indheredsposten,1910,
200436799,dunderlandsdoelen,1910,Rana
202452029,jarlsbergoglarviksamtstidende,1910,Larvik
200811232,helgelandsblad,1910,
203749009,buskerudsblad,1910,
203153720,nordenfjeldsktidende,1910,Levanger
201035806,morgenbladet,1910,Oslo
200358133,dagensnytt,1910,
202944863,aftenposten,1910,Oslo
200217445,bergenstidende,1910,Bergen
201992908,arbeidet,1910,Bergen
204151376,fjordenestidende,1910,
202944486,aftenposten,1910,Oslo
200455006,faedrelandsvennen,1910,Kristiansand
201035860,morgenbladet,1910,Oslo
201345511,osterdolen,1910,Tynset
200667843,glommendalen,1910,Kongsvinger
200694038,gudbrandsdoelen,1910,Lillehammer
202642196,oplandenesavis,1910,Hamar
200831102,indresmaalenenesavis,1910,Indre Østfold
204356486,Hamar Stiftstidende ,1910,Hamar
203302998,buskerudsamtstidendedrammen,1910,
202609712,nordtroenderen,1910,
204293462,vestoplaendingen,1910,
202239738,fredrikshaldsavis,1910,
202495503,lindesnes,1910,Mandal
202621816,norskkundgjoerelsestidende,1910,Oslo
202505829,listerogmandalsamtstidendeogadresseavis,1910,Lindesnes
203763115,oerebladet,1910,
203165837,nordrebergenhusamtstidende,1910,Kinn
202756583,romsdalstidende,1910,
201967606,akershus,1910,Lillestrøm
200564567,foerstemai,1910,Stavanger
203165841,nordrebergenhusamtstidende,1910,Kinn
201452137,romerikesblad,1910,Lillestrøm
201781565,tromsoestiftstidende,1910,Tromsø
202040999,bergensannoncetidende,1910,
202424351,indlandsposten,1910,
201276573,norgessjoefartstidende,1910,Oslo
200253820,bratsbergdemokraten,1910,Skien
201941534,vortlandosloattennitti,1910,Oslo
203302926,buskerudsamtstidendedrammen,1910,
200911533,lillehammertilskuer,1910,Lillehammer
201941496,vortlandosloattennitti,1910,Oslo
202541218,mossavis,1910,Moss
202023297,bergensaftenbladbergenattenattini,1910,Bergen
202554099,namdalensblad,1910,
201992918,arbeidet,1910,Bergen
202601700,nordretrondhjemsamtstidende,1910,
200911591,lillehammertilskuer,1910,Lillehammer
202040995,bergensannoncetidende,1910,
203455812,vestfoldsandefjordatten,1910,
200217298,bergenstidende,1910,Bergen
202059975,breviksposten,1910,Porsgrunn
201992997,arbeidet,1910,Bergen
202554072,namdalensblad,1910,
200311095,dagbladet,1910,Oslo
202222867,folketidendetrondheimattennittien,1910,Trondheim
202642186,oplandenesavis,1910,Hamar
204629553,Samhold (Gjøvik: 1885-1920) ,1910,Gjøvik
203667829,buskerudsblad,1910,
202495536,lindesnes,1910,Mandal
201950831,agderposten,1910,Arendal
203455567,vestfoldsandefjordatten,1910,
201556947,socialdemokraten,1910,Oslo
201993114,arbeidet,1910,Bergen
202554146,namdalensblad,1910,
203566133,oerebladet,1910,
202222886,folketidendetrondheimattennittien,1910,Trondheim
202222974,folketidendetrondheimattennittien,1910,Trondheim
204241529,gudbrandsdalensfolkebladgjoevik,1910,
200642830,gjengangeren,1910,Horten
203433375,tvedestrandogomegnsavis,1910,
202050573,bodotidende,1910,Bodø
204709436,Laagendalsposten ,1910,Kongsberg
203386903,sarpen,1910,
203198908,stavangeraftenblad,1910,Stavanger
200217410,bergenstidende,1910,Bergen
200836043,indtrondelagen,1910,
202483318,langesundsposten,1910,
204035689,oerebladet,1910,
203125199,indtrondelagen,1910,
201452082,romerikesblad,1910,Lillestrøm
204500340,Hamar Stiftstidende ,1910,Hamar
202790704,soendmoerefolkeblad,1910,
202786836,skandinaven,1910,
202040840,bergensannoncetidende,1910,
203894531,nordland,1910,
201276491,norgessjoefartstidende,1910,Oslo
201217583,nordlys,1910,Tromsø
202505816,listerogmandalsamtstidendeogadresseavis,1910,Lindesnes
200027802,agder,1910,
202239780,fredrikshaldsavis,1910,
202474915,kristiansundspostenatten,1910,
203893441,nordland,1910,
201797802,trondhjemsadresseavis,1910,Trondheim
204565296,Hamar Stiftstidende ,1910,Hamar
200602362,fremover,1910,Narvik
203396253,skotfosavisnittennullen,1910,
201109458,mosstilskuer,1910,Moss
201035718,morgenbladet,1910,Oslo
202222795,folketidendetrondheimattennittien,1910,Trondheim
203198978,stavangeraftenblad,1910,Stavanger
202452067,jarlsbergoglarviksamtstidende,1910,Larvik
202601764,nordretrondhjemsamtstidende,1910,
203358856,oevresmaalenene,1910,Indre Østfold
202483361,langesundsposten,1910,
200562562,flekkefjordsposten,1910,
201797989,trondhjemsadresseavis,1910,Trondheim
202060019,breviksposten,1910,Porsgrunn
202500366,listerfarsundatten,1910,
201276494,norgessjoefartstidende,1910,Oslo
200642949,gjengangeren,1910,Horten
202040957,bergensannoncetidende,1910,
202944215,aftenposten,1910,Oslo
200694072,gudbrandsdoelen,1910,Lillehammer
201967674,akershus,1910,Lillestrøm
201035653,morgenbladet,1910,Oslo
201109368,mosstilskuer,1910,Moss
202222964,folketidendetrondheimattennittien,1910,Trondheim
203908810,buskerudsblad,1910,
203896136,oerebladet,1910,
202239789,fredrikshaldsavis,1910,
203876726,lofotposten,1910,
203153699,nordenfjeldsktidende,1910,Levanger
200455052,faedrelandsvennen,1910,Kristiansand
200601720,fredriksstadtilskuer,1910,Fredrikstad
200564471,foerstemai,1910,Stavanger
200027803,agder,1910,
202424281,indlandsposten,1910,
201035532,morgenbladet,1910,Oslo
200601753,fredriksstadtilskuer,1910,Fredrikstad
200790869,hedemarkensamtstidende,1910,Hamar
200310876,dagbladet,1910,Oslo
201817120,tvedestrandsposten,1910,Tvedestrand
203020059,askerogbaerumsbudstikke,1910,Bærum
204635460,Samhold (Gjøvik: 1885-1920) ,1910,Gjøvik
204502932,Bergensposten Fram (Bergen 1892-1893) ,1910,Bergen
202944806,aftenposten,1910,Oslo
202223012,folketidendetrondheimattennittien,1910,Trondheim
201506018,sandefjordsblad,1910,Sandefjord
202239756,fredrikshaldsavis,1910,
200454919,faedrelandsvennen,1910,Kristiansand
200027899,agder,1910,
201276331,norgessjoefartstidende,1910,Oslo
200027837,agder,1910,
200601476,fredriksstadtilskuer,1910,Fredrikstad
203302966,buskerudsamtstidendedrammen,1910,
204694038,Hamar Stiftstidende ,1910,Hamar
201993012,arbeidet,1910,Bergen
200831107,indresmaalenenesavis,1910,Indre Østfold
202424217,indlandsposten,1910,
204319066,gjoviksbladattenattifire,1910,
200310838,dagbladet,1910,Oslo
204716742,Laagendalsposten ,1910,Kongsberg
202479126,landmandsposten,1910,
200866272,kongsbergdagblad,1910,Kongsberg
201534659,selbyggen,1910,Selbu
201798098,trondhjemsadresseavis,1910,Trondheim
203020051,askerogbaerumsbudstikke,1910,Bærum
202944213,aftenposten,1910,Oslo
203505410,lofotposten,1910,
200752827,harstadtidende,1910,Harstad
204526920,Hamar Stiftstidende ,1910,Hamar
201594601,sognstidend,1910,Sogndal
202222914,folketidendetrondheimattennittien,1910,Trondheim
203402175,soendhordland,1910,
201035516,morgenbladet,1910,Oslo
201594553,sognstidend,1910,Sogndal
202944845,aftenposten,1910,Oslo
201471449,romsdalsamtstidende,1910,Kristiansund
203358802,oevresmaalenene,1910,Indre Østfold
201556913,socialdemokraten,1910,Oslo
204702140,Laagendalsposten ,1910,Kongsberg
201775779,tromsoeposten,1910,Tromsø
200601598,fredriksstadtilskuer,1910,Fredrikstad
203303021,buskerudsamtstidendedrammen,1910,
202023450,bergensaftenbladbergenattenattini,1910,Bergen
202302550,grimstadposten,1910,
201505940,sandefjordsblad,1910,Sandefjord
202522335,more,1910,Volda
203198802,stavangeraftenblad,1910,Stavanger
201035852,morgenbladet,1910,Oslo
202621694,norskkundgjoerelsestidende,1910,Oslo
203168053,nordrebergenhusfolkeblad,1910,Kinn
204680569,Hamar Stiftstidende ,1910,Hamar
201035373,morgenbladet,1910,Oslo
201560780,soendretrondhjemsamtstidende,1910,Orkdal
201993006,arbeidet,1910,Bergen
201505991,sandefjordsblad,1910,Sandefjord
203185159,ranenstidende,1910,Hemnes
200311004,dagbladet,1910,Oslo
202424293,indlandsposten,1910,
203153790,nordenfjeldsktidende,1910,Levanger
202556291,namdalensfolkeblad,1910,
200866344,kongsbergdagblad,1910,Kongsberg
203019994,askerogbaerumsbudstikke,1910,Bærum
202500351,listerfarsundatten,1910,
203859738,buskerudsblad,1910,
202505834,listerogmandalsamtstidendeogadresseavis,1910,Lindesnes
202541103,mossavis,1910,Moss
203430365,tunsbergeren,1910,
200253779,bratsbergdemokraten,1910,Skien
201992936,arbeidet,1910,Bergen
202040883,bergensannoncetidende,1910,
200044432,agderposten,1910,Arendal
202541196,mossavis,1910,Moss
203358851,oevresmaalenene,1910,Indre Østfold
200311035,dagbladet,1910,Oslo
203165838,nordrebergenhusamtstidende,1910,Kinn
202452174,jarlsbergoglarviksamtstidende,1910,Larvik
201629298,stjordalensblad,1910,Stjørdal
200866248,kongsbergdagblad,1910,Kongsberg
201035875,morgenbladet,1910,Oslo
200667758,glommendalen,1910,Kongsvinger
200253747,bratsbergdemokraten,1910,Skien
201035644,morgenbladet,1910,Oslo
201276394,norgessjoefartstidende,1910,Oslo
200311067,dagbladet,1910,Oslo
204319103,gjoviksbladattenattifire,1910,
202556358,namdalensfolkeblad,1910,
200866185,kongsbergdagblad,1910,Kongsberg
200454950,faedrelandsvennen,1910,Kristiansand
200623948,fremtiden,1910,Drammen
200027865,agder,1910,
202541114,mossavis,1910,Moss
201309872,oeieren,1910,
203917966,buskerudsblad,1910,
204241592,gudbrandsdalensfolkebladgjoevik,1910,
202040964,bergensannoncetidende,1910,
202621834,norskkundgjoerelsestidende,1910,Oslo
200217635,bergenstidende,1910,Bergen
200217486,bergenstidende,1910,Bergen
200027891,agder,1910,
202483379,langesundsposten,1910,
202554118,namdalensblad,1910,
201035606,morgenbladet,1910,Oslo
201833980,valdres,1910,Nord-Aurdal
202642175,oplandenesavis,1910,Hamar
201797911,trondhjemsadresseavis,1910,Trondheim
203198828,stavangeraftenblad,1910,Stavanger
203402192,soendhordland,1910,
203393434,senjensbladnittennullsju,1910,
204151325,fjordenestidende,1910,
200027780,agder,1910,
200455020,faedrelandsvennen,1910,Kristiansand
202483369,langesundsposten,1910,
200358244,dagensnytt,1910,
203396208,skotfosavisnittennullen,1910,
202786906,skandinaven,1910,
203809832,narviktidende,1910,
204319072,gjoviksbladattenattifire,1910,
203402160,soendhordland,1910,
200455166,faedrelandsvennen,1910,Kristiansand
204633686,Samhold (Gjøvik: 1885-1920) ,1910,Gjøvik
202239777,fredrikshaldsavis,1910,
202568301,nordfjord,1910,
200676452,grimstadadressetiden,1910,Grimstad
201217540,nordlys,1910,Tromsø
200311018,dagbladet,1910,Oslo
203411661,soloerposten,1910,
203836508,oerebladet,1910,
201629263,stjordalensblad,1910,Stjørdal
202040941,bergensannoncetidende,1910,
201941535,vortlandosloattennitti,1910,Oslo
201671731,svelviksposten,1910,Drammen
201276408,norgessjoefartstidende,1910,Oslo
200886019,kysten,1910,Oslo
200886045,kysten,1910,Oslo
201505876,sandefjordsblad,1910,Sandefjord
201974996,akershuspostenlillestroemnitten,1910,Lørenskog
202944174,aftenposten,1910,Oslo
200866187,kongsbergdagblad,1910,Kongsberg
203302930,buskerudsamtstidendedrammen,1910,
202222813,folketidendetrondheimattennittien,1910,Trondheim
201309830,oeieren,1910,
200455154,faedrelandsvennen,1910,Kristiansand
203165875,nordrebergenhusamtstidende,1910,Kinn
201035434,morgenbladet,1910,Oslo
203386842,sarpen,1910,
202012889,baerumogaskersblad,1910,
201629223,stjordalensblad,1910,Stjørdal
201309889,oeieren,1910,
202944730,aftenposten,1910,Oslo
200311119,dagbladet,1910,Oslo
201600301,solungen,1910,Kongsvinger
202756634,romsdalstidende,1910,
202579921,nordlandsfolkeblad,1910,
201833922,valdres,1910,Nord-Aurdal
202554109,namdalensblad,1910,
201973555,akershusfolkebladdroebak,1910,Oslo
202040784,bergensannoncetidende,1910,
202621948,norskkundgjoerelsestidende,1910,Oslo
202944673,aftenposten,1910,Oslo
203165862,nordrebergenhusamtstidende,1910,Kinn
203561670,oerebladet,1910,
200642838,gjengangeren,1910,Horten
204367027,Hamar Stiftstidende ,1910,Hamar
201035767,morgenbladet,1910,Oslo
203912700,nordland,1910,
203463210,vossavis,1910,
200642967,gjengangeren,1910,Horten
201993036,arbeidet,1910,Bergen
200601619,fredriksstadtilskuer,1910,Fredrikstad
203358801,oevresmaalenene,1910,Indre Østfold
204293410,vestoplaendingen,1910,
202621780,norskkundgjoerelsestidende,1910,Oslo
201973544,akershusfolkebladdroebak,1910,Oslo
202452129,jarlsbergoglarviksamtstidende,1910,Larvik
204619717,Bergensposten Fram (Bergen 1892-1893) ,1910,Bergen
202621980,norskkundgjoerelsestidende,1910,Oslo
202621754,norskkundgjoerelsestidende,1910,Oslo
200358195,dagensnytt,1910,
202452108,jarlsbergoglarviksamtstidende,1910,Larvik
201163484,nordisktidende,1910,
200044434,agderposten,1910,Arendal
202944883,aftenposten,1910,Oslo
201217595,nordlys,1910,Tromsø
201471578,romsdalsamtstidende,1910,Kristiansund
202521458,moldeannonceblad,1910,
203199048,stavangeraftenblad,1910,Stavanger
200253838,bratsbergdemokraten,1910,Skien
202609829,nordtroenderen,1910,
202040888,bergensannoncetidende,1910,
200642948,gjengangeren,1910,Horten
201345522,osterdolen,1910,Tynset
200310916,dagbladet,1910,Oslo
202242341,fredrikshaldstilskuer,1910,Halden
201797840,trondhjemsadresseavis,1910,Trondheim
202621726,norskkundgjoerelsestidende,1910,Oslo
204151335,fjordenestidende,1910,
201557006,socialdemokraten,1910,Oslo
202601755,nordretrondhjemsamtstidende,1910,
203803025,aftenpostenukensnytt,1910,
204731420,Laagendalsposten ,1910,Kongsberg
201993182,arbeidet,1910,Bergen
200886061,kysten,1910,Oslo
203358752,oevresmaalenene,1910,Indre Østfold
201950798,agderposten,1910,Arendal
200217409,bergenstidende,1910,Bergen
200831117,indresmaalenenesavis,1910,Indre Østfold
201556994,socialdemokraten,1910,Oslo
200310987,dagbladet,1910,Oslo
203198984,stavangeraftenblad,1910,Stavanger
202944179,aftenposten,1910,Oslo
200564466,foerstemai,1910,Stavanger
203303017,buskerudsamtstidendedrammen,1910,
203198861,stavangeraftenblad,1910,Stavanger
204318999,gjoviksbladattenattifire,1910,
203019992,askerogbaerumsbudstikke,1910,Bærum
203455819,vestfoldsandefjordatten,1910,
204007352,oerebladet,1910,
200602320,fremover,1910,Narvik
201217609,nordlys,1910,Tromsø
200311100,dagbladet,1910,Oslo
201775747,tromsoeposten,1910,Tromsø
200455117,faedrelandsvennen,1910,Kristiansand
202060002,breviksposten,1910,Porsgrunn
201505995,sandefjordsblad,1910,Sandefjord
201345549,osterdolen,1910,Tynset
202944339,aftenposten,1910,Oslo
200217404,bergenstidende,1910,Bergen
201560777,soendretrondhjemsamtstidende,1910,Orkdal
201797956,trondhjemsadresseavis,1910,Trondheim
202621814,norskkundgjoerelsestidende,1910,Oslo
200455014,faedrelandsvennen,1910,Kristiansand
201797980,trondhjemsadresseavis,1910,Trondheim
201152851,nedenaesamtstidende,1910,Risør
203411612,soloerposten,1910,
202944266,aftenposten,1910,Oslo
201276501,norgessjoefartstidende,1910,Oslo
201572961,sogningen,1910,Sogndal
201471456,romsdalsamtstidende,1910,Kristiansund
203455850,vestfoldsandefjordatten,1910,
202424238,indlandsposten,1910,
200217574,bergenstidende,1910,Bergen
202040769,bergensannoncetidende,1910,
202158948,egersundsposten,1910,Eigersund
202621747,norskkundgjoerelsestidende,1910,Oslo
200027857,agder,1910,
200623876,fremtiden,1910,Drammen
202621840,norskkundgjoerelsestidende,1910,Oslo
202786810,skandinaven,1910,
200642846,gjengangeren,1910,Horten
201973531,akershusfolkebladdroebak,1910,Oslo
200217576,bergenstidende,1910,Bergen
202944548,aftenposten,1910,Oslo
202239774,fredrikshaldsavis,1910,
201797919,trondhjemsadresseavis,1910,Trondheim
202568258,nordfjord,1910,
202790780,soendmoerefolkeblad,1910,
201109449,mosstilskuer,1910,Moss
200642943,gjengangeren,1910,Horten
200601517,fredriksstadtilskuer,1910,Fredrikstad
202495594,lindesnes,1910,Mandal
201572932,sogningen,1910,Sogndal
202223010,folketidendetrondheimattennittien,1910,Trondheim
201797736,trondhjemsadresseavis,1910,Trondheim
202495482,lindesnes,1910,Mandal
204293354,vestoplaendingen,1910,
201345474,osterdolen,1910,Tynset
201572960,sogningen,1910,Sogndal
202944831,aftenposten,1910,Oslo
203117039,indheredsposten,1910,
202944567,aftenposten,1910,Oslo
203117092,indheredsposten,1910,
202023341,bergensaftenbladbergenattenattini,1910,Bergen
203199039,stavangeraftenblad,1910,Stavanger
201556899,socialdemokraten,1910,Oslo
201035878,morgenbladet,1910,Oslo
200601704,fredriksstadtilskuer,1910,Fredrikstad
203738513,narviktidende,1910,
201316181,ofotenstidende,1910,Narvik
201974976,akershuspostenlillestroemnitten,1910,Lørenskog
202505710,listerogmandalsamtstidendeogadresseavis,1910,Lindesnes
200928354,lillesandsposten,1910,Lillesand
202181392,farsundsavis,1910,Farsund
200562499,flekkefjordsposten,1910,
200310983,dagbladet,1910,Oslo
200217660,bergenstidende,1910,Bergen
201975102,akershuspostenlillestroemnitten,1910,Lørenskog
202556342,namdalensfolkeblad,1910,
204293483,vestoplaendingen,1910,
202790785,soendmoerefolkeblad,1910,
202505825,listerogmandalsamtstidendeogadresseavis,1910,Lindesnes
201560804,soendretrondhjemsamtstidende,1910,Orkdal
200027822,agder,1910,
203878415,oerebladet,1910,
204586960,Samhold (Gjøvik: 1885-1920) ,1910,Gjøvik
202536058,mossaftenblad,1910,
202483367,langesundsposten,1910,
200253803,bratsbergdemokraten,1910,Skien
201505948,sandefjordsblad,1910,Sandefjord
202222884,folketidendetrondheimattennittien,1910,Trondheim
200562487,flekkefjordsposten,1910,
203185175,ranenstidende,1910,Hemnes
203117090,indheredsposten,1910,
201035895,morgenbladet,1910,Oslo
203455669,vestfoldsandefjordatten,1910,
201035710,morgenbladet,1910,Oslo
203455860,vestfoldsandefjordatten,1910,
202642157,oplandenesavis,1910,Hamar
200642897,gjengangeren,1910,Horten
200525806,finnmarksposten,1910,Nordkapp
201950708,agderposten,1910,Arendal
202944500,aftenposten,1910,Oslo
201950728,agderposten,1910,Arendal
204318986,gjoviksbladattenattifire,1910,
200642890,gjengangeren,1910,Horten
200790948,hedemarkensamtstidende,1910,Hamar
200886144,kysten,1910,Oslo
200525855,finnmarksposten,1910,Nordkapp
202579982,nordlandsfolkeblad,1910,
201629283,stjordalensblad,1910,Stjørdal
202786859,skandinaven,1910,
203411619,soloerposten,1910,
200455118,faedrelandsvennen,1910,Kristiansand
201035719,morgenbladet,1910,Oslo
201797968,trondhjemsadresseavis,1910,Trondheim
200866275,kongsbergdagblad,1910,Kongsberg
201035720,morgenbladet,1910,Oslo
201109404,mosstilskuer,1910,Moss
200886006,kysten,1910,Oslo
200623932,fremtiden,1910,Drammen
200601487,fredriksstadtilskuer,1910,Fredrikstad
200455067,faedrelandsvennen,1910,Kristiansand
200642932,gjengangeren,1910,Horten
200027794,agder,1910,
202642145,oplandenesavis,1910,Hamar
201035450,morgenbladet,1910,Oslo
200885989,kysten,1910,Oslo
201035890,morgenbladet,1910,Oslo
203780020,lofotposten,1910,
202642264,oplandenesavis,1910,Hamar
203020017,askerogbaerumsbudstikke,1910,Bærum
203402137,soendhordland,1910,
200928395,lillesandsposten,1910,Lillesand
201817141,tvedestrandsposten,1910,Tvedestrand
203433349,tvedestrandogomegnsavis,1910,
201276610,norgessjoefartstidende,1910,Oslo
200217546,bergenstidende,1910,Bergen
201506022,sandefjordsblad,1910,Sandefjord
203303031,buskerudsamtstidendedrammen,1910,
201035736,morgenbladet,1910,Oslo
201194368,nordlandsposten,1910,Bodø
202579910,nordlandsfolkeblad,1910,
204643071,Samhold (Gjøvik: 1885-1920) ,1910,Gjøvik
202536118,mossaftenblad,1910,
203396236,skotfosavisnittennullen,1910,
200694040,gudbrandsdoelen,1910,Lillehammer
202944326,aftenposten,1910,Oslo
200831089,indresmaalenenesavis,1910,Indre Østfold
201979122,akersposten,1910,Oslo
202541072,mossavis,1910,Moss
202944760,aftenposten,1910,Oslo
202040946,bergensannoncetidende,1910,
202242330,fredrikshaldstilskuer,1910,Halden
200866132,kongsbergdagblad,1910,Kongsberg
202621779,norskkundgjoerelsestidende,1910,Oslo
203386853,sarpen,1910,
202012921,baerumogaskersblad,1910,
201035724,morgenbladet,1910,Oslo
202452046,jarlsbergoglarviksamtstidende,1910,Larvik
201797713,trondhjemsadresseavis,1910,Trondheim
202944428,aftenposten,1910,Oslo
201560865,soendretrondhjemsamtstidende,1910,Orkdal
202541178,mossavis,1910,Moss
200928394,lillesandsposten,1910,Lillesand
201556799,socialdemokraten,1910,Oslo
201798010,trondhjemsadresseavis,1910,Trondheim
202023427,bergensaftenbladbergenattenattini,1910,Bergen
202944596,aftenposten,1910,Oslo
203165844,nordrebergenhusamtstidende,1910,Kinn
201975010,akershuspostenlillestroemnitten,1910,Lørenskog
202522331,more,1910,Volda
203185152,ranenstidende,1910,Hemnes
200310851,dagbladet,1910,Oslo
204714866,Laagendalsposten ,1910,Kongsberg
201035812,morgenbladet,1910,Oslo
203520933,buskerudsblad,1910,
201035818,morgenbladet,1910,Oslo
202023256,bergensaftenbladbergenattenattini,1910,Bergen
201109384,mosstilskuer,1910,Moss
202187055,finmarken,1910,Vardø
200027770,agder,1910,
202505780,listerogmandalsamtstidendeogadresseavis,1910,Lindesnes
200886101,kysten,1910,Oslo
200601512,fredriksstadtilskuer,1910,Fredrikstad
200217557,bergenstidende,1910,Bergen
201671730,svelviksposten,1910,Drammen
201594591,sognstidend,1910,Sogndal
200911488,lillehammertilskuer,1910,Lillehammer
204717065,Laagendalsposten ,1910,Kongsberg
202944406,aftenposten,1910,Oslo
200886113,kysten,1910,Oslo
201775810,tromsoeposten,1910,Tromsø
201775787,tromsoeposten,1910,Tromsø
200311146,dagbladet,1910,Oslo
200310948,dagbladet,1910,Oslo
201276446,norgessjoefartstidende,1910,Oslo
200642936,gjengangeren,1910,Horten
204036526,aftenpostenukensnytt,1910,
203603872,helgeland,1910,
202424324,indlandsposten,1910,
202424195,indlandsposten,1910,
203430416,tunsbergeren,1910,
201035695,morgenbladet,1910,Oslo
201594556,sognstidend,1910,Sogndal
200694049,gudbrandsdoelen,1910,Lillehammer
202622005,norskkundgjoerelsestidende,1910,Oslo
201817118,tvedestrandsposten,1910,Tvedestrand
203538987,helgeland,1910,
203402146,soendhordland,1910,
203922213,buskerudsblad,1910,
200358171,dagensnytt,1910,
202012911,baerumogaskersblad,1910,
201035642,morgenbladet,1910,Oslo
200310888,dagbladet,1910,Oslo
201833899,valdres,1910,Nord-Aurdal
200642827,gjengangeren,1910,Horten
201671743,svelviksposten,1910,Drammen
203185192,ranenstidende,1910,Hemnes
202181475,farsundsavis,1910,Farsund
202585471,nordlandsposten,1910,Bodø
201941502,vortlandosloattennitti,1910,Oslo
202621902,norskkundgjoerelsestidende,1910,Oslo
201992901,arbeidet,1910,Bergen
201035815,morgenbladet,1910,Oslo
201217624,nordlys,1910,Tromsø
202040765,bergensannoncetidende,1910,
203505262,aftenpostenukensnytt,1910,
202424250,indlandsposten,1910,
202579989,nordlandsfolkeblad,1910,
200455116,faedrelandsvennen,1910,Kristiansand
201600313,solungen,1910,Kongsvinger
202452189,jarlsbergoglarviksamtstidende,1910,Larvik
201967626,akershus,1910,Lillestrøm
203396193,skotfosavisnittennullen,1910,
201434734,rogalandnittensju,1910,Stavanger
202040917,bergensannoncetidende,1910,
203433309,tvedestrandogomegnsavis,1910,
200217565,bergenstidende,1910,Bergen
201594638,sognstidend,1910,Sogndal
200885960,kysten,1910,Oslo
200217376,bergenstidende,1910,Bergen
202181446,farsundsavis,1910,Farsund
200601516,fredriksstadtilskuer,1910,Fredrikstad
200928341,lillesandsposten,1910,Lillesand
202568323,nordfjord,1910,
202554115,namdalensblad,1910,
201941508,vortlandosloattennitti,1910,Oslo
200358255,dagensnytt,1910,
200831144,indresmaalenenesavis,1910,Indre Østfold
201993106,arbeidet,1910,Bergen
202040770,bergensannoncetidende,1910,
200253741,bratsbergdemokraten,1910,Skien
203664244,warensardne,1910,
202023481,bergensaftenbladbergenattenattini,1910,Bergen
200564513,foerstemai,1910,Stavanger
200811192,helgelandsblad,1910,
200790815,hedemarkensamtstidende,1910,Hamar
201035538,morgenbladet,1910,Oslo
202505801,listerogmandalsamtstidendeogadresseavis,1910,Lindesnes
201194376,nordlandsposten,1910,Bodø
202012924,baerumogaskersblad,1910,
202050542,bodotidende,1910,Bodø
201556750,socialdemokraten,1910,Oslo
201276344,norgessjoefartstidende,1910,Oslo
203303046,buskerudsamtstidendedrammen,1910,
200454903,faedrelandsvennen,1910,Kristiansand
202944267,aftenposten,1910,Oslo
201505959,sandefjordsblad,1910,Sandefjord
202944329,aftenposten,1910,Oslo
201276373,norgessjoefartstidende,1910,Oslo
201276505,norgessjoefartstidende,1910,Oslo
200667835,glommendalen,1910,Kongsvinger
201572994,sogningen,1910,Sogndal
200310860,dagbladet,1910,Oslo
202621979,norskkundgjoerelsestidende,1910,Oslo
200454895,faedrelandsvennen,1910,Kristiansand
201992909,arbeidet,1910,Bergen
203463151,vossavis,1910,
202479195,landmandsposten,1910,
201775825,tromsoeposten,1910,Tromsø
204241541,gudbrandsdalensfolkebladgjoevik,1910,
203198966,stavangeraftenblad,1910,Stavanger
201035892,morgenbladet,1910,Oslo
201035857,morgenbladet,1910,Oslo
202222729,folketidendetrondheimattennittien,1910,Trondheim
200694046,gudbrandsdoelen,1910,Lillehammer
202452132,jarlsbergoglarviksamtstidende,1910,Larvik
201345501,osterdolen,1910,Tynset
200866212,kongsbergdagblad,1910,Kongsberg
202505765,listerogmandalsamtstidendeogadresseavis,1910,Lindesnes
201781579,tromsoestiftstidende,1910,Tromsø
200027834,agder,1910,
201967696,akershus,1910,Lillestrøm
202944537,aftenposten,1910,Oslo
202944896,aftenposten,1910,Oslo
204461056,Samhold (Gjøvik: 1885-1920) ,1910,Gjøvik
203433363,tvedestrandogomegnsavis,1910,
201345574,osterdolen,1910,Tynset
204557161,Samhold (Gjøvik: 1885-1920) ,1910,Gjøvik
202410687,hordalandfolkeblad,1910,Kvam
200866180,kongsbergdagblad,1910,Kongsberg
204680671,Hamar Stiftstidende ,1910,Hamar
203303048,buskerudsamtstidendedrammen,1910,
202944948,aftenposten,1910,Oslo
202474814,kristiansundspostenatten,1910,
202452097,jarlsbergoglarviksamtstidende,1910,Larvik
202040768,bergensannoncetidende,1910,
201035849,morgenbladet,1910,Oslo
202790723,soendmoerefolkeblad,1910,
203019973,askerogbaerumsbudstikke,1910,Bærum
200885940,kysten,1910,Oslo
201560847,soendretrondhjemsamtstidende,1910,Orkdal
203198807,stavangeraftenblad,1910,Stavanger
202500329,listerfarsundatten,1910,
202621921,norskkundgjoerelsestidende,1910,Oslo
201992848,arbeidet,1910,Bergen
202302491,grimstadposten,1910,
201345566,osterdolen,1910,Tynset
200253783,bratsbergdemokraten,1910,Skien
201941529,vortlandosloattennitti,1910,Oslo
204293368,vestoplaendingen,1910,
201950838,agderposten,1910,Arendal
201452171,romerikesblad,1910,Lillestrøm
201797733,trondhjemsadresseavis,1910,Trondheim
202944589,aftenposten,1910,Oslo
201345514,osterdolen,1910,Tynset
201170385,nordkapp,1910,
200866150,kongsbergdagblad,1910,Kongsberg
202242333,fredrikshaldstilskuer,1910,Halden
202621752,norskkundgjoerelsestidende,1910,Oslo
202040832,bergensannoncetidende,1910,
201471455,romsdalsamtstidende,1910,Kristiansund
204423131,unglyden ,1910,Voss
200911509,lillehammertilskuer,1910,Lillehammer
204508280,Hamar Stiftstidende ,1910,Hamar
200811143,helgelandsblad,1910,
202944834,aftenposten,1910,Oslo
201797914,trondhjemsadresseavis,1910,Trondheim
202410724,hordalandfolkeblad,1910,Kvam
200928337,lillesandsposten,1910,Lillesand
202521420,moldeannonceblad,1910,
201979116,akersposten,1910,Oslo
202222771,folketidendetrondheimattennittien,1910,Trondheim
201452120,romerikesblad,1910,Lillestrøm
202410725,hordalandfolkeblad,1910,Kvam
202474896,kristiansundspostenatten,1910,
203455625,vestfoldsandefjordatten,1910,
200811155,helgelandsblad,1910,
200886089,kysten,1910,Oslo
201506011,sandefjordsblad,1910,Sandefjord
203430410,tunsbergeren,1910,
200562464,flekkefjordsposten,1910,
202410605,hordalandfolkeblad,1910,Kvam
203455848,vestfoldsandefjordatten,1910,
203455612,vestfoldsandefjordatten,1910,
202158952,egersundsposten,1910,Eigersund
201170413,nordkapp,1910,
200601613,fredriksstadtilskuer,1910,Fredrikstad
200885973,kysten,1910,Oslo
201163453,nordisktidende,1910,
203411631,soloerposten,1910,
201798088,trondhjemsadresseavis,1910,Trondheim
202495468,lindesnes,1910,Mandal
200752871,harstadtidende,1910,Harstad
200601525,fredriksstadtilskuer,1910,Fredrikstad
203198853,stavangeraftenblad,1910,Stavanger
201217559,nordlys,1910,Tromsø
202424322,indlandsposten,1910,
200217621,bergenstidende,1910,Bergen
201109370,mosstilskuer,1910,Moss
201797977,trondhjemsadresseavis,1910,Trondheim
202050590,bodotidende,1910,Bodø
203720309,narviktidende,1910,
200693982,gudbrandsdoelen,1910,Lillehammer
202786825,skandinaven,1910,
203393444,senjensbladnittennullsju,1910,
201993158,arbeidet,1910,Bergen
203433342,tvedestrandogomegnsavis,1910,
200642963,gjengangeren,1910,Horten
204663852,Samhold (Gjøvik: 1885-1920) ,1910,Gjøvik
201671726,svelviksposten,1910,Drammen
203430418,tunsbergeren,1910,
202495524,lindesnes,1910,Mandal
203820918,helgeland,1910,
203393437,senjensbladnittennullsju,1910,
201035304,morgenbladet,1910,Oslo
202222746,folketidendetrondheimattennittien,1910,Trondheim
202452080,jarlsbergoglarviksamtstidende,1910,Larvik
202621854,norskkundgjoerelsestidende,1910,Oslo
202944717,aftenposten,1910,Oslo
203430381,tunsbergeren,1910,
201817125,tvedestrandsposten,1910,Tvedestrand
203153819,nordenfjeldsktidende,1910,Levanger
203153702,nordenfjeldsktidende,1910,Levanger
202579945,nordlandsfolkeblad,1910,
202302429,grimstadposten,1910,
203199027,stavangeraftenblad,1910,Stavanger
202060016,breviksposten,1910,Porsgrunn
203878088,buskerudsblad,1910,
202621922,norskkundgjoerelsestidende,1910,Oslo
201505988,sandefjordsblad,1910,Sandefjord
203117073,indheredsposten,1910,
202302503,grimstadposten,1910,
200911561,lillehammertilskuer,1910,Lillehammer
200455093,faedrelandsvennen,1910,Kristiansand
202505729,listerogmandalsamtstidendeogadresseavis,1910,Lindesnes
200601582,fredriksstadtilskuer,1910,Fredrikstad
200642915,gjengangeren,1910,Horten
202239743,fredrikshaldsavis,1910,
200358127,dagensnytt,1910,
202786879,skandinaven,1910,
202944601,aftenposten,1910,Oslo
203303055,buskerudsamtstidendedrammen,1910,
202479170,landmandsposten,1910,
203433324,tvedestrandogomegnsavis,1910,
202023251,bergensaftenbladbergenattenattini,1910,Bergen
200885963,kysten,1910,Oslo
201345480,osterdolen,1910,Tynset
202601746,nordretrondhjemsamtstidende,1910,
202495501,lindesnes,1910,Mandal
200602394,fremover,1910,Narvik
203796298,aftenpostenukensnytt,1910,
202642232,oplandenesavis,1910,Hamar
202483283,langesundsposten,1910,
200885962,kysten,1910,Oslo
202181457,farsundsavis,1910,Farsund
202059877,breviksposten,1910,Porsgrunn
201035907,morgenbladet,1910,Oslo
203153762,nordenfjeldsktidende,1910,Levanger
203302841,buskerudsamtstidendedrammen,1910,
201556974,socialdemokraten,1910,Oslo
204511903,unglyden ,1910,Voss
202500274,listerfarsundatten,1910,
201035771,morgenbladet,1910,Oslo
203302872,buskerudsamtstidendedrammen,1910,
202222741,folketidendetrondheimattennittien,1910,Trondheim
202187107,finmarken,1910,Vardø
202424242,indlandsposten,1910,
201594614,sognstidend,1910,Sogndal
204740487,Laagendalsposten ,1910,Kongsberg
202944469,aftenposten,1910,Oslo
200044400,agderposten,1910,Arendal
202521444,moldeannonceblad,1910,
200601697,fredriksstadtilskuer,1910,Fredrikstad
202642267,oplandenesavis,1910,Hamar
202495471,lindesnes,1910,Mandal
203303141,buskerudsamtstidendedrammen,1910,
203303088,buskerudsamtstidendedrammen,1910,
201035456,morgenbladet,1910,Oslo
201975054,akershuspostenlillestroemnitten,1910,Lørenskog
203835850,narviktidende,1910,
203402142,soendhordland,1910,
203974781,buskerudsblad,1910,
203396211,skotfosavisnittennullen,1910,
201505930,sandefjordsblad,1910,Sandefjord
200866166,kongsbergdagblad,1910,Kongsberg
201316175,ofotenstidende,1910,Narvik
203843713,fjellposten,1910,
204151357,fjordenestidende,1910,
202944312,aftenposten,1910,Oslo
200642921,gjengangeren,1910,Horten
201941522,vortlandosloattennitti,1910,Oslo
202059882,breviksposten,1910,Porsgrunn
203569939,aftenpostenukensnytt,1910,
200564465,foerstemai,1910,Stavanger
201152881,nedenaesamtstidende,1910,Risør
201035804,morgenbladet,1910,Oslo
201276341,norgessjoefartstidende,1910,Oslo
202050523,bodotidende,1910,Bodø
200642806,gjengangeren,1910,Horten
201152820,nedenaesamtstidende,1910,Risør
203165857,nordrebergenhusamtstidende,1910,Kinn
200601616,fredriksstadtilskuer,1910,Fredrikstad
201309826,oeieren,1910,
202521411,moldeannonceblad,1910,
203871307,lofotposten,1910,
200667741,glommendalen,1910,Kongsvinger
203789973,narviktidende,1910,
202495591,lindesnes,1910,Mandal
202541110,mossavis,1910,Moss
201035462,morgenbladet,1910,Oslo
202452148,jarlsbergoglarviksamtstidende,1910,Larvik
201035845,morgenbladet,1910,Oslo
203302901,buskerudsamtstidendedrammen,1910,
201035897,morgenbladet,1910,Oslo
202621820,norskkundgjoerelsestidende,1910,Oslo
202187073,finmarken,1910,Vardø
203430361,tunsbergeren,1910,
201556786,socialdemokraten,1910,Oslo
201975001,akershuspostenlillestroemnitten,1910,Lørenskog
201477522,romsdalsbudstikke,1910,Molde
202040887,bergensannoncetidende,1910,
202452095,jarlsbergoglarviksamtstidende,1910,Larvik
202452138,jarlsbergoglarviksamtstidende,1910,Larvik
200455058,faedrelandsvennen,1910,Kristiansand
200790814,hedemarkensamtstidende,1910,Hamar
200564457,foerstemai,1910,Stavanger
203411658,soloerposten,1910,
203488514,buskerudsblad,1910,
202621917,norskkundgjoerelsestidende,1910,Oslo
201035655,morgenbladet,1910,Oslo
200623972,fremtiden,1910,Drammen
202944719,aftenposten,1910,Oslo
203455675,vestfoldsandefjordatten,1910,
203303101,buskerudsamtstidendedrammen,1910,
200310976,dagbladet,1910,Oslo
202642276,oplandenesavis,1910,Hamar
202541150,mossavis,1910,Moss
201505890,sandefjordsblad,1910,Sandefjord
200253769,bratsbergdemokraten,1910,Skien
200455009,faedrelandsvennen,1910,Kristiansand
200911537,lillehammertilskuer,1910,Lillehammer
203455595,vestfoldsandefjordatten,1910,
202944620,aftenposten,1910,Oslo
201276430,norgessjoefartstidende,1910,Oslo
202790775,soendmoerefolkeblad,1910,
202568238,nordfjord,1910,
200886191,kysten,1910,Oslo
201797815,trondhjemsadresseavis,1910,Trondheim
202505740,listerogmandalsamtstidendeogadresseavis,1910,Lindesnes
203302974,buskerudsamtstidendedrammen,1910,
204376683,Samhold (Gjøvik: 1885-1920) ,1910,Gjøvik
204293486,vestoplaendingen,1910,
201992896,arbeidet,1910,Bergen
204604989,Bergensposten Fram (Bergen 1892-1893) ,1910,Bergen
200455111,faedrelandsvennen,1910,Kristiansand
200455046,faedrelandsvennen,1910,Kristiansand
202040824,bergensannoncetidende,1910,
201505914,sandefjordsblad,1910,Sandefjord
201505901,sandefjordsblad,1910,Sandefjord
202023315,bergensaftenbladbergenattenattini,1910,Bergen
200866146,kongsbergdagblad,1910,Kongsberg
202023348,bergensaftenbladbergenattenattini,1910,Bergen
202222860,folketidendetrondheimattennittien,1910,Trondheim
202541205,mossavis,1910,Moss
203679736,helgeland,1910,
201152897,nedenaesamtstidende,1910,Risør
200928350,lillesandsposten,1910,Lillesand
201345573,osterdolen,1910,Tynset
202505781,listerogmandalsamtstidendeogadresseavis,1910,Lindesnes
202536049,mossaftenblad,1910,
201950696,agderposten,1910,Arendal
203953640,buskerudsblad,1910,
202059901,breviksposten,1910,Porsgrunn
202500384,listerfarsundatten,1910,
203411650,soloerposten,1910,
200831100,indresmaalenenesavis,1910,Indre Østfold
203358796,oevresmaalenene,1910,Indre Østfold
202023258,bergensaftenbladbergenattenattini,1910,Bergen
202410715,hordalandfolkeblad,1910,Kvam
203433343,tvedestrandogomegnsavis,1910,
203582890,oerebladet,1910,
200811222,helgelandsblad,1910,
200667876,glommendalen,1910,Kongsvinger
203832789,aftenpostenukensnytt,1910,
201950752,agderposten,1910,Arendal
202040837,bergensannoncetidende,1910,
201600260,solungen,1910,Kongsvinger
202944509,aftenposten,1910,Oslo
201505856,sandefjordsblad,1910,Sandefjord
203455807,vestfoldsandefjordatten,1910,
202944619,aftenposten,1910,Oslo
203872359,salten,1910,
203430333,tunsbergeren,1910,
203603371,helgeland,1910,
201798072,trondhjemsadresseavis,1910,Trondheim
200676481,grimstadadressetiden,1910,Grimstad
202424212,indlandsposten,1910,
202601695,nordretrondhjemsamtstidende,1910,
202040898,bergensannoncetidende,1910,
202424347,indlandsposten,1910,
202181407,farsundsavis,1910,Farsund
202040762,bergensannoncetidende,1910,
201309805,oeieren,1910,
200866163,kongsbergdagblad,1910,Kongsberg
201798031,trondhjemsadresseavis,1910,Trondheim
201556835,socialdemokraten,1910,Oslo
203455775,vestfoldsandefjordatten,1910,
202500375,listerfarsundatten,1910,
201974989,akershuspostenlillestroemnitten,1910,Lørenskog
200601646,fredriksstadtilskuer,1910,Fredrikstad
202410623,hordalandfolkeblad,1910,Kvam
203996569,helgeland,1910,
202023224,bergensaftenbladbergenattenattini,1910,Bergen
202944572,aftenposten,1910,Oslo
202474815,kristiansundspostenatten,1910,
200831136,indresmaalenenesavis,1910,Indre Østfold
200436798,dunderlandsdoelen,1910,Rana
201035397,morgenbladet,1910,Oslo
202589623,nordlendingen,1910,
202522293,more,1910,Volda
201471575,romsdalsamtstidende,1910,Kristiansund
200667728,glommendalen,1910,Kongsvinger
202786817,skandinaven,1910,
200358213,dagensnytt,1910,
201471510,romsdalsamtstidende,1910,Kristiansund
203185166,ranenstidende,1910,Hemnes
201534661,selbyggen,1910,Selbu
202474936,kristiansundspostenatten,1910,
202568300,nordfjord,1910,
202554102,namdalensblad,1910,
202622004,norskkundgjoerelsestidende,1910,Oslo
202568233,nordfjord,1910,
203125283,indtrondelagen,1910,
201505974,sandefjordsblad,1910,Sandefjord
203358884,oevresmaalenene,1910,Indre Østfold
201798028,trondhjemsadresseavis,1910,Trondheim
202556367,namdalensfolkeblad,1910,
202222876,folketidendetrondheimattennittien,1910,Trondheim
202222852,folketidendetrondheimattennittien,1910,Trondheim
202059907,breviksposten,1910,Porsgrunn
202023356,bergensaftenbladbergenattenattini,1910,Bergen
201276488,norgessjoefartstidende,1910,Oslo
200676358,grimstadadressetiden,1910,Grimstad
200602346,fremover,1910,Narvik
202589644,nordlendingen,1910,
200752850,harstadtidende,1910,Harstad
203537734,lofotposten,1910,
203396199,skotfosavisnittennullen,1910,
204319007,gjoviksbladattenattifire,1910,
203455725,vestfoldsandefjordatten,1910,
201979109,akersposten,1910,Oslo
202040863,bergensannoncetidende,1910,
200027831,agder,1910,
204151371,fjordenestidende,1910,
203118901,indherred,1910,Steinkjer
201505894,sandefjordsblad,1910,Sandefjord
200564541,foerstemai,1910,Stavanger
200044420,agderposten,1910,Arendal
201505841,sandefjordsblad,1910,Sandefjord
201035801,morgenbladet,1910,Oslo
201560854,soendretrondhjemsamtstidende,1910,Orkdal
203393447,senjensbladnittennullsju,1910,
204578002,Hamar Stiftstidende ,1910,Hamar
200564447,foerstemai,1910,Stavanger
203402132,soendhordland,1910,
202500398,listerfarsundatten,1910,
200667833,glommendalen,1910,Kongsvinger
203539289,nordland,1910,
202500271,listerfarsundatten,1910,
201471464,romsdalsamtstidende,1910,Kristiansund
200217632,bergenstidende,1910,Bergen
200562517,flekkefjordsposten,1910,
201452118,romerikesblad,1910,Lillestrøm
203455761,vestfoldsandefjordatten,1910,
204437785,Hamar Stiftstidende ,1910,Hamar
203463156,vossavis,1910,
202023365,bergensaftenbladbergenattenattini,1910,Bergen
204723906,Laagendalsposten ,1910,Kongsberg
201035305,morgenbladet,1910,Oslo
203782696,helgeland,1910,
203386910,sarpen,1910,
200642976,gjengangeren,1910,Horten
203607690,buskerudsblad,1910,
201035645,morgenbladet,1910,Oslo
201798094,trondhjemsadresseavis,1910,Trondheim
202521438,moldeannonceblad,1910,
201797696,trondhjemsadresseavis,1910,Trondheim
201556788,socialdemokraten,1910,Oslo
203455779,vestfoldsandefjordatten,1910,
202060010,breviksposten,1910,Porsgrunn
204293448,vestoplaendingen,1910,
202040719,bergensannoncetidende,1910,
204707355,Laagendalsposten ,1910,Kongsberg
202059910,breviksposten,1910,Porsgrunn
200694078,gudbrandsdoelen,1910,Lillehammer
200027870,agder,1910,
200676455,grimstadadressetiden,1910,Grimstad
200694003,gudbrandsdoelen,1910,Lillehammer
200811172,helgelandsblad,1910,
202756666,romsdalstidende,1910,
203303036,buskerudsamtstidendedrammen,1910,
203433302,tvedestrandogomegnsavis,1910,
200928377,lillesandsposten,1910,Lillesand
204668118,Samhold (Gjøvik: 1885-1920) ,1910,Gjøvik
203302862,buskerudsamtstidendedrammen,1910,
202589651,nordlendingen,1910,
202050555,bodotidende,1910,Bodø
203433301,tvedestrandogomegnsavis,1910,
201556789,socialdemokraten,1910,Oslo
202521441,moldeannonceblad,1910,
203358850,oevresmaalenene,1910,Indre Østfold
203463129,vossavis,1910,
201035288,morgenbladet,1910,Oslo
202222764,folketidendetrondheimattennittien,1910,Trondheim
201781540,tromsoestiftstidende,1910,Tromsø
201452111,romerikesblad,1910,Lillestrøm
200790925,hedemarkensamtstidende,1910,Hamar
202040847,bergensannoncetidende,1910,
202944900,aftenposten,1910,Oslo
202500287,listerfarsundatten,1910,
203455726,vestfoldsandefjordatten,1910,
202040856,bergensannoncetidende,1910,
203537348,buskerudsblad,1910,
202521463,moldeannonceblad,1910,
201798042,trondhjemsadresseavis,1910,Trondheim
201345544,osterdolen,1910,Tynset
201556861,socialdemokraten,1910,Oslo
202474884,kristiansundspostenatten,1910,
200044450,agderposten,1910,Arendal
203153706,nordenfjeldsktidende,1910,Levanger
202059995,breviksposten,1910,Porsgrunn
203358869,oevresmaalenene,1910,Indre Østfold
202609837,nordtroenderen,1910,
202621807,norskkundgjoerelsestidende,1910,Oslo
202023498,bergensaftenbladbergenattenattini,1910,Bergen
204628446,unglyden ,1910,Voss
201452172,romerikesblad,1910,Lillestrøm
200564517,foerstemai,1910,Stavanger
201109444,mosstilskuer,1910,Moss
202239742,fredrikshaldsavis,1910,
202554067,namdalensblad,1910,
201833965,valdres,1910,Nord-Aurdal
204151378,fjordenestidende,1910,
202621898,norskkundgjoerelsestidende,1910,Oslo
204670235,Samhold (Gjøvik: 1885-1920) ,1910,Gjøvik
202410678,hordalandfolkeblad,1910,Kvam
202159032,egersundsposten,1910,Eigersund
201979077,akersposten,1910,Oslo
204319115,gjoviksbladattenattifire,1910,
200623902,fremtiden,1910,Drammen
202424225,indlandsposten,1910,
202541171,mossavis,1910,Moss
202541127,mossavis,1910,Moss
203153829,nordenfjeldsktidende,1910,Levanger
202642248,oplandenesavis,1910,Hamar
200885968,kysten,1910,Oslo
200790876,hedemarkensamtstidende,1910,Hamar
203118906,indherred,1910,Steinkjer
202222757,folketidendetrondheimattennittien,1910,Trondheim
202222970,folketidendetrondheimattennittien,1910,Trondheim
202424209,indlandsposten,1910,
202223008,folketidendetrondheimattennittien,1910,Trondheim
201950737,agderposten,1910,Arendal
200866195,kongsbergdagblad,1910,Kongsberg
200693987,gudbrandsdoelen,1910,Lillehammer
201505999,sandefjordsblad,1910,Sandefjord
201833998,valdres,1910,Nord-Aurdal
202059926,breviksposten,1910,Porsgrunn
203153697,nordenfjeldsktidende,1910,Levanger
200019413,aftenposten,1910,Oslo
203433401,tvedestrandogomegnsavis,1910,
200642798,gjengangeren,1910,Horten
200790857,hedemarkensamtstidende,1910,Hamar
201556996,socialdemokraten,1910,Oslo
202944782,aftenposten,1910,Oslo
200602317,fremover,1910,Narvik
203153745,nordenfjeldsktidende,1910,Levanger
202500380,listerfarsundatten,1910,
200911630,lillehammertilskuer,1910,Lillehammer
201556807,socialdemokraten,1910,Oslo
203697083,aftenpostenukensnytt,1910,
201817135,tvedestrandsposten,1910,Tvedestrand
203455689,vestfoldsandefjordatten,1910,
201629286,stjordalensblad,1910,Stjørdal
201798096,trondhjemsadresseavis,1910,Trondheim
202040705,bergensannoncetidende,1910,
202023214,bergensaftenbladbergenattenattini,1910,Bergen
203302875,buskerudsamtstidendedrammen,1910,
202589620,nordlendingen,1910,
202642218,oplandenesavis,1910,Hamar
201797871,trondhjemsadresseavis,1910,Trondheim
201152854,nedenaesamtstidende,1910,Risør
202187086,finmarken,1910,Vardø
201817114,tvedestrandsposten,1910,Tvedestrand
203463190,vossavis,1910,
